combination_id,source_category,source_label,scope_urls,data_sensitivity,persistence,transitive_exposure,scope_count,cross_service_breadth,has_restricted_scope,access_level,risk_label
SC-0000,Student Created,Offline access to actively monitor fitness activity and have access to body metrics and full access to Google Sheets,openid; profile; email; https://www.googleapis.com/auth/fitness.activity.read; https://www.googleapis.com/auth/fitness.body.read; https://www.googleapis.com/auth/spreadsheets,4,1,0,6,3,0,2,Critical
SC-0001,Student Created,"Full online access to YouTube account, including uploading and managing videos. Also includes access to Google Drive files you use with this application.",openid; profile; email; https://www.googleapis.com/auth/youtube; https://www.googleapis.com/auth/drive.file,4,0,0,5,3,0,2,High
SC-0002,Student Created,"Authentication, email adress, personalization data and manage and send drafts as well as read only access to contacts while online.",openid; profile; email; https://www.googleapis.com/auth/contacts.readonly; https://www.googleapis.com/auth/gmail.compose,5,0,1,5,3,0,1,High
SC-0003,Student Created,"Authentication, email adress, personalization data and full offline read/write access to all files in cloud storage and files in drive that you use with this app.",openid; profile; email; https://www.googleapis.com/auth/devstorage.read_write; https://www.googleapis.com/auth/drive.file,4,1,0,5,3,0,1,High
SC-0004,Student Created,"Authentication, email adress, personalization data and full access to photos and cloud storage while online.",openid; profile; email; https://www.googleapis.com/auth/photoslibrary,4,0,0,4,2,0,2,High
SC-0005,Student Created,"Authentication, email adress, personalization data and see, edit, and create Google Docs and Google Presentations while online.",openid; profile; email; https://www.googleapis.com/auth/presentations; https://www.googleapis.com/auth/documents,4,0,0,5,3,0,2,High
SC-0006,Student Created,"Authentication, email adress, personalization data and online access to read all Google Tasks and all Google Calendar events. Offline refresh token",openid; profile; email; https://www.googleapis.com/auth/tasks.readonly; https://www.googleapis.com/auth/calendar.events.readonly,3,0,0,5,3,0,0,Medium
SC-0007,Student Created,"Authentication, email adress, personalization data and online access to managing Firebase and Google Compute Engine resources ",openid; profile; email; https://www.googleapis.com/auth/firebase; https://www.googleapis.com/auth/compute,3,0,0,5,3,0,2,High
SC-0008,Student Created,Online authentication with read only access to AdSense revenue data and YouTube channel analytics.,openid; profile; email; https://www.googleapis.com/auth/adsense.readonly; https://www.googleapis.com/auth/youtube.readonly,3,0,0,5,3,0,0,Medium
SC-0009,Student Created,"Online access to composing, seeing, sending, updating, and deleting messages in Google Chat as well as read only access to contacts.",openid; profile; email; https://www.googleapis.com/auth/chat.messages; https://www.googleapis.com/auth/contacts.readonly,4,0,1,5,3,0,2,High
SC-0010,Student Created,"Online read only access to Google Sheets, Google Documents, Google Presentations and Google Photos",openid; profile; email; https://www.googleapis.com/auth/presentations.readonly; https://www.googleapis.com/auth/documents.readonly; https://www.googleapis.com/auth/photoslibrary.readonly; https://www.googleapis.com/auth/spreadsheets.readonly,4,0,0,7,5,0,0,High
SC-0012,Student Created,Online access to view the email adress of people in your Google Classroom classes aswell as write access to send mail via GMail.,openid; profile; email; https://www.googleapis.com/auth/classroom.profile.emails; https://www.googleapis.com/auth/gmail.send,5,0,1,5,3,1,1,Critical
SC-0013,Student Created,Full offline access to Google BigQuery for data processing and read write access to Google Cloud Storage.,https://www.googleapis.com/auth/bigquery; https://www.googleapis.com/auth/devstorage.read_write,3,1,0,2,2,0,2,High
SC-0014,Student Created,"Full offline access to Firebase data and settings, full access to your Google Sheets, full access to App Scripts projects and deployments",openid; profile; email; https://www.googleapis.com/auth/firebase; https://www.googleapis.com/auth/spreadsheets; https://www.googleapis.com/auth/script.deployments; https://www.googleapis.com/auth/script.projects,4,1,0,7,4,0,2,Critical
SC-0015,Student Created,"Online access to managing permisioning in your domain, reading user directory, and managing email sharing settings.",https://www.googleapis.com/auth/admin.directory.rolemanagement; https://www.googleapis.com/auth/admin.directory.user.readonly; https://www.googleapis.com/auth/gmail.settings.sharing,5,0,1,3,2,1,3,Critical
SC-0016,Student Created,"Online read write access to personal Google Calendar events, Google Keep notes, and Google Tasks.",openid; profile; email; https://www.googleapis.com/auth/keep; https://www.googleapis.com/auth/tasks; https://www.googleapis.com/auth/calendar.events.owned,4,0,0,6,4,1,2,Critical
SC-0018,Student Created,"Full access to composing, sending, updating, and deleting Google Chat messages with read only access to Google Drive.",openid; profile; email; https://www.googleapis.com/auth/chat.messages; https://www.googleapis.com/auth/drive.readonly,4,0,0,5,3,1,2,High
SC-0019,Student Created,"Full offline access to read and write to Google Cloud Storage and manage data transfers between users in your organization, for automated movement of data.",https://www.googleapis.com/auth/devstorage.read_write; https://www.googleapis.com/auth/admin.datatransfer,5,1,1,2,2,0,3,Critical
SC-0020,Student Created,"Full offline access to your Google Blogger account, Google Analytics, and Google App Scripts projects",openid; profile; email; https://www.googleapis.com/auth/blogger; https://www.googleapis.com/auth/analytics; https://www.googleapis.com/auth/script.projects,3,1,0,6,4,0,2,High
SC-0021,Student Created,Basic sign-in only,openid; profile; email,1,0,0,3,1,0,0,Low
SC-0022,Student Created,Minimal sign-in,openid; email,1,0,0,2,1,0,0,Low
SC-0023,Student Created,Profile + email sign-in,openid; profile; email; https://www.googleapis.com/auth/userinfo.email; https://www.googleapis.com/auth/userinfo.profile,1,0,0,5,1,0,0,Low
SC-0024,Student Created,Redundant sign-in scopes,openid; profile; email; https://www.googleapis.com/auth/userinfo.email,1,0,0,4,1,0,0,Low
SC-0025,Student Created,"Online authentication with basic profile info, full access to create and edit Google Docs and Forms, and access to Drive file",openid; profile; email; https://www.googleapis.com/auth/documents; https://www.googleapis.com/auth/forms.body; https://www.googleapis.com/auth/drive.file,4,0,0,6,4,0,2,High
SC-0026,Student Created,"Authentication with profile info, full offline access to firebase and blood glucose levels.",openid; profile; email; https://www.googleapis.com/auth/firebase; https://www.googleapis.com/auth/fitness.blood_glucose.read,4,1,0,5,3,0,2,High
SC-0027,Student Created,"Authentication, read only for gmail and full access to owned calendars",openid; profile; email; https://www.googleapis.com/auth/gmail.readonly; https://www.googleapis.com/auth/calendar.events.owned,5,0,0,5,3,1,1,High
SC-0028,Student Created,"Authentication, access to coursework and grades for students in your classrooms and full access to Google Sheets.",openid; profile; email; https://www.googleapis.com/auth/classroom.coursework.students; https://www.googleapis.com/auth/spreadsheets,4,0,0,5,3,0,2,High
SC-0029,Student Created,Access to inserting data into BigQuery and access to see and download all Google Drive files.,https://www.googleapis.com/auth/bigquery.insertdata; https://www.googleapis.com/auth/drive.readonly,4,0,0,2,2,1,1,Medium
SC-0030,Student Created,Online authentication media uploader to YouTube with full download access to Drive,openid; profile; email; https://www.googleapis.com/auth/drive.readonly; https://www.googleapis.com/auth/youtube.upload,4,0,0,5,3,1,1,High
SC-0031,Student Created,Online authentication with basic profile information that has read access to form responces and abillity to send gmail.,openid; profile; email; https://www.googleapis.com/auth/forms.responses.readonly; https://www.googleapis.com/auth/gmail.send,5,0,0,5,3,1,1,High
SC-0032,Student Created,Offline with read access to your Google Analytics and AdSense data and full access to Google Sheets,openid; profile; email; https://www.googleapis.com/auth/analytics.readonly; https://www.googleapis.com/auth/spreadsheets,4,1,0,5,3,0,2,High
SC-0033,Student Created,"Online authentication and profile information with send/read permisons for gmail, read only for contacts, and full access to drive and spreadsheets.",openid; profile; email; https://www.googleapis.com/auth/gmail.send; https://www.googleapis.com/auth/gmail.readonly; https://www.googleapis.com/auth/spreadsheets; https://www.googleapis.com/auth/drive.file; https://www.googleapis.com/auth/contacts.readonly,5,0,1,8,5,1,2,Critical
SC-0034,Student Created,Online read only access to Google Documents and full access to your Blogger account,openid; profile; email; https://www.googleapis.com/auth/blogger; https://www.googleapis.com/auth/documents.readonly,4,0,0,5,3,0,2,High
SC-0035,Student Created,"Authentication with offline access to modify your Google Drive App Scripts, Google App Scripts, and Google Drive Activity.",openid; profile; email; https://www.googleapis.com/auth/drive.scripts; https://www.googleapis.com/auth/script.projects; https://www.googleapis.com/auth/drive.activity,4,1,0,6,3,0,1,High
SC-0036,Student Created,"Online authentication, access to read only data coming from forms you own and full access to modify calendars you own.",openid; profile; email; https://www.googleapis.com/auth/forms.responses.readonly; https://www.googleapis.com/auth/calendar.events.owned,3,0,0,5,3,0,1,Medium
SC-0037,Student Created,Online authentication read only access to gmail and full access to Google Chat.,openid; profile; email; https://www.googleapis.com/auth/gmail.addons.current.message.readonly; https://www.googleapis.com/auth/chat.messages,5,0,0,5,3,0,2,Critical
SC-0038,Student Created,Online read only access to Google Chat messages and full access to modify s you own.,openid; profile; email; https://www.googleapis.com/auth/calendar.events.owned; https://www.googleapis.com/auth/chat.messages.readonly,4,0,0,5,3,0,1,High
SC-0039,Student Created,"Offline full access to BigQuery, read write access to Cloud Storage, and full access to Google Sheets.",https://www.googleapis.com/auth/bigquery; https://www.googleapis.com/auth/devstorage.read_write; https://www.googleapis.com/auth/spreadsheets,4,1,0,3,3,0,2,High
SC-0040,Student Created,Online authentication with ability to send Gmail notifications and access to view and manage data transfers between users in your organization.,openid; profile; email; https://www.googleapis.com/auth/gmail.send; https://www.googleapis.com/auth/admin.datatransfer,5,0,1,5,3,1,3,Critical
SC-0041,Student Created,Offline access to read google drive activity and send mail via gmail on your behalf.,openid; profile; email; https://www.googleapis.com/auth/drive.activity.readonly; https://www.googleapis.com/auth/gmail.send,5,1,0,5,3,1,1,Critical
SC-0042,Student Created,Online access to managing your email labels and read only access to email metadata.,openid; profile; email; https://www.googleapis.com/auth/gmail.labels; https://www.googleapis.com/auth/gmail.metadata,5,0,0,5,2,0,1,High
SC-0043,Student Created,Online read-only access to your Firebase data as well as Google Compute data and full access to Google Sheets.,openid; profile; email; https://www.googleapis.com/auth/compute.readonly; https://www.googleapis.com/auth/firebase.readonly; https://www.googleapis.com/auth/spreadsheets,4,0,0,6,4,0,2,High
SC-0044,Student Created,Offline read-only access to Google Firebase and Google Analytics data,openid; profile; email; https://www.googleapis.com/auth/firebase.readonly; https://www.googleapis.com/auth/analytics.readonly,3,1,0,5,3,0,0,Medium
SC-0045,Student Created,"Online read-only access to Google Sheets, access to provisioning of domains for users, role management, and data access permisions for users in your domain.",https://www.googleapis.com/auth/admin.directory.user.security; https://www.googleapis.com/auth/admin.directory.domain; https://www.googleapis.com/auth/admin.directory.rolemanagement; https://www.googleapis.com/auth/spreadsheets.readonly,5,0,1,4,2,0,3,Critical
SC-0046,Student Created,"Online access send emails on your behalf, read only access to the emails of people in your classrooms, and read only access to all events on your Google Calendar.",openid; profile; email; https://www.googleapis.com/auth/gmail.send; https://www.googleapis.com/auth/classroom.profile.emails; https://www.googleapis.com/auth/calendar.events.readonly,5,0,1,6,4,1,1,Critical
SC-0047,Student Created,Online full access to groups and read only access to your contacts.,openid; profile; email; https://www.googleapis.com/auth/groups; https://www.googleapis.com/auth/contacts.readonly,4,0,1,5,3,0,2,High
SC-0048,Student Created,Online read only access to AdSense data and Analytics,openid; profile; email; https://www.googleapis.com/auth/adsense.readonly; https://www.googleapis.com/auth/analytics.readonly,2,0,0,5,3,0,0,Medium
SC-0049,Student Created,"Online access to append to Google Photos library, read all Google Chat messages, and read Gmail messages when the add-on is active ",openid; profile; email; https://www.googleapis.com/auth/photoslibrary.appendonly; https://www.googleapis.com/auth/chat.messages.readonly; https://www.googleapis.com/auth/gmail.addons.current.message.readonly,5,0,0,6,4,0,1,High
SC-0050,Published Attack Patterns,Full data exfiltration via consent phishing.,https://mail.google.com/; https://www.googleapis.com/auth/drive; https://www.googleapis.com/auth/contacts,5,1,1,3,3,1,2,Critical
SC-0051,Published Attack Patterns,"Consent phishing targeting email, contacts, and calendar.",https://mail.google.com/; https://www.googleapis.com/auth/contacts; https://www.googleapis.com/auth/calendar,5,1,1,3,3,1,2,Critical
SC-0052,Published Attack Patterns,Send-as phishing with contact harvesting.,https://www.googleapis.com/auth/gmail.send; https://www.googleapis.com/auth/contacts.readonly,5,1,1,2,2,1,1,Critical
SC-0053,Published Attack Patterns,Full Gmail takeover via a single scope.,https://mail.google.com/,5,1,0,1,1,1,2,High
SC-0054,Published Attack Patterns,Persistent Drive access via token abuse.,https://www.googleapis.com/auth/drive,4,1,0,1,1,1,2,High
SC-0055,Published Attack Patterns,Comprehensive spearphishing setup.,https://www.googleapis.com/auth/gmail.send; https://www.googleapis.com/auth/gmail.readonly; https://www.googleapis.com/auth/drive; https://www.googleapis.com/auth/contacts,5,1,1,4,3,1,2,Critical
SC-0056,Published Attack Patterns,Email impersonation setup.,https://www.googleapis.com/auth/gmail.send; https://www.googleapis.com/auth/gmail.readonly; https://www.googleapis.com/auth/contacts.readonly,5,1,1,3,2,1,1,Critical
SC-0057,Published Attack Patterns,Full email access with forwarding rule injection.,https://mail.google.com/; https://www.googleapis.com/auth/gmail.settings.sharing,5,1,0,2,1,1,2,High
SC-0058,Published Attack Patterns,Email modification with filter manipulation.,https://www.googleapis.com/auth/gmail.modify; https://www.googleapis.com/auth/gmail.settings.basic,5,1,0,2,1,1,1,High
SC-0059,Published Attack Patterns,Admin account takeover.,https://www.googleapis.com/auth/admin.directory.user; https://www.googleapis.com/auth/admin.directory.user.security; https://www.googleapis.com/auth/admin.directory.rolemanagement,5,1,1,3,1,0,3,Critical
SC-0060,Published Attack Patterns,Cloud infrastructure compromise.,https://www.googleapis.com/auth/cloud-platform; https://www.googleapis.com/auth/compute,3,1,1,2,2,0,3,Critical
SC-0061,Published Attack Patterns,Full domain admin compromise.,https://www.googleapis.com/auth/admin.directory.user; https://www.googleapis.com/auth/admin.directory.group; https://www.googleapis.com/auth/admin.directory.domain; https://www.googleapis.com/auth/admin.datatransfer,5,1,1,4,1,0,3,Critical
SC-0062,Published Attack Patterns,Admin plus full email access enables user impersonation.,https://www.googleapis.com/auth/admin.directory.user; https://mail.google.com/,5,1,1,2,2,1,3,Critical
SC-0063,Published Attack Patterns,Document exfiltration targeting all file types.,https://www.googleapis.com/auth/drive; https://www.googleapis.com/auth/documents; https://www.googleapis.com/auth/spreadsheets,4,1,0,3,3,1,2,Critical
SC-0064,Published Attack Patterns,Passive surveillance using read-only scopes.,https://www.googleapis.com/auth/drive.readonly; https://www.googleapis.com/auth/gmail.readonly; https://www.googleapis.com/auth/calendar.acls.readonly; https://www.googleapis.com/auth/directory.readonly,5,1,1,4,4,1,0,Critical
SC-0065,Published Attack Patterns,"Personal data theft targeting photos, files, and contacts.",https://www.googleapis.com/auth/photoslibrary; https://www.googleapis.com/auth/drive; https://www.googleapis.com/auth/contacts,4,1,1,3,3,1,2,Critical
SC-0066,Published Attack Patterns,Credential harvesting from notes and files.,https://www.googleapis.com/auth/keep; https://www.googleapis.com/auth/drive; https://www.googleapis.com/auth/gmail.readonly,5,1,0,3,3,1,2,Critical
SC-0067,Published Attack Patterns,"Health data theft from Google Fitness. Medical data including blood glucose, blood pressure, heart rate, and body measurements is highly sensitive and subject to health privacy regulations.",https://www.googleapis.com/auth/fitness.blood_glucose.read; https://www.googleapis.com/auth/fitness.blood_pressure.read; https://www.googleapis.com/auth/fitness.heart_rate.read; https://www.googleapis.com/auth/fitness.body.read,4,1,0,4,1,0,0,Medium
SC-0068,Published Attack Patterns,Massively over-privileged app requesting access to six distinct services.,https://mail.google.com/; https://www.googleapis.com/auth/drive; https://www.googleapis.com/auth/calendar; https://www.googleapis.com/auth/contacts; https://www.googleapis.com/auth/tasks; https://www.googleapis.com/auth/keep,5,1,1,6,6,1,2,Critical
SC-0069,Published Attack Patterns,"Maximum privilege request spanning cloud infrastructure, email, files, and user administration",https://www.googleapis.com/auth/cloud-platform; https://mail.google.com/; https://www.googleapis.com/auth/drive; https://www.googleapis.com/auth/admin.directory.user,5,1,1,4,4,1,3,Critical
SC-0070,Published Attack Patterns,Kitchen-sink scope request spanning six unrelated services.,https://www.googleapis.com/auth/gmail.modify; https://www.googleapis.com/auth/drive; https://www.googleapis.com/auth/calendar; https://www.googleapis.com/auth/contacts; https://www.googleapis.com/auth/youtube; https://www.googleapis.com/auth/photoslibrary,5,1,1,6,6,1,2,Critical
SC-0071,Github Manifest Combinations,"A desktop email client requires full mailbox access to display, compose, and delete emails",https://mail.google.com/; https://www.googleapis.com/auth/directory.readonly,5,1,1,2,2,1,2,Critical
SC-0072,Github Manifest Combinations,"Webmail managers need to read and modify emails (move, archive, label) and manage labels for folder-like organization.",https://www.googleapis.com/auth/gmail.modify; https://www.googleapis.com/auth/gmail.labels; https://www.googleapis.com/auth/contacts.other.readonly,5,1,0,3,2,1,1,High
SC-0073,Github Manifest Combinations,"A helpdesk reads incoming support emails, drafts responses using templates, and sends replies.",https://www.googleapis.com/auth/gmail.readonly; https://www.googleapis.com/auth/gmail.send; https://www.googleapis.com/auth/gmail.compose,5,1,0,3,1,1,1,High
SC-0074,Github Manifest Combinations,"A CRM reads emails to log conversation history, sends outreach emails, reads contacts to build the lead database, and accesses calendar events to track meetings.",https://www.googleapis.com/auth/gmail.send; https://www.googleapis.com/auth/gmail.readonly; https://www.googleapis.com/auth/contacts.readonly; https://www.googleapis.com/auth/calendar.events,5,1,1,4,3,1,1,Critical
SC-0075,Github Manifest Combinations,"Sales platforms need write access to contacts, email sending, calendar access, and app-specific Drive access.",https://www.googleapis.com/auth/contacts; https://www.googleapis.com/auth/gmail.send; https://www.googleapis.com/auth/calendar.events; https://www.googleapis.com/auth/drive.file,5,1,1,4,4,1,2,Critical
SC-0076,Github Manifest Combinations,A read-only CRM sync only ingests data without modifying the user's account,https://www.googleapis.com/auth/gmail.readonly; https://www.googleapis.com/auth/contacts.readonly; https://www.googleapis.com/auth/calendar.calendars.readonly,5,1,1,3,3,1,0,Critical
SC-0077,Github Manifest Combinations,"A project management tool syncs calendar events to show deadlines on a project timeline, syncs tasks for to-do tracking, and attaches files from Drive to cards or tickets.",https://www.googleapis.com/auth/calendar.events; https://www.googleapis.com/auth/tasks; https://www.googleapis.com/auth/drive.file,4,0,0,3,3,0,2,High
SC-0078,Github Manifest Combinations,Some open-source tools store their board state in a Google Sheet rather than a dedicated database,https://www.googleapis.com/auth/drive.file; https://www.googleapis.com/auth/spreadsheets,4,0,0,2,2,0,2,Medium
SC-0079,Github Manifest Combinations,Time trackers only need to observe the user's calendar and tasks to log time automatically.,https://www.googleapis.com/auth/calendar.events.readonly; https://www.googleapis.com/auth/tasks.readonly,3,0,0,2,2,0,0,Low
SC-0080,Github Manifest Combinations,A backup tool must access the user's complete data across all services.,https://mail.google.com/; https://www.googleapis.com/auth/drive; https://www.googleapis.com/auth/calendar; https://www.googleapis.com/auth/contacts,5,1,1,4,4,1,2,Critical
SC-0081,Github Manifest Combinations,Migration tools need full Drive access plus explicit Docs and Sheets scopes to preserve native document formatting during cross-platform transfers.,https://www.googleapis.com/auth/drive; https://www.googleapis.com/auth/calendar; https://www.googleapis.com/auth/spreadsheets,4,1,0,3,3,1,2,Critical
SC-0082,Github Manifest Combinations,An email archiver reads all mail and optionally reads Drive attachments for a complete archive.,https://www.googleapis.com/auth/gmail.readonly; https://www.googleapis.com/auth/drive.readonly,5,1,0,2,2,1,0,High
SC-0083,Github Manifest Combinations,"A mail merge reads recipient lists from a spreadsheet, sends personalized emails, and accesses Drive for email template files.",https://www.googleapis.com/auth/spreadsheets; https://www.googleapis.com/auth/gmail.send; https://www.googleapis.com/auth/drive.file,5,0,0,3,3,1,2,Critical
SC-0084,Github Manifest Combinations,Similar to mail merge but uses contacts for recipient data instead of or in addition to a spreadsheet.,https://www.googleapis.com/auth/spreadsheets; https://www.googleapis.com/auth/gmail.send; https://www.googleapis.com/auth/contacts.readonly,5,0,1,3,3,1,2,Critical
SC-0085,Github Manifest Combinations,General-purpose automation platforms need broad access because they execute user-defined workflows that may span multiple services,https://www.googleapis.com/auth/script.projects; https://www.googleapis.com/auth/drive; https://www.googleapis.com/auth/spreadsheets; https://www.googleapis.com/auth/gmail.send,5,1,0,4,4,1,2,Critical
SC-0086,Github Manifest Combinations,"A form auto-responder watches for new form submissions, logs responses to a spreadsheet for record-keeping, and sends a confirmation email to each respondent.",https://www.googleapis.com/auth/forms.body; https://www.googleapis.com/auth/forms.responses.readonly; https://www.googleapis.com/auth/spreadsheets; https://www.googleapis.com/auth/gmail.send,5,0,0,4,3,1,2,Critical
SC-0087,Github Manifest Combinations,These tools pull Google Analytics data and write it to a spreadsheet for custom dashboarding.,https://www.googleapis.com/auth/analytics.readonly; https://www.googleapis.com/auth/spreadsheets,4,0,0,2,2,0,2,Medium
SC-0088,Github Manifest Combinations,"For large-scale analytics, data is piped from Google Analytics into BigQuery for SQL-based analysis.",https://www.googleapis.com/auth/analytics; https://www.googleapis.com/auth/bigquery,3,0,0,2,2,0,2,Medium
SC-0089,Github Manifest Combinations,Security teams export Workspace audit logs to spreadsheets for compliance reporting.,https://www.googleapis.com/auth/admin.directory.user.readonly; https://www.googleapis.com/auth/spreadsheets,5,0,1,2,2,0,2,High
SC-0090,Github Manifest Combinations,These tools read video files from Drive and upload them to YouTube on a schedule. Offline refresh token,https://www.googleapis.com/auth/youtube.upload; https://www.googleapis.com/auth/drive.readonly,4,0,0,2,2,1,1,Medium
SC-0091,Github Manifest Combinations,Creator dashboards need full YouTube access for channel management plus analytics for performance metrics.,https://www.googleapis.com/auth/youtube; https://www.googleapis.com/auth/analytics.readonly,3,1,0,2,2,0,2,High
SC-0092,Github Manifest Combinations,"Photo organizers sync between Google Photos and Drive folders, requiring full access to both services.",https://www.googleapis.com/auth/photoslibrary; https://www.googleapis.com/auth/drive,4,1,0,2,2,1,2,High
SC-0093,Github Manifest Combinations,"A learning management system integration needs to read and create courses, access class rosters for enrollment sync, attach files to assignments via Drive, and create quizzes via Forms.",https://www.googleapis.com/auth/classroom.courses; https://www.googleapis.com/auth/classroom.rosters; https://www.googleapis.com/auth/drive.file; https://www.googleapis.com/auth/forms.body,4,0,1,4,3,0,2,High
SC-0094,Github Manifest Combinations,"A grade notification tool reads student coursework and grades, exports them to a spreadsheet for record-keeping, and sends email notifications to students or parents.",https://www.googleapis.com/auth/classroom.coursework.students; https://www.googleapis.com/auth/spreadsheets; https://www.googleapis.com/auth/gmail.send,5,0,0,3,3,1,2,Critical
SC-0095,Github Manifest Combinations,A reminder bot reads upcoming calendar events and sends notification messages into Chat spaces.,https://www.googleapis.com/auth/chat.messages; https://www.googleapis.com/auth/chat.spaces; https://www.googleapis.com/auth/calendar.events.readonly,4,0,0,3,2,0,2,High
SC-0096,Github Manifest Combinations,A file sharing bot allows users to search and share Drive files directly within Chat.,https://www.googleapis.com/auth/chat.messages; https://www.googleapis.com/auth/drive.readonly,4,0,0,2,2,1,2,High
SC-0097,Github Manifest Combinations,The minimal sign-in scope set used by virtually every web application offering Google SSO.,openid; email; profile,1,0,0,3,1,0,0,Low
SC-0098,Github Manifest Combinations,Some OAuth libraries request the explicit userinfo scopes alongside the shorthand scopes.,openid; email; https://www.googleapis.com/auth/userinfo.email; https://www.googleapis.com/auth/userinfo.profile,1,0,0,4,1,0,0,Low
SC-0099,Github Manifest Combinations,"IT admin tools manage user accounts, group memberships, and security settings.",https://www.googleapis.com/auth/admin.directory.user; https://www.googleapis.com/auth/admin.directory.group; https://www.googleapis.com/auth/admin.directory.user.security,5,1,1,3,1,0,3,Critical
SC-0100,Github Manifest Combinations,Security dashboards need read-only access to the user directory (to identify accounts) and audit logs.  Offline refresh token,https://www.googleapis.com/auth/admin.directory.user.readonly; https://www.googleapis.com/auth/admin.reports.audit.readonly,5,0,1,2,1,0,0,Medium
SC-0101,Github Manifest Combinations,"Domain migration requires user management (to recreate accounts), data transfer, and domain provisioning.",https://www.googleapis.com/auth/admin.directory.user; https://www.googleapis.com/auth/admin.datatransfer; https://www.googleapis.com/auth/admin.directory.domain,5,1,1,3,1,0,3,Critical
SC-0102,Github Manifest Combinations,Data pipelines move data between Cloud Storage and BigQuery. ,https://www.googleapis.com/auth/devstorage.read_write; https://www.googleapis.com/auth/bigquery,3,0,0,2,2,0,2,Medium
SC-0103,Github Manifest Combinations,"service: Cloud, access_type: read, google_classification: sensitive; service: Compute, access_type: read, google_classification: sensitive; Online access only",https://www.googleapis.com/auth/cloud-platform.read-only; https://www.googleapis.com/auth/compute.readonly,3,0,0,2,2,0,0,Low
SC-0104,Strategy A: Boolean Switching,"service: Identity, access_type: read, google_classification: non_sensitive; service: Identity, access_type: read, google_classification: non_sensitive; service: Identity, access_type: read, google_classification: non_sensitive; service: Fitness, access_type: read, google_classification: sensitive; service: Fitness, access_type: read, google_classification: sensitive; service: Sheets, access_type: full_access, google_classification: sensitive; Online access only",openid; profile; email; https://www.googleapis.com/auth/fitness.activity.read; https://www.googleapis.com/auth/fitness.body.read; https://www.googleapis.com/auth/spreadsheets,4,0,0,6,3,0,2,High
SC-0105,Strategy A: Boolean Switching,"service: Identity, access_type: read, google_classification: non_sensitive; service: Identity, access_type: read, google_classification: non_sensitive; service: Identity, access_type: read, google_classification: non_sensitive; service: YouTube, access_type: full_access, google_classification: sensitive; service: Drive, access_type: read_write, google_classification: non_sensitive; Offline refresh token",openid; profile; email; https://www.googleapis.com/auth/youtube; https://www.googleapis.com/auth/drive.file,4,1,0,5,3,0,2,High
SC-0106,Strategy A: Boolean Switching,"service: Identity, access_type: read, google_classification: non_sensitive; service: Identity, access_type: read, google_classification: non_sensitive; service: Identity, access_type: read, google_classification: non_sensitive; service: Contacts, access_type: read, google_classification: sensitive; service: Gmail, access_type: write, google_classification: sensitive; Offline refresh token",openid; profile; email; https://www.googleapis.com/auth/contacts.readonly; https://www.googleapis.com/auth/gmail.compose,5,1,1,5,3,0,1,Critical
SC-0107,Strategy A: Boolean Switching,"service: Identity, access_type: read, google_classification: non_sensitive; service: Identity, access_type: read, google_classification: non_sensitive; service: Identity, access_type: read, google_classification: non_sensitive; service: Cloud Storage, access_type: read_write, google_classification: sensitive; service: Drive, access_type: read_write, google_classification: non_sensitive; Online access only",openid; profile; email; https://www.googleapis.com/auth/devstorage.read_write; https://www.googleapis.com/auth/drive.file,4,0,0,5,3,0,1,High
SC-0108,Strategy A: Boolean Switching,"service: Identity, access_type: read, google_classification: non_sensitive; service: Identity, access_type: read, google_classification: non_sensitive; service: Identity, access_type: read, google_classification: non_sensitive; service: Photos, access_type: full_access, google_classification: sensitive; Offline refresh token",openid; profile; email; https://www.googleapis.com/auth/photoslibrary,4,1,0,4,2,0,2,High
SC-0109,Strategy A: Boolean Switching,"service: Identity, access_type: read, google_classification: non_sensitive; service: Identity, access_type: read, google_classification: non_sensitive; service: Identity, access_type: read, google_classification: non_sensitive; service: Slides, access_type: full_access, google_classification: sensitive; service: Docs, access_type: full_access, google_classification: sensitive; Offline refresh token",openid; profile; email; https://www.googleapis.com/auth/presentations; https://www.googleapis.com/auth/documents,4,1,0,5,3,0,2,High
SC-0110,Strategy A: Boolean Switching,"service: Identity, access_type: read, google_classification: non_sensitive; service: Identity, access_type: read, google_classification: non_sensitive; service: Identity, access_type: read, google_classification: non_sensitive; service: Tasks, access_type: read, google_classification: sensitive; service: Calendar, access_type: read, google_classification: sensitive; Offline refresh token",openid; profile; email; https://www.googleapis.com/auth/tasks.readonly; https://www.googleapis.com/auth/calendar.events.readonly,3,1,0,5,3,0,0,Medium
SC-0111,Strategy A: Boolean Switching,"service: Identity, access_type: read, google_classification: non_sensitive; service: Identity, access_type: read, google_classification: non_sensitive; service: Identity, access_type: read, google_classification: non_sensitive; service: Firebase, access_type: full_access, google_classification: sensitive; service: Compute, access_type: full_access, google_classification: sensitive; Offline refresh token",openid; profile; email; https://www.googleapis.com/auth/firebase; https://www.googleapis.com/auth/compute,3,1,0,5,3,0,2,High
SC-0112,Strategy A: Boolean Switching,"service: Identity, access_type: read, google_classification: non_sensitive; service: Identity, access_type: read, google_classification: non_sensitive; service: Identity, access_type: read, google_classification: non_sensitive; service: AdSense, access_type: read, google_classification: non_sensitive; service: YouTube, access_type: read, google_classification: sensitive; Offline refresh token",openid; profile; email; https://www.googleapis.com/auth/adsense.readonly; https://www.googleapis.com/auth/youtube.readonly,3,1,0,5,3,0,0,Medium
SC-0113,Strategy A: Boolean Switching,"service: Identity, access_type: read, google_classification: non_sensitive; service: Identity, access_type: read, google_classification: non_sensitive; service: Identity, access_type: read, google_classification: non_sensitive; service: Chat, access_type: full_access, google_classification: sensitive; service: Contacts, access_type: read, google_classification: sensitive; Offline refresh token",openid; profile; email; https://www.googleapis.com/auth/chat.messages; https://www.googleapis.com/auth/contacts.readonly,4,1,1,5,3,0,2,Critical
SC-0114,Strategy A: Boolean Switching,"service: Identity, access_type: read, google_classification: non_sensitive; service: Identity, access_type: read, google_classification: non_sensitive; service: Identity, access_type: read, google_classification: non_sensitive; service: Slides, access_type: read, google_classification: sensitive; service: Docs, access_type: read, google_classification: sensitive; service: Photos, access_type: read, google_classification: sensitive; service: Sheets, access_type: read, google_classification: sensitive; Offline refresh token",openid; profile; email; https://www.googleapis.com/auth/presentations.readonly; https://www.googleapis.com/auth/documents.readonly; https://www.googleapis.com/auth/photoslibrary.readonly; https://www.googleapis.com/auth/spreadsheets.readonly,4,1,0,7,5,0,0,High
SC-0116,Strategy A: Boolean Switching,"service: Identity, access_type: read, google_classification: non_sensitive; service: Identity, access_type: read, google_classification: non_sensitive; service: Identity, access_type: read, google_classification: non_sensitive; service: Classroom, access_type: read, google_classification: sensitive; service: Gmail, access_type: write, google_classification: restricted; Offline refresh token",openid; profile; email; https://www.googleapis.com/auth/classroom.profile.emails; https://www.googleapis.com/auth/gmail.send,5,1,1,5,3,1,1,Critical
SC-0117,Strategy A: Boolean Switching,"service: BigQuery, access_type: full_access, google_classification: sensitive; service: Cloud Storage, access_type: read_write, google_classification: sensitive; Offline refresh token",https://www.googleapis.com/auth/bigquery; https://www.googleapis.com/auth/devstorage.read_write,3,0,0,2,2,0,2,Medium
SC-0118,Strategy A: Boolean Switching,"service: Identity, access_type: read, google_classification: non_sensitive; service: Identity, access_type: read, google_classification: non_sensitive; service: Identity, access_type: read, google_classification: non_sensitive; service: Firebase, access_type: full_access, google_classification: sensitive; service: Sheets, access_type: full_access, google_classification: sensitive; service: Apps Script, access_type: write, google_classification: sensitive; service: Apps Script, access_type: write, google_classification: sensitive; Online access only",openid; profile; email; https://www.googleapis.com/auth/firebase; https://www.googleapis.com/auth/spreadsheets; https://www.googleapis.com/auth/script.deployments; https://www.googleapis.com/auth/script.projects,4,0,0,7,4,0,2,High
SC-0119,Strategy A: Boolean Switching,"service: Admin, access_type: full_access, google_classification: sensitive; service: Admin, access_type: read, google_classification: sensitive; service: Gmail, access_type: write, google_classification: restricted; Offline refresh token",https://www.googleapis.com/auth/admin.directory.rolemanagement; https://www.googleapis.com/auth/admin.directory.user.readonly; https://www.googleapis.com/auth/gmail.settings.sharing,5,1,1,3,2,1,3,Critical
SC-0120,Strategy A: Boolean Switching,"service: Identity, access_type: read, google_classification: non_sensitive; service: Identity, access_type: read, google_classification: non_sensitive; service: Identity, access_type: read, google_classification: non_sensitive; service: Keep, access_type: full_access, google_classification: restricted; service: Tasks, access_type: full_access, google_classification: sensitive; service: Calendar, access_type: read_write, google_classification: sensitive; Offline refresh token",openid; profile; email; https://www.googleapis.com/auth/keep; https://www.googleapis.com/auth/tasks; https://www.googleapis.com/auth/calendar.events.owned,4,1,0,6,4,1,2,Critical
SC-0122,Strategy A: Boolean Switching,"service: Identity, access_type: read, google_classification: non_sensitive; service: Identity, access_type: read, google_classification: non_sensitive; service: Identity, access_type: read, google_classification: non_sensitive; service: Chat, access_type: full_access, google_classification: sensitive; service: Drive, access_type: read, google_classification: restricted; Offline refresh token",openid; profile; email; https://www.googleapis.com/auth/chat.messages; https://www.googleapis.com/auth/drive.readonly,4,1,0,5,3,1,2,Critical
SC-0123,Strategy A: Boolean Switching,"service: Cloud Storage, access_type: read_write, google_classification: sensitive; service: Admin, access_type: read_write, google_classification: sensitive; Online access only",https://www.googleapis.com/auth/devstorage.read_write; https://www.googleapis.com/auth/admin.datatransfer,5,0,1,2,2,0,3,High
SC-0124,Strategy A: Boolean Switching,"service: Identity, access_type: read, google_classification: non_sensitive; service: Identity, access_type: read, google_classification: non_sensitive; service: Identity, access_type: read, google_classification: non_sensitive; service: Blogger, access_type: full_access, google_classification: sensitive; service: Analytics, access_type: full_access, google_classification: sensitive; service: Apps Script, access_type: write, google_classification: sensitive; Online access only",openid; profile; email; https://www.googleapis.com/auth/blogger; https://www.googleapis.com/auth/analytics; https://www.googleapis.com/auth/script.projects,3,0,0,6,4,0,2,High
SC-0125,Strategy A: Boolean Switching,"service: Identity, access_type: read, google_classification: non_sensitive; service: Identity, access_type: read, google_classification: non_sensitive; service: Identity, access_type: read, google_classification: non_sensitive; Offline refresh token",openid; profile; email,1,1,0,3,1,0,0,Low
SC-0126,Strategy A: Boolean Switching,"service: Identity, access_type: read, google_classification: non_sensitive; service: Identity, access_type: read, google_classification: non_sensitive; Offline refresh token",openid; email,1,1,0,2,1,0,0,Low
SC-0127,Strategy A: Boolean Switching,"service: Identity, access_type: read, google_classification: non_sensitive; service: Identity, access_type: read, google_classification: non_sensitive; service: Identity, access_type: read, google_classification: non_sensitive; service: Identity, access_type: read, google_classification: non_sensitive; service: Identity, access_type: read, google_classification: non_sensitive; Offline refresh token",openid; profile; email; https://www.googleapis.com/auth/userinfo.email; https://www.googleapis.com/auth/userinfo.profile,1,1,0,5,1,0,0,Medium
SC-0128,Strategy A: Boolean Switching,"service: Identity, access_type: read, google_classification: non_sensitive; service: Identity, access_type: read, google_classification: non_sensitive; service: Identity, access_type: read, google_classification: non_sensitive; service: Identity, access_type: read, google_classification: non_sensitive; Offline refresh token",openid; profile; email; https://www.googleapis.com/auth/userinfo.email,1,1,0,4,1,0,0,Medium
SC-0129,Strategy A: Boolean Switching,"service: Identity, access_type: read, google_classification: non_sensitive; service: Identity, access_type: read, google_classification: non_sensitive; service: Identity, access_type: read, google_classification: non_sensitive; service: Docs, access_type: full_access, google_classification: sensitive; service: Forms, access_type: full_access, google_classification: sensitive; service: Drive, access_type: read_write, google_classification: non_sensitive; Offline refresh token",openid; profile; email; https://www.googleapis.com/auth/documents; https://www.googleapis.com/auth/forms.body; https://www.googleapis.com/auth/drive.file,4,1,0,6,4,0,2,Critical
SC-0130,Strategy A: Boolean Switching,"service: Identity, access_type: read, google_classification: non_sensitive; service: Identity, access_type: read, google_classification: non_sensitive; service: Identity, access_type: read, google_classification: non_sensitive; service: Firebase, access_type: full_access, google_classification: sensitive; service: Fitness, access_type: read, google_classification: sensitive; Online access only",openid; profile; email; https://www.googleapis.com/auth/firebase; https://www.googleapis.com/auth/fitness.blood_glucose.read,4,0,0,5,3,0,2,High
SC-0131,Strategy A: Boolean Switching,"service: Identity, access_type: read, google_classification: non_sensitive; service: Identity, access_type: read, google_classification: non_sensitive; service: Identity, access_type: read, google_classification: non_sensitive; service: Gmail, access_type: read, google_classification: restricted; service: Calendar, access_type: read_write, google_classification: sensitive; Offline refresh token",openid; profile; email; https://www.googleapis.com/auth/gmail.readonly; https://www.googleapis.com/auth/calendar.events.owned,5,1,0,5,3,1,1,Critical
SC-0132,Strategy A: Boolean Switching,"service: Identity, access_type: read, google_classification: non_sensitive; service: Identity, access_type: read, google_classification: non_sensitive; service: Identity, access_type: read, google_classification: non_sensitive; service: Classroom, access_type: read_write, google_classification: sensitive; service: Sheets, access_type: full_access, google_classification: sensitive; Offline refresh token",openid; profile; email; https://www.googleapis.com/auth/classroom.coursework.students; https://www.googleapis.com/auth/spreadsheets,4,1,0,5,3,0,2,High
SC-0133,Strategy A: Boolean Switching,"service: BigQuery, access_type: write, google_classification: sensitive; service: Drive, access_type: read, google_classification: restricted; Offline refresh token",https://www.googleapis.com/auth/bigquery.insertdata; https://www.googleapis.com/auth/drive.readonly,4,1,0,2,2,1,1,High
SC-0134,Strategy A: Boolean Switching,"service: Identity, access_type: read, google_classification: non_sensitive; service: Identity, access_type: read, google_classification: non_sensitive; service: Identity, access_type: read, google_classification: non_sensitive; service: Drive, access_type: read, google_classification: restricted; service: YouTube, access_type: write, google_classification: sensitive; Offline refresh token",openid; profile; email; https://www.googleapis.com/auth/drive.readonly; https://www.googleapis.com/auth/youtube.upload,4,1,0,5,3,1,1,High
SC-0135,Strategy A: Boolean Switching,"service: Identity, access_type: read, google_classification: non_sensitive; service: Identity, access_type: read, google_classification: non_sensitive; service: Identity, access_type: read, google_classification: non_sensitive; service: Forms, access_type: read, google_classification: sensitive; service: Gmail, access_type: write, google_classification: restricted; Offline refresh token",openid; profile; email; https://www.googleapis.com/auth/forms.responses.readonly; https://www.googleapis.com/auth/gmail.send,5,1,0,5,3,1,1,Critical
SC-0136,Strategy A: Boolean Switching,"service: Identity, access_type: read, google_classification: non_sensitive; service: Identity, access_type: read, google_classification: non_sensitive; service: Identity, access_type: read, google_classification: non_sensitive; service: Analytics, access_type: read, google_classification: non_sensitive; service: Sheets, access_type: full_access, google_classification: sensitive; Online access only",openid; profile; email; https://www.googleapis.com/auth/analytics.readonly; https://www.googleapis.com/auth/spreadsheets,4,0,0,5,3,0,2,High
SC-0137,Strategy A: Boolean Switching,"service: Identity, access_type: read, google_classification: non_sensitive; service: Identity, access_type: read, google_classification: non_sensitive; service: Identity, access_type: read, google_classification: non_sensitive; service: Gmail, access_type: write, google_classification: restricted; service: Gmail, access_type: read, google_classification: restricted; service: Sheets, access_type: full_access, google_classification: sensitive; service: Drive, access_type: read_write, google_classification: non_sensitive; service: Contacts, access_type: read, google_classification: sensitive; Offline refresh token",openid; profile; email; https://www.googleapis.com/auth/gmail.send; https://www.googleapis.com/auth/gmail.readonly; https://www.googleapis.com/auth/spreadsheets; https://www.googleapis.com/auth/drive.file; https://www.googleapis.com/auth/contacts.readonly,5,1,1,8,5,1,2,Critical
SC-0138,Strategy A: Boolean Switching,"service: Identity, access_type: read, google_classification: non_sensitive; service: Identity, access_type: read, google_classification: non_sensitive; service: Identity, access_type: read, google_classification: non_sensitive; service: Blogger, access_type: full_access, google_classification: sensitive; service: Docs, access_type: read, google_classification: sensitive; Offline refresh token",openid; profile; email; https://www.googleapis.com/auth/blogger; https://www.googleapis.com/auth/documents.readonly,4,1,0,5,3,0,2,High
SC-0139,Strategy A: Boolean Switching,"service: Identity, access_type: read, google_classification: non_sensitive; service: Identity, access_type: read, google_classification: non_sensitive; service: Identity, access_type: read, google_classification: non_sensitive; service: Drive, access_type: write, google_classification: sensitive; service: Apps Script, access_type: write, google_classification: sensitive; service: Drive, access_type: read_write, google_classification: sensitive; Online access only",openid; profile; email; https://www.googleapis.com/auth/drive.scripts; https://www.googleapis.com/auth/script.projects; https://www.googleapis.com/auth/drive.activity,4,0,0,6,3,0,1,High
SC-0140,Strategy A: Boolean Switching,"service: Identity, access_type: read, google_classification: non_sensitive; service: Identity, access_type: read, google_classification: non_sensitive; service: Identity, access_type: read, google_classification: non_sensitive; service: Forms, access_type: read, google_classification: sensitive; service: Calendar, access_type: read_write, google_classification: sensitive; Offline refresh token",openid; profile; email; https://www.googleapis.com/auth/forms.responses.readonly; https://www.googleapis.com/auth/calendar.events.owned,3,1,0,5,3,0,1,High
SC-0141,Strategy A: Boolean Switching,"service: Identity, access_type: read, google_classification: non_sensitive; service: Identity, access_type: read, google_classification: non_sensitive; service: Identity, access_type: read, google_classification: non_sensitive; service: Gmail, access_type: read, google_classification: sensitive; service: Chat, access_type: full_access, google_classification: sensitive; Offline refresh token",openid; profile; email; https://www.googleapis.com/auth/gmail.addons.current.message.readonly; https://www.googleapis.com/auth/chat.messages,5,1,0,5,3,0,2,Critical
SC-0142,Strategy A: Boolean Switching,"service: Identity, access_type: read, google_classification: non_sensitive; service: Identity, access_type: read, google_classification: non_sensitive; service: Identity, access_type: read, google_classification: non_sensitive; service: Calendar, access_type: read_write, google_classification: sensitive; service: Chat, access_type: read, google_classification: sensitive; Offline refresh token",openid; profile; email; https://www.googleapis.com/auth/calendar.events.owned; https://www.googleapis.com/auth/chat.messages.readonly,4,1,0,5,3,0,1,High
SC-0143,Strategy A: Boolean Switching,"service: BigQuery, access_type: full_access, google_classification: sensitive; service: Cloud Storage, access_type: read_write, google_classification: sensitive; service: Sheets, access_type: full_access, google_classification: sensitive; Online access only",https://www.googleapis.com/auth/bigquery; https://www.googleapis.com/auth/devstorage.read_write; https://www.googleapis.com/auth/spreadsheets,4,0,0,3,3,0,2,High
SC-0144,Strategy A: Boolean Switching,"service: Identity, access_type: read, google_classification: non_sensitive; service: Identity, access_type: read, google_classification: non_sensitive; service: Identity, access_type: read, google_classification: non_sensitive; service: Gmail, access_type: write, google_classification: restricted; service: Admin, access_type: read_write, google_classification: sensitive; Offline refresh token",openid; profile; email; https://www.googleapis.com/auth/gmail.send; https://www.googleapis.com/auth/admin.datatransfer,5,1,1,5,3,1,3,Critical
SC-0145,Strategy A: Boolean Switching,"service: Identity, access_type: read, google_classification: non_sensitive; service: Identity, access_type: read, google_classification: non_sensitive; service: Identity, access_type: read, google_classification: non_sensitive; service: Drive, access_type: read, google_classification: sensitive; service: Gmail, access_type: write, google_classification: restricted; Online access only",openid; profile; email; https://www.googleapis.com/auth/drive.activity.readonly; https://www.googleapis.com/auth/gmail.send,5,0,0,5,3,1,1,High
SC-0146,Strategy A: Boolean Switching,"service: Identity, access_type: read, google_classification: non_sensitive; service: Identity, access_type: read, google_classification: non_sensitive; service: Identity, access_type: read, google_classification: non_sensitive; service: Gmail, access_type: read_write, google_classification: sensitive; service: Gmail, access_type: read, google_classification: sensitive; Offline refresh token",openid; profile; email; https://www.googleapis.com/auth/gmail.labels; https://www.googleapis.com/auth/gmail.metadata,5,1,0,5,2,0,1,High
SC-0147,Strategy A: Boolean Switching,"service: Identity, access_type: read, google_classification: non_sensitive; service: Identity, access_type: read, google_classification: non_sensitive; service: Identity, access_type: read, google_classification: non_sensitive; service: Compute, access_type: read, google_classification: sensitive; service: Firebase, access_type: read, google_classification: sensitive; service: Sheets, access_type: full_access, google_classification: sensitive; Offline refresh token",openid; profile; email; https://www.googleapis.com/auth/compute.readonly; https://www.googleapis.com/auth/firebase.readonly; https://www.googleapis.com/auth/spreadsheets,4,1,0,6,4,0,2,Critical
SC-0148,Strategy A: Boolean Switching,"service: Identity, access_type: read, google_classification: non_sensitive; service: Identity, access_type: read, google_classification: non_sensitive; service: Identity, access_type: read, google_classification: non_sensitive; service: Firebase, access_type: read, google_classification: sensitive; service: Analytics, access_type: read, google_classification: non_sensitive; Online access only",openid; profile; email; https://www.googleapis.com/auth/firebase.readonly; https://www.googleapis.com/auth/analytics.readonly,3,0,0,5,3,0,0,Medium
SC-0149,Strategy A: Boolean Switching,"service: Admin, access_type: write, google_classification: sensitive; service: Admin, access_type: full_access, google_classification: sensitive; service: Admin, access_type: full_access, google_classification: sensitive; service: Sheets, access_type: read, google_classification: sensitive; Offline refresh token",https://www.googleapis.com/auth/admin.directory.user.security; https://www.googleapis.com/auth/admin.directory.domain; https://www.googleapis.com/auth/admin.directory.rolemanagement; https://www.googleapis.com/auth/spreadsheets.readonly,5,1,1,4,2,0,3,Critical
SC-0150,Strategy A: Boolean Switching,"service: Identity, access_type: read, google_classification: non_sensitive; service: Identity, access_type: read, google_classification: non_sensitive; service: Identity, access_type: read, google_classification: non_sensitive; service: Gmail, access_type: write, google_classification: restricted; service: Classroom, access_type: read, google_classification: sensitive; service: Calendar, access_type: read, google_classification: sensitive; Offline refresh token",openid; profile; email; https://www.googleapis.com/auth/gmail.send; https://www.googleapis.com/auth/classroom.profile.emails; https://www.googleapis.com/auth/calendar.events.readonly,5,1,1,6,4,1,1,Critical
SC-0151,Strategy A: Boolean Switching,"service: Identity, access_type: read, google_classification: non_sensitive; service: Identity, access_type: read, google_classification: non_sensitive; service: Identity, access_type: read, google_classification: non_sensitive; service: Groups, access_type: full_access, google_classification: sensitive; service: Contacts, access_type: read, google_classification: sensitive; Offline refresh token",openid; profile; email; https://www.googleapis.com/auth/groups; https://www.googleapis.com/auth/contacts.readonly,4,1,1,5,3,0,2,Critical
SC-0152,Strategy A: Boolean Switching,"service: Identity, access_type: read, google_classification: non_sensitive; service: Identity, access_type: read, google_classification: non_sensitive; service: Identity, access_type: read, google_classification: non_sensitive; service: AdSense, access_type: read, google_classification: non_sensitive; service: Analytics, access_type: read, google_classification: non_sensitive; Offline refresh token",openid; profile; email; https://www.googleapis.com/auth/adsense.readonly; https://www.googleapis.com/auth/analytics.readonly,2,1,0,5,3,0,0,Medium
SC-0153,Strategy A: Boolean Switching,"service: Identity, access_type: read, google_classification: non_sensitive; service: Identity, access_type: read, google_classification: non_sensitive; service: Identity, access_type: read, google_classification: non_sensitive; service: Photos, access_type: write, google_classification: sensitive; service: Chat, access_type: read, google_classification: sensitive; service: Gmail, access_type: read, google_classification: sensitive; Offline refresh token",openid; profile; email; https://www.googleapis.com/auth/photoslibrary.appendonly; https://www.googleapis.com/auth/chat.messages.readonly; https://www.googleapis.com/auth/gmail.addons.current.message.readonly,5,1,0,6,4,0,1,Critical
SC-0154,Strategy A: Boolean Switching,"service: Gmail, access_type: full_access, google_classification: restricted; service: Drive, access_type: full_access, google_classification: restricted; service: Contacts, access_type: full_access, google_classification: restricted; Online access only",https://mail.google.com/; https://www.googleapis.com/auth/drive; https://www.googleapis.com/auth/contacts,5,0,1,3,3,1,2,Critical
SC-0155,Strategy A: Boolean Switching,"service: Gmail, access_type: full_access, google_classification: restricted; service: Contacts, access_type: full_access, google_classification: restricted; service: Calendar, access_type: full_access, google_classification: sensitive; Online access only",https://mail.google.com/; https://www.googleapis.com/auth/contacts; https://www.googleapis.com/auth/calendar,5,0,1,3,3,1,2,Critical
SC-0156,Strategy A: Boolean Switching,"service: Gmail, access_type: write, google_classification: restricted; service: Contacts, access_type: read, google_classification: sensitive; Online access only",https://www.googleapis.com/auth/gmail.send; https://www.googleapis.com/auth/contacts.readonly,5,0,1,2,2,1,1,High
SC-0157,Strategy A: Boolean Switching,"service: Gmail, access_type: full_access, google_classification: restricted; Online access only",https://mail.google.com/,5,0,0,1,1,1,2,High
SC-0158,Strategy A: Boolean Switching,"service: Drive, access_type: full_access, google_classification: restricted; Online access only",https://www.googleapis.com/auth/drive,4,0,0,1,1,1,2,High
SC-0159,Strategy A: Boolean Switching,"service: Gmail, access_type: write, google_classification: restricted; service: Gmail, access_type: read, google_classification: restricted; service: Drive, access_type: full_access, google_classification: restricted; service: Contacts, access_type: full_access, google_classification: restricted; Online access only",https://www.googleapis.com/auth/gmail.send; https://www.googleapis.com/auth/gmail.readonly; https://www.googleapis.com/auth/drive; https://www.googleapis.com/auth/contacts,5,0,1,4,3,1,2,Critical
SC-0160,Strategy A: Boolean Switching,"service: Gmail, access_type: write, google_classification: restricted; service: Gmail, access_type: read, google_classification: restricted; service: Contacts, access_type: read, google_classification: sensitive; Online access only",https://www.googleapis.com/auth/gmail.send; https://www.googleapis.com/auth/gmail.readonly; https://www.googleapis.com/auth/contacts.readonly,5,0,1,3,2,1,1,High
SC-0161,Strategy A: Boolean Switching,"service: Gmail, access_type: full_access, google_classification: restricted; service: Gmail, access_type: write, google_classification: restricted; Online access only",https://mail.google.com/; https://www.googleapis.com/auth/gmail.settings.sharing,5,0,0,2,1,1,2,High
SC-0162,Strategy A: Boolean Switching,"service: Gmail, access_type: read_write, google_classification: restricted; service: Gmail, access_type: read_write, google_classification: sensitive; Online access only",https://www.googleapis.com/auth/gmail.modify; https://www.googleapis.com/auth/gmail.settings.basic,5,0,0,2,1,1,1,High
SC-0163,Strategy A: Boolean Switching,"service: Admin, access_type: full_access, google_classification: sensitive; service: Admin, access_type: write, google_classification: sensitive; service: Admin, access_type: full_access, google_classification: sensitive; Online access only",https://www.googleapis.com/auth/admin.directory.user; https://www.googleapis.com/auth/admin.directory.user.security; https://www.googleapis.com/auth/admin.directory.rolemanagement,5,0,1,3,1,0,3,Critical
SC-0164,Strategy A: Boolean Switching,"service: Cloud, access_type: full_access, google_classification: sensitive; service: Compute, access_type: full_access, google_classification: sensitive; Online access only",https://www.googleapis.com/auth/cloud-platform; https://www.googleapis.com/auth/compute,3,0,1,2,2,0,3,High
SC-0165,Strategy A: Boolean Switching,"service: Admin, access_type: full_access, google_classification: sensitive; service: Admin, access_type: full_access, google_classification: sensitive; service: Admin, access_type: full_access, google_classification: sensitive; service: Admin, access_type: read_write, google_classification: sensitive; Online access only",https://www.googleapis.com/auth/admin.directory.user; https://www.googleapis.com/auth/admin.directory.group; https://www.googleapis.com/auth/admin.directory.domain; https://www.googleapis.com/auth/admin.datatransfer,5,0,1,4,1,0,3,Critical
SC-0166,Strategy A: Boolean Switching,"service: Admin, access_type: full_access, google_classification: sensitive; service: Gmail, access_type: full_access, google_classification: restricted; Online access only",https://www.googleapis.com/auth/admin.directory.user; https://mail.google.com/,5,0,1,2,2,1,3,Critical
SC-0167,Strategy A: Boolean Switching,"service: Drive, access_type: full_access, google_classification: restricted; service: Docs, access_type: full_access, google_classification: sensitive; service: Sheets, access_type: full_access, google_classification: sensitive; Online access only",https://www.googleapis.com/auth/drive; https://www.googleapis.com/auth/documents; https://www.googleapis.com/auth/spreadsheets,4,0,0,3,3,1,2,High
SC-0168,Strategy A: Boolean Switching,"service: Drive, access_type: read, google_classification: restricted; service: Gmail, access_type: read, google_classification: restricted; service: Calendar, access_type: read, google_classification: sensitive; service: Contacts, access_type: read, google_classification: sensitive; Online access only",https://www.googleapis.com/auth/drive.readonly; https://www.googleapis.com/auth/gmail.readonly; https://www.googleapis.com/auth/calendar.acls.readonly; https://www.googleapis.com/auth/directory.readonly,5,0,1,4,4,1,0,High
SC-0169,Strategy A: Boolean Switching,"service: Photos, access_type: full_access, google_classification: sensitive; service: Drive, access_type: full_access, google_classification: restricted; service: Contacts, access_type: full_access, google_classification: restricted; Online access only",https://www.googleapis.com/auth/photoslibrary; https://www.googleapis.com/auth/drive; https://www.googleapis.com/auth/contacts,4,0,1,3,3,1,2,High
SC-0170,Strategy A: Boolean Switching,"service: Keep, access_type: full_access, google_classification: restricted; service: Drive, access_type: full_access, google_classification: restricted; service: Gmail, access_type: read, google_classification: restricted; Online access only",https://www.googleapis.com/auth/keep; https://www.googleapis.com/auth/drive; https://www.googleapis.com/auth/gmail.readonly,5,0,0,3,3,1,2,Critical
SC-0171,Strategy A: Boolean Switching,"service: Fitness, access_type: read, google_classification: sensitive; service: Fitness, access_type: read, google_classification: sensitive; service: Fitness, access_type: read, google_classification: sensitive; service: Fitness, access_type: read, google_classification: sensitive; Online access only",https://www.googleapis.com/auth/fitness.blood_glucose.read; https://www.googleapis.com/auth/fitness.blood_pressure.read; https://www.googleapis.com/auth/fitness.heart_rate.read; https://www.googleapis.com/auth/fitness.body.read,4,0,0,4,1,0,0,Medium
SC-0172,Strategy A: Boolean Switching,"service: Gmail, access_type: full_access, google_classification: restricted; service: Drive, access_type: full_access, google_classification: restricted; service: Calendar, access_type: full_access, google_classification: sensitive; service: Contacts, access_type: full_access, google_classification: restricted; service: Tasks, access_type: full_access, google_classification: sensitive; service: Keep, access_type: full_access, google_classification: restricted; Online access only",https://mail.google.com/; https://www.googleapis.com/auth/drive; https://www.googleapis.com/auth/calendar; https://www.googleapis.com/auth/contacts; https://www.googleapis.com/auth/tasks; https://www.googleapis.com/auth/keep,5,0,1,6,6,1,2,Critical
SC-0173,Strategy A: Boolean Switching,"service: Cloud, access_type: full_access, google_classification: sensitive; service: Gmail, access_type: full_access, google_classification: restricted; service: Drive, access_type: full_access, google_classification: restricted; service: Admin, access_type: full_access, google_classification: sensitive; Online access only",https://www.googleapis.com/auth/cloud-platform; https://mail.google.com/; https://www.googleapis.com/auth/drive; https://www.googleapis.com/auth/admin.directory.user,5,0,1,4,4,1,3,Critical
SC-0174,Strategy A: Boolean Switching,"service: Gmail, access_type: read_write, google_classification: restricted; service: Drive, access_type: full_access, google_classification: restricted; service: Calendar, access_type: full_access, google_classification: sensitive; service: Contacts, access_type: full_access, google_classification: restricted; service: YouTube, access_type: full_access, google_classification: sensitive; service: Photos, access_type: full_access, google_classification: sensitive; Online access only",https://www.googleapis.com/auth/gmail.modify; https://www.googleapis.com/auth/drive; https://www.googleapis.com/auth/calendar; https://www.googleapis.com/auth/contacts; https://www.googleapis.com/auth/youtube; https://www.googleapis.com/auth/photoslibrary,5,0,1,6,6,1,2,Critical
SC-0175,Strategy A: Boolean Switching,"service: Gmail, access_type: full_access, google_classification: restricted; service: Contacts, access_type: read, google_classification: sensitive; Online access only",https://mail.google.com/; https://www.googleapis.com/auth/directory.readonly,5,0,1,2,2,1,2,High
SC-0176,Strategy A: Boolean Switching,"service: Gmail, access_type: read_write, google_classification: restricted; service: Gmail, access_type: read_write, google_classification: sensitive; service: Contacts, access_type: read, google_classification: sensitive; Online access only",https://www.googleapis.com/auth/gmail.modify; https://www.googleapis.com/auth/gmail.labels; https://www.googleapis.com/auth/contacts.other.readonly,5,0,0,3,2,1,1,High
SC-0177,Strategy A: Boolean Switching,"service: Gmail, access_type: read, google_classification: restricted; service: Gmail, access_type: write, google_classification: restricted; service: Gmail, access_type: write, google_classification: sensitive; Online access only",https://www.googleapis.com/auth/gmail.readonly; https://www.googleapis.com/auth/gmail.send; https://www.googleapis.com/auth/gmail.compose,5,0,0,3,1,1,1,High
SC-0178,Strategy A: Boolean Switching,"service: Gmail, access_type: write, google_classification: restricted; service: Gmail, access_type: read, google_classification: restricted; service: Contacts, access_type: read, google_classification: sensitive; service: Calendar, access_type: read_write, google_classification: sensitive; Online access only",https://www.googleapis.com/auth/gmail.send; https://www.googleapis.com/auth/gmail.readonly; https://www.googleapis.com/auth/contacts.readonly; https://www.googleapis.com/auth/calendar.events,5,0,1,4,3,1,1,Critical
SC-0179,Strategy A: Boolean Switching,"service: Contacts, access_type: full_access, google_classification: restricted; service: Gmail, access_type: write, google_classification: restricted; service: Calendar, access_type: read_write, google_classification: sensitive; service: Drive, access_type: read_write, google_classification: non_sensitive; Online access only",https://www.googleapis.com/auth/contacts; https://www.googleapis.com/auth/gmail.send; https://www.googleapis.com/auth/calendar.events; https://www.googleapis.com/auth/drive.file,5,0,1,4,4,1,2,Critical
SC-0180,Strategy A: Boolean Switching,"service: Gmail, access_type: read, google_classification: restricted; service: Contacts, access_type: read, google_classification: sensitive; service: Calendar, access_type: read, google_classification: sensitive; Online access only",https://www.googleapis.com/auth/gmail.readonly; https://www.googleapis.com/auth/contacts.readonly; https://www.googleapis.com/auth/calendar.calendars.readonly,5,0,1,3,3,1,0,High
SC-0181,Strategy A: Boolean Switching,"service: Calendar, access_type: read_write, google_classification: sensitive; service: Tasks, access_type: full_access, google_classification: sensitive; service: Drive, access_type: read_write, google_classification: non_sensitive; Offline refresh token",https://www.googleapis.com/auth/calendar.events; https://www.googleapis.com/auth/tasks; https://www.googleapis.com/auth/drive.file,4,1,0,3,3,0,2,High
SC-0182,Strategy A: Boolean Switching,"service: Drive, access_type: read_write, google_classification: non_sensitive; service: Sheets, access_type: full_access, google_classification: sensitive; Offline refresh token",https://www.googleapis.com/auth/drive.file; https://www.googleapis.com/auth/spreadsheets,4,1,0,2,2,0,2,High
SC-0183,Strategy A: Boolean Switching,"service: Calendar, access_type: read, google_classification: sensitive; service: Tasks, access_type: read, google_classification: sensitive; Offline refresh token",https://www.googleapis.com/auth/calendar.events.readonly; https://www.googleapis.com/auth/tasks.readonly,3,1,0,2,2,0,0,Medium
SC-0184,Strategy A: Boolean Switching,"service: Gmail, access_type: full_access, google_classification: restricted; service: Drive, access_type: full_access, google_classification: restricted; service: Calendar, access_type: full_access, google_classification: sensitive; service: Contacts, access_type: full_access, google_classification: restricted; Online access only",https://mail.google.com/; https://www.googleapis.com/auth/drive; https://www.googleapis.com/auth/calendar; https://www.googleapis.com/auth/contacts,5,0,1,4,4,1,2,Critical
SC-0185,Strategy A: Boolean Switching,"service: Drive, access_type: full_access, google_classification: restricted; service: Calendar, access_type: full_access, google_classification: sensitive; service: Sheets, access_type: full_access, google_classification: sensitive; Online access only",https://www.googleapis.com/auth/drive; https://www.googleapis.com/auth/calendar; https://www.googleapis.com/auth/spreadsheets,4,0,0,3,3,1,2,High
SC-0186,Strategy A: Boolean Switching,"service: Gmail, access_type: read, google_classification: restricted; service: Drive, access_type: read, google_classification: restricted; Online access only",https://www.googleapis.com/auth/gmail.readonly; https://www.googleapis.com/auth/drive.readonly,5,0,0,2,2,1,0,Medium
SC-0187,Strategy A: Boolean Switching,"service: Sheets, access_type: full_access, google_classification: sensitive; service: Gmail, access_type: write, google_classification: restricted; service: Drive, access_type: read_write, google_classification: non_sensitive; Offline refresh token",https://www.googleapis.com/auth/spreadsheets; https://www.googleapis.com/auth/gmail.send; https://www.googleapis.com/auth/drive.file,5,1,0,3,3,1,2,Critical
SC-0188,Strategy A: Boolean Switching,"service: Sheets, access_type: full_access, google_classification: sensitive; service: Gmail, access_type: write, google_classification: restricted; service: Contacts, access_type: read, google_classification: sensitive; Offline refresh token",https://www.googleapis.com/auth/spreadsheets; https://www.googleapis.com/auth/gmail.send; https://www.googleapis.com/auth/contacts.readonly,5,1,1,3,3,1,2,Critical
SC-0189,Strategy A: Boolean Switching,"service: Apps Script, access_type: write, google_classification: sensitive; service: Drive, access_type: full_access, google_classification: restricted; service: Sheets, access_type: full_access, google_classification: sensitive; service: Gmail, access_type: write, google_classification: restricted; Online access only",https://www.googleapis.com/auth/script.projects; https://www.googleapis.com/auth/drive; https://www.googleapis.com/auth/spreadsheets; https://www.googleapis.com/auth/gmail.send,5,0,0,4,4,1,2,Critical
SC-0190,Strategy A: Boolean Switching,"service: Forms, access_type: full_access, google_classification: sensitive; service: Forms, access_type: read, google_classification: sensitive; service: Sheets, access_type: full_access, google_classification: sensitive; service: Gmail, access_type: write, google_classification: restricted; Offline refresh token",https://www.googleapis.com/auth/forms.body; https://www.googleapis.com/auth/forms.responses.readonly; https://www.googleapis.com/auth/spreadsheets; https://www.googleapis.com/auth/gmail.send,5,1,0,4,3,1,2,Critical
SC-0191,Strategy A: Boolean Switching,"service: Analytics, access_type: read, google_classification: non_sensitive; service: Sheets, access_type: full_access, google_classification: sensitive; Offline refresh token",https://www.googleapis.com/auth/analytics.readonly; https://www.googleapis.com/auth/spreadsheets,4,1,0,2,2,0,2,High
SC-0192,Strategy A: Boolean Switching,"service: Analytics, access_type: full_access, google_classification: sensitive; service: BigQuery, access_type: full_access, google_classification: sensitive; Offline refresh token",https://www.googleapis.com/auth/analytics; https://www.googleapis.com/auth/bigquery,3,1,0,2,2,0,2,High
SC-0193,Strategy A: Boolean Switching,"service: Admin, access_type: read, google_classification: sensitive; service: Sheets, access_type: full_access, google_classification: sensitive; Offline refresh token",https://www.googleapis.com/auth/admin.directory.user.readonly; https://www.googleapis.com/auth/spreadsheets,5,1,1,2,2,0,2,Critical
SC-0194,Strategy A: Boolean Switching,"service: YouTube, access_type: write, google_classification: sensitive; service: Drive, access_type: read, google_classification: restricted; Offline refresh token",https://www.googleapis.com/auth/youtube.upload; https://www.googleapis.com/auth/drive.readonly,4,1,0,2,2,1,1,High
SC-0195,Strategy A: Boolean Switching,"service: YouTube, access_type: full_access, google_classification: sensitive; service: Analytics, access_type: read, google_classification: non_sensitive; Online access only",https://www.googleapis.com/auth/youtube; https://www.googleapis.com/auth/analytics.readonly,3,0,0,2,2,0,2,Medium
SC-0196,Strategy A: Boolean Switching,"service: Photos, access_type: full_access, google_classification: sensitive; service: Drive, access_type: full_access, google_classification: restricted; Online access only",https://www.googleapis.com/auth/photoslibrary; https://www.googleapis.com/auth/drive,4,0,0,2,2,1,2,High
SC-0197,Strategy A: Boolean Switching,"service: Classroom, access_type: full_access, google_classification: sensitive; service: Classroom, access_type: read_write, google_classification: sensitive; service: Drive, access_type: read_write, google_classification: non_sensitive; service: Forms, access_type: full_access, google_classification: sensitive; Offline refresh token",https://www.googleapis.com/auth/classroom.courses; https://www.googleapis.com/auth/classroom.rosters; https://www.googleapis.com/auth/drive.file; https://www.googleapis.com/auth/forms.body,4,1,1,4,3,0,2,Critical
SC-0198,Strategy A: Boolean Switching,"service: Classroom, access_type: read_write, google_classification: sensitive; service: Sheets, access_type: full_access, google_classification: sensitive; service: Gmail, access_type: write, google_classification: restricted; Offline refresh token",https://www.googleapis.com/auth/classroom.coursework.students; https://www.googleapis.com/auth/spreadsheets; https://www.googleapis.com/auth/gmail.send,5,1,0,3,3,1,2,Critical
SC-0199,Strategy A: Boolean Switching,"service: Chat, access_type: full_access, google_classification: sensitive; service: Chat, access_type: read_write, google_classification: sensitive; service: Calendar, access_type: read, google_classification: sensitive; Offline refresh token",https://www.googleapis.com/auth/chat.messages; https://www.googleapis.com/auth/chat.spaces; https://www.googleapis.com/auth/calendar.events.readonly,4,1,0,3,2,0,2,High
SC-0200,Strategy A: Boolean Switching,"service: Chat, access_type: full_access, google_classification: sensitive; service: Drive, access_type: read, google_classification: restricted; Offline refresh token",https://www.googleapis.com/auth/chat.messages; https://www.googleapis.com/auth/drive.readonly,4,1,0,2,2,1,2,High
SC-0201,Strategy A: Boolean Switching,"service: Identity, access_type: read, google_classification: non_sensitive; service: Identity, access_type: read, google_classification: non_sensitive; service: Identity, access_type: read, google_classification: non_sensitive; Offline refresh token",openid; email; profile,1,1,0,3,1,0,0,Low
SC-0202,Strategy A: Boolean Switching,"service: Identity, access_type: read, google_classification: non_sensitive; service: Identity, access_type: read, google_classification: non_sensitive; service: Identity, access_type: read, google_classification: non_sensitive; service: Identity, access_type: read, google_classification: non_sensitive; Offline refresh token",openid; email; https://www.googleapis.com/auth/userinfo.email; https://www.googleapis.com/auth/userinfo.profile,1,1,0,4,1,0,0,Medium
SC-0203,Strategy A: Boolean Switching,"service: Admin, access_type: full_access, google_classification: sensitive; service: Admin, access_type: full_access, google_classification: sensitive; service: Admin, access_type: write, google_classification: sensitive; Online access only",https://www.googleapis.com/auth/admin.directory.user; https://www.googleapis.com/auth/admin.directory.group; https://www.googleapis.com/auth/admin.directory.user.security,5,0,1,3,1,0,3,Critical
SC-0204,Strategy A: Boolean Switching,"service: Admin, access_type: read, google_classification: sensitive; service: Admin, access_type: read, google_classification: sensitive; Offline refresh token",https://www.googleapis.com/auth/admin.directory.user.readonly; https://www.googleapis.com/auth/admin.reports.audit.readonly,5,1,1,2,1,0,0,High
SC-0205,Strategy A: Boolean Switching,"service: Admin, access_type: full_access, google_classification: sensitive; service: Admin, access_type: read_write, google_classification: sensitive; service: Admin, access_type: full_access, google_classification: sensitive; Online access only",https://www.googleapis.com/auth/admin.directory.user; https://www.googleapis.com/auth/admin.datatransfer; https://www.googleapis.com/auth/admin.directory.domain,5,0,1,3,1,0,3,Critical
SC-0206,Strategy A: Boolean Switching,"service: Cloud Storage, access_type: read_write, google_classification: sensitive; service: BigQuery, access_type: full_access, google_classification: sensitive; Offline refresh token",https://www.googleapis.com/auth/devstorage.read_write; https://www.googleapis.com/auth/bigquery,3,1,0,2,2,0,2,High
SC-0207,Strategy A: Boolean Switching,"service: Cloud, access_type: read, google_classification: sensitive; service: Compute, access_type: read, google_classification: sensitive; Offline refresh token",https://www.googleapis.com/auth/cloud-platform.read-only; https://www.googleapis.com/auth/compute.readonly,3,1,0,2,2,0,0,Medium
SC-0208,Strategy B: Addition (github manifest),"service: Gmail, access_type: full_access, google_classification: restricted; service: Contacts, access_type: read, google_classification: sensitive; service: Identity, access_type: read, google_classification: non_sensitive; Offline refresh token",https://mail.google.com/; https://www.googleapis.com/auth/directory.readonly; openid,5,1,1,3,3,1,2,Critical
SC-0209,Strategy B: Addition (github manifest),"service: Gmail, access_type: full_access, google_classification: restricted; service: Contacts, access_type: read, google_classification: sensitive; service: Contacts, access_type: read, google_classification: sensitive; Offline refresh token",https://mail.google.com/; https://www.googleapis.com/auth/directory.readonly; https://www.googleapis.com/auth/contacts.readonly,5,1,1,3,2,1,2,Critical
SC-0210,Strategy B: Addition (github manifest),"service: Gmail, access_type: full_access, google_classification: restricted; service: Contacts, access_type: read, google_classification: sensitive; service: Gmail, access_type: write, google_classification: restricted; Offline refresh token",https://mail.google.com/; https://www.googleapis.com/auth/directory.readonly; https://www.googleapis.com/auth/gmail.send,5,1,1,3,2,1,2,Critical
SC-0211,Strategy B: Addition (github manifest),"service: Gmail, access_type: read_write, google_classification: restricted; service: Gmail, access_type: read_write, google_classification: sensitive; service: Contacts, access_type: read, google_classification: sensitive; service: Tasks, access_type: full_access, google_classification: sensitive; Offline refresh token",https://www.googleapis.com/auth/gmail.modify; https://www.googleapis.com/auth/gmail.labels; https://www.googleapis.com/auth/contacts.other.readonly; https://www.googleapis.com/auth/tasks,5,1,0,4,3,1,2,Critical
SC-0212,Strategy B: Addition (github manifest),"service: Gmail, access_type: read_write, google_classification: restricted; service: Gmail, access_type: read_write, google_classification: sensitive; service: Contacts, access_type: read, google_classification: sensitive; service: Calendar, access_type: read, google_classification: sensitive; Offline refresh token",https://www.googleapis.com/auth/gmail.modify; https://www.googleapis.com/auth/gmail.labels; https://www.googleapis.com/auth/contacts.other.readonly; https://www.googleapis.com/auth/calendar.events.readonly,5,1,0,4,3,1,1,Critical
SC-0213,Strategy B: Addition (github manifest),"service: Gmail, access_type: read_write, google_classification: restricted; service: Gmail, access_type: read_write, google_classification: sensitive; service: Contacts, access_type: read, google_classification: sensitive; service: Drive, access_type: read_write, google_classification: non_sensitive; Offline refresh token",https://www.googleapis.com/auth/gmail.modify; https://www.googleapis.com/auth/gmail.labels; https://www.googleapis.com/auth/contacts.other.readonly; https://www.googleapis.com/auth/drive.file,5,1,0,4,3,1,1,Critical
SC-0214,Strategy B: Addition (github manifest),"service: Gmail, access_type: read, google_classification: restricted; service: Gmail, access_type: write, google_classification: restricted; service: Gmail, access_type: write, google_classification: sensitive; service: Contacts, access_type: read, google_classification: sensitive; Offline refresh token",https://www.googleapis.com/auth/gmail.readonly; https://www.googleapis.com/auth/gmail.send; https://www.googleapis.com/auth/gmail.compose; https://www.googleapis.com/auth/contacts.readonly,5,1,1,4,2,1,1,Critical
SC-0215,Strategy B: Addition (github manifest),"service: Gmail, access_type: read, google_classification: restricted; service: Gmail, access_type: write, google_classification: restricted; service: Gmail, access_type: write, google_classification: sensitive; service: Identity, access_type: read, google_classification: non_sensitive; Offline refresh token",https://www.googleapis.com/auth/gmail.readonly; https://www.googleapis.com/auth/gmail.send; https://www.googleapis.com/auth/gmail.compose; openid,5,1,0,4,2,1,1,Critical
SC-0216,Strategy B: Addition (github manifest),"service: Gmail, access_type: read, google_classification: restricted; service: Gmail, access_type: write, google_classification: restricted; service: Gmail, access_type: write, google_classification: sensitive; service: Identity, access_type: read, google_classification: non_sensitive; Offline refresh token",https://www.googleapis.com/auth/gmail.readonly; https://www.googleapis.com/auth/gmail.send; https://www.googleapis.com/auth/gmail.compose; profile,5,1,0,4,2,1,1,Critical
SC-0217,Strategy B: Addition (github manifest),"service: Gmail, access_type: write, google_classification: restricted; service: Gmail, access_type: read, google_classification: restricted; service: Contacts, access_type: read, google_classification: sensitive; service: Calendar, access_type: read_write, google_classification: sensitive; service: Fitness, access_type: read, google_classification: sensitive; Offline refresh token",https://www.googleapis.com/auth/gmail.send; https://www.googleapis.com/auth/gmail.readonly; https://www.googleapis.com/auth/contacts.readonly; https://www.googleapis.com/auth/calendar.events; https://www.googleapis.com/auth/fitness.activity.read,5,1,1,5,4,1,1,Critical
SC-0218,Strategy B: Addition (github manifest),"service: Gmail, access_type: write, google_classification: restricted; service: Gmail, access_type: read, google_classification: restricted; service: Contacts, access_type: read, google_classification: sensitive; service: Calendar, access_type: read_write, google_classification: sensitive; service: Chat, access_type: full_access, google_classification: sensitive; Offline refresh token",https://www.googleapis.com/auth/gmail.send; https://www.googleapis.com/auth/gmail.readonly; https://www.googleapis.com/auth/contacts.readonly; https://www.googleapis.com/auth/calendar.events; https://www.googleapis.com/auth/chat.messages,5,1,1,5,4,1,2,Critical
SC-0219,Strategy B: Addition (github manifest),"service: Gmail, access_type: write, google_classification: restricted; service: Gmail, access_type: read, google_classification: restricted; service: Contacts, access_type: read, google_classification: sensitive; service: Calendar, access_type: read_write, google_classification: sensitive; service: Calendar, access_type: read, google_classification: sensitive; Offline refresh token",https://www.googleapis.com/auth/gmail.send; https://www.googleapis.com/auth/gmail.readonly; https://www.googleapis.com/auth/contacts.readonly; https://www.googleapis.com/auth/calendar.events; https://www.googleapis.com/auth/calendar.events.readonly,5,1,1,5,3,1,1,Critical
SC-0220,Strategy B: Addition (github manifest),"service: Contacts, access_type: full_access, google_classification: restricted; service: Gmail, access_type: write, google_classification: restricted; service: Calendar, access_type: read_write, google_classification: sensitive; service: Drive, access_type: read_write, google_classification: non_sensitive; service: Calendar, access_type: read, google_classification: sensitive; Offline refresh token",https://www.googleapis.com/auth/contacts; https://www.googleapis.com/auth/gmail.send; https://www.googleapis.com/auth/calendar.events; https://www.googleapis.com/auth/drive.file; https://www.googleapis.com/auth/calendar.events.readonly,5,1,1,5,4,1,2,Critical
SC-0221,Strategy B: Addition (github manifest),"service: Contacts, access_type: full_access, google_classification: restricted; service: Gmail, access_type: write, google_classification: restricted; service: Calendar, access_type: read_write, google_classification: sensitive; service: Drive, access_type: read_write, google_classification: non_sensitive; service: Identity, access_type: read, google_classification: non_sensitive; Offline refresh token",https://www.googleapis.com/auth/contacts; https://www.googleapis.com/auth/gmail.send; https://www.googleapis.com/auth/calendar.events; https://www.googleapis.com/auth/drive.file; profile,5,1,1,5,5,1,2,Critical
SC-0222,Strategy B: Addition (github manifest),"service: Contacts, access_type: full_access, google_classification: restricted; service: Gmail, access_type: write, google_classification: restricted; service: Calendar, access_type: read_write, google_classification: sensitive; service: Drive, access_type: read_write, google_classification: non_sensitive; service: Fitness, access_type: read, google_classification: sensitive; Offline refresh token",https://www.googleapis.com/auth/contacts; https://www.googleapis.com/auth/gmail.send; https://www.googleapis.com/auth/calendar.events; https://www.googleapis.com/auth/drive.file; https://www.googleapis.com/auth/fitness.activity.read,5,1,1,5,5,1,2,Critical
SC-0223,Strategy B: Addition (github manifest),"service: Gmail, access_type: read, google_classification: restricted; service: Contacts, access_type: read, google_classification: sensitive; service: Calendar, access_type: read, google_classification: sensitive; service: Gmail, access_type: write, google_classification: restricted; Offline refresh token",https://www.googleapis.com/auth/gmail.readonly; https://www.googleapis.com/auth/contacts.readonly; https://www.googleapis.com/auth/calendar.calendars.readonly; https://www.googleapis.com/auth/gmail.send,5,1,1,4,3,1,1,Critical
SC-0224,Strategy B: Addition (github manifest),"service: Gmail, access_type: read, google_classification: restricted; service: Contacts, access_type: read, google_classification: sensitive; service: Calendar, access_type: read, google_classification: sensitive; service: Identity, access_type: read, google_classification: non_sensitive; Offline refresh token",https://www.googleapis.com/auth/gmail.readonly; https://www.googleapis.com/auth/contacts.readonly; https://www.googleapis.com/auth/calendar.calendars.readonly; profile,5,1,1,4,4,1,0,Critical
SC-0225,Strategy B: Addition (github manifest),"service: Gmail, access_type: read, google_classification: restricted; service: Contacts, access_type: read, google_classification: sensitive; service: Calendar, access_type: read, google_classification: sensitive; service: Calendar, access_type: read, google_classification: sensitive; Offline refresh token",https://www.googleapis.com/auth/gmail.readonly; https://www.googleapis.com/auth/contacts.readonly; https://www.googleapis.com/auth/calendar.calendars.readonly; https://www.googleapis.com/auth/calendar.events.readonly,5,1,1,4,3,1,0,Critical
SC-0226,Strategy B: Addition (github manifest),"service: Calendar, access_type: read_write, google_classification: sensitive; service: Tasks, access_type: full_access, google_classification: sensitive; service: Drive, access_type: read_write, google_classification: non_sensitive; service: Identity, access_type: read, google_classification: non_sensitive; Online access only",https://www.googleapis.com/auth/calendar.events; https://www.googleapis.com/auth/tasks; https://www.googleapis.com/auth/drive.file; openid,4,0,0,4,4,0,2,High
SC-0227,Strategy B: Addition (github manifest),"service: Calendar, access_type: read_write, google_classification: sensitive; service: Tasks, access_type: full_access, google_classification: sensitive; service: Drive, access_type: read_write, google_classification: non_sensitive; service: Identity, access_type: read, google_classification: non_sensitive; Online access only",https://www.googleapis.com/auth/calendar.events; https://www.googleapis.com/auth/tasks; https://www.googleapis.com/auth/drive.file; profile,4,0,0,4,4,0,2,High
SC-0228,Strategy B: Addition (github manifest),"service: Calendar, access_type: read_write, google_classification: sensitive; service: Tasks, access_type: full_access, google_classification: sensitive; service: Drive, access_type: read_write, google_classification: non_sensitive; service: Chat, access_type: full_access, google_classification: sensitive; Online access only",https://www.googleapis.com/auth/calendar.events; https://www.googleapis.com/auth/tasks; https://www.googleapis.com/auth/drive.file; https://www.googleapis.com/auth/chat.messages,4,0,0,4,4,0,2,High
SC-0229,Strategy B: Addition (github manifest),"service: Drive, access_type: read_write, google_classification: non_sensitive; service: Sheets, access_type: full_access, google_classification: sensitive; service: Calendar, access_type: read, google_classification: sensitive; Online access only",https://www.googleapis.com/auth/drive.file; https://www.googleapis.com/auth/spreadsheets; https://www.googleapis.com/auth/calendar.events.readonly,4,0,0,3,3,0,2,High
SC-0230,Strategy B: Addition (github manifest),"service: Drive, access_type: read_write, google_classification: non_sensitive; service: Sheets, access_type: full_access, google_classification: sensitive; service: Identity, access_type: read, google_classification: non_sensitive; Online access only",https://www.googleapis.com/auth/drive.file; https://www.googleapis.com/auth/spreadsheets; email,4,0,0,3,3,0,2,High
SC-0231,Strategy B: Addition (github manifest),"service: Drive, access_type: read_write, google_classification: non_sensitive; service: Sheets, access_type: full_access, google_classification: sensitive; service: Fitness, access_type: read, google_classification: sensitive; Online access only",https://www.googleapis.com/auth/drive.file; https://www.googleapis.com/auth/spreadsheets; https://www.googleapis.com/auth/fitness.activity.read,4,0,0,3,3,0,2,High
SC-0232,Strategy B: Addition (github manifest),"service: Calendar, access_type: read, google_classification: sensitive; service: Tasks, access_type: read, google_classification: sensitive; service: Tasks, access_type: full_access, google_classification: sensitive; Online access only",https://www.googleapis.com/auth/calendar.events.readonly; https://www.googleapis.com/auth/tasks.readonly; https://www.googleapis.com/auth/tasks,3,0,0,3,2,0,2,Medium
SC-0233,Strategy B: Addition (github manifest),"service: Calendar, access_type: read, google_classification: sensitive; service: Tasks, access_type: read, google_classification: sensitive; service: Gmail, access_type: write, google_classification: restricted; Online access only",https://www.googleapis.com/auth/calendar.events.readonly; https://www.googleapis.com/auth/tasks.readonly; https://www.googleapis.com/auth/gmail.send,5,0,0,3,3,1,1,High
SC-0234,Strategy B: Addition (github manifest),"service: Calendar, access_type: read, google_classification: sensitive; service: Tasks, access_type: read, google_classification: sensitive; service: Drive, access_type: read_write, google_classification: non_sensitive; Online access only",https://www.googleapis.com/auth/calendar.events.readonly; https://www.googleapis.com/auth/tasks.readonly; https://www.googleapis.com/auth/drive.file,4,0,0,3,3,0,1,Medium
SC-0235,Strategy B: Addition (github manifest),"service: Gmail, access_type: full_access, google_classification: restricted; service: Drive, access_type: full_access, google_classification: restricted; service: Calendar, access_type: full_access, google_classification: sensitive; service: Contacts, access_type: full_access, google_classification: restricted; service: Chat, access_type: full_access, google_classification: sensitive; Offline refresh token",https://mail.google.com/; https://www.googleapis.com/auth/drive; https://www.googleapis.com/auth/calendar; https://www.googleapis.com/auth/contacts; https://www.googleapis.com/auth/chat.messages,5,1,1,5,5,1,2,Critical
SC-0236,Strategy B: Addition (github manifest),"service: Gmail, access_type: full_access, google_classification: restricted; service: Drive, access_type: full_access, google_classification: restricted; service: Calendar, access_type: full_access, google_classification: sensitive; service: Contacts, access_type: full_access, google_classification: restricted; service: Sheets, access_type: full_access, google_classification: sensitive; Offline refresh token",https://mail.google.com/; https://www.googleapis.com/auth/drive; https://www.googleapis.com/auth/calendar; https://www.googleapis.com/auth/contacts; https://www.googleapis.com/auth/spreadsheets,5,1,1,5,5,1,2,Critical
SC-0237,Strategy B: Addition (github manifest),"service: Gmail, access_type: full_access, google_classification: restricted; service: Drive, access_type: full_access, google_classification: restricted; service: Calendar, access_type: full_access, google_classification: sensitive; service: Contacts, access_type: full_access, google_classification: restricted; service: Tasks, access_type: full_access, google_classification: sensitive; Offline refresh token",https://mail.google.com/; https://www.googleapis.com/auth/drive; https://www.googleapis.com/auth/calendar; https://www.googleapis.com/auth/contacts; https://www.googleapis.com/auth/tasks,5,1,1,5,5,1,2,Critical
SC-0238,Strategy B: Addition (github manifest),"service: Drive, access_type: full_access, google_classification: restricted; service: Calendar, access_type: full_access, google_classification: sensitive; service: Sheets, access_type: full_access, google_classification: sensitive; service: Drive, access_type: read_write, google_classification: non_sensitive; Offline refresh token",https://www.googleapis.com/auth/drive; https://www.googleapis.com/auth/calendar; https://www.googleapis.com/auth/spreadsheets; https://www.googleapis.com/auth/drive.file,4,1,0,4,3,1,2,Critical
SC-0239,Strategy B: Addition (github manifest),"service: Drive, access_type: full_access, google_classification: restricted; service: Calendar, access_type: full_access, google_classification: sensitive; service: Sheets, access_type: full_access, google_classification: sensitive; service: Calendar, access_type: read, google_classification: sensitive; Offline refresh token",https://www.googleapis.com/auth/drive; https://www.googleapis.com/auth/calendar; https://www.googleapis.com/auth/spreadsheets; https://www.googleapis.com/auth/calendar.events.readonly,4,1,0,4,3,1,2,Critical
SC-0240,Strategy B: Addition (github manifest),"service: Drive, access_type: full_access, google_classification: restricted; service: Calendar, access_type: full_access, google_classification: sensitive; service: Sheets, access_type: full_access, google_classification: sensitive; service: Contacts, access_type: read, google_classification: sensitive; Offline refresh token",https://www.googleapis.com/auth/drive; https://www.googleapis.com/auth/calendar; https://www.googleapis.com/auth/spreadsheets; https://www.googleapis.com/auth/contacts.readonly,4,1,1,4,4,1,2,Critical
SC-0241,Strategy B: Addition (github manifest),"service: Gmail, access_type: read, google_classification: restricted; service: Drive, access_type: read, google_classification: restricted; service: Contacts, access_type: read, google_classification: sensitive; Offline refresh token",https://www.googleapis.com/auth/gmail.readonly; https://www.googleapis.com/auth/drive.readonly; https://www.googleapis.com/auth/contacts.readonly,5,1,1,3,3,1,0,Critical
SC-0242,Strategy B: Addition (github manifest),"service: Gmail, access_type: read, google_classification: restricted; service: Drive, access_type: read, google_classification: restricted; service: Chat, access_type: full_access, google_classification: sensitive; Offline refresh token",https://www.googleapis.com/auth/gmail.readonly; https://www.googleapis.com/auth/drive.readonly; https://www.googleapis.com/auth/chat.messages,5,1,0,3,3,1,2,Critical
SC-0243,Strategy B: Addition (github manifest),"service: Gmail, access_type: read, google_classification: restricted; service: Drive, access_type: read, google_classification: restricted; service: Sheets, access_type: full_access, google_classification: sensitive; Offline refresh token",https://www.googleapis.com/auth/gmail.readonly; https://www.googleapis.com/auth/drive.readonly; https://www.googleapis.com/auth/spreadsheets,5,1,0,3,3,1,2,Critical
SC-0244,Strategy B: Addition (github manifest),"service: Sheets, access_type: full_access, google_classification: sensitive; service: Gmail, access_type: write, google_classification: restricted; service: Drive, access_type: read_write, google_classification: non_sensitive; service: Fitness, access_type: read, google_classification: sensitive; Online access only",https://www.googleapis.com/auth/spreadsheets; https://www.googleapis.com/auth/gmail.send; https://www.googleapis.com/auth/drive.file; https://www.googleapis.com/auth/fitness.activity.read,5,0,0,4,4,1,2,Critical
SC-0245,Strategy B: Addition (github manifest),"service: Sheets, access_type: full_access, google_classification: sensitive; service: Gmail, access_type: write, google_classification: restricted; service: Drive, access_type: read_write, google_classification: non_sensitive; service: Tasks, access_type: full_access, google_classification: sensitive; Online access only",https://www.googleapis.com/auth/spreadsheets; https://www.googleapis.com/auth/gmail.send; https://www.googleapis.com/auth/drive.file; https://www.googleapis.com/auth/tasks,5,0,0,4,4,1,2,Critical
SC-0246,Strategy B: Addition (github manifest),"service: Sheets, access_type: full_access, google_classification: sensitive; service: Gmail, access_type: write, google_classification: restricted; service: Drive, access_type: read_write, google_classification: non_sensitive; service: Identity, access_type: read, google_classification: non_sensitive; Online access only",https://www.googleapis.com/auth/spreadsheets; https://www.googleapis.com/auth/gmail.send; https://www.googleapis.com/auth/drive.file; email,5,0,0,4,4,1,2,Critical
SC-0247,Strategy B: Addition (github manifest),"service: Sheets, access_type: full_access, google_classification: sensitive; service: Gmail, access_type: write, google_classification: restricted; service: Contacts, access_type: read, google_classification: sensitive; service: Identity, access_type: read, google_classification: non_sensitive; Online access only",https://www.googleapis.com/auth/spreadsheets; https://www.googleapis.com/auth/gmail.send; https://www.googleapis.com/auth/contacts.readonly; profile,5,0,1,4,4,1,2,Critical
SC-0248,Strategy B: Addition (github manifest),"service: Sheets, access_type: full_access, google_classification: sensitive; service: Gmail, access_type: write, google_classification: restricted; service: Contacts, access_type: read, google_classification: sensitive; service: Chat, access_type: full_access, google_classification: sensitive; Online access only",https://www.googleapis.com/auth/spreadsheets; https://www.googleapis.com/auth/gmail.send; https://www.googleapis.com/auth/contacts.readonly; https://www.googleapis.com/auth/chat.messages,5,0,1,4,4,1,2,Critical
SC-0249,Strategy B: Addition (github manifest),"service: Sheets, access_type: full_access, google_classification: sensitive; service: Gmail, access_type: write, google_classification: restricted; service: Contacts, access_type: read, google_classification: sensitive; service: Tasks, access_type: full_access, google_classification: sensitive; Online access only",https://www.googleapis.com/auth/spreadsheets; https://www.googleapis.com/auth/gmail.send; https://www.googleapis.com/auth/contacts.readonly; https://www.googleapis.com/auth/tasks,5,0,1,4,4,1,2,Critical
SC-0250,Strategy B: Addition (github manifest),"service: Apps Script, access_type: write, google_classification: sensitive; service: Drive, access_type: full_access, google_classification: restricted; service: Sheets, access_type: full_access, google_classification: sensitive; service: Gmail, access_type: write, google_classification: restricted; service: Identity, access_type: read, google_classification: non_sensitive; Offline refresh token",https://www.googleapis.com/auth/script.projects; https://www.googleapis.com/auth/drive; https://www.googleapis.com/auth/spreadsheets; https://www.googleapis.com/auth/gmail.send; openid,5,1,0,5,5,1,2,Critical
SC-0251,Strategy B: Addition (github manifest),"service: Apps Script, access_type: write, google_classification: sensitive; service: Drive, access_type: full_access, google_classification: restricted; service: Sheets, access_type: full_access, google_classification: sensitive; service: Gmail, access_type: write, google_classification: restricted; service: Fitness, access_type: read, google_classification: sensitive; Offline refresh token",https://www.googleapis.com/auth/script.projects; https://www.googleapis.com/auth/drive; https://www.googleapis.com/auth/spreadsheets; https://www.googleapis.com/auth/gmail.send; https://www.googleapis.com/auth/fitness.activity.read,5,1,0,5,5,1,2,Critical
SC-0252,Strategy B: Addition (github manifest),"service: Apps Script, access_type: write, google_classification: sensitive; service: Drive, access_type: full_access, google_classification: restricted; service: Sheets, access_type: full_access, google_classification: sensitive; service: Gmail, access_type: write, google_classification: restricted; service: Calendar, access_type: read, google_classification: sensitive; Offline refresh token",https://www.googleapis.com/auth/script.projects; https://www.googleapis.com/auth/drive; https://www.googleapis.com/auth/spreadsheets; https://www.googleapis.com/auth/gmail.send; https://www.googleapis.com/auth/calendar.events.readonly,5,1,0,5,5,1,2,Critical
SC-0253,Strategy B: Addition (github manifest),"service: Forms, access_type: full_access, google_classification: sensitive; service: Forms, access_type: read, google_classification: sensitive; service: Sheets, access_type: full_access, google_classification: sensitive; service: Gmail, access_type: write, google_classification: restricted; service: Contacts, access_type: read, google_classification: sensitive; Online access only",https://www.googleapis.com/auth/forms.body; https://www.googleapis.com/auth/forms.responses.readonly; https://www.googleapis.com/auth/spreadsheets; https://www.googleapis.com/auth/gmail.send; https://www.googleapis.com/auth/contacts.readonly,5,0,1,5,4,1,2,Critical
SC-0254,Strategy B: Addition (github manifest),"service: Forms, access_type: full_access, google_classification: sensitive; service: Forms, access_type: read, google_classification: sensitive; service: Sheets, access_type: full_access, google_classification: sensitive; service: Gmail, access_type: write, google_classification: restricted; service: Identity, access_type: read, google_classification: non_sensitive; Online access only",https://www.googleapis.com/auth/forms.body; https://www.googleapis.com/auth/forms.responses.readonly; https://www.googleapis.com/auth/spreadsheets; https://www.googleapis.com/auth/gmail.send; openid,5,0,0,5,4,1,2,Critical
SC-0255,Strategy B: Addition (github manifest),"service: Forms, access_type: full_access, google_classification: sensitive; service: Forms, access_type: read, google_classification: sensitive; service: Sheets, access_type: full_access, google_classification: sensitive; service: Gmail, access_type: write, google_classification: restricted; service: Calendar, access_type: read, google_classification: sensitive; Online access only",https://www.googleapis.com/auth/forms.body; https://www.googleapis.com/auth/forms.responses.readonly; https://www.googleapis.com/auth/spreadsheets; https://www.googleapis.com/auth/gmail.send; https://www.googleapis.com/auth/calendar.events.readonly,5,0,0,5,4,1,2,Critical
SC-0262,Strategy B: Addition (github manifest),"service: Admin, access_type: read, google_classification: sensitive; service: Sheets, access_type: full_access, google_classification: sensitive; service: Identity, access_type: read, google_classification: non_sensitive; Online access only",https://www.googleapis.com/auth/admin.directory.user.readonly; https://www.googleapis.com/auth/spreadsheets; email,5,0,1,3,3,0,2,Critical
SC-0263,Strategy B: Addition (github manifest),"service: Admin, access_type: read, google_classification: sensitive; service: Sheets, access_type: full_access, google_classification: sensitive; service: Identity, access_type: read, google_classification: non_sensitive; Online access only",https://www.googleapis.com/auth/admin.directory.user.readonly; https://www.googleapis.com/auth/spreadsheets; openid,5,0,1,3,3,0,2,Critical
SC-0264,Strategy B: Addition (github manifest),"service: Admin, access_type: read, google_classification: sensitive; service: Sheets, access_type: full_access, google_classification: sensitive; service: Drive, access_type: read_write, google_classification: non_sensitive; Online access only",https://www.googleapis.com/auth/admin.directory.user.readonly; https://www.googleapis.com/auth/spreadsheets; https://www.googleapis.com/auth/drive.file,5,0,1,3,3,0,2,Critical
SC-0265,Strategy B: Addition (github manifest),"service: YouTube, access_type: write, google_classification: sensitive; service: Drive, access_type: read, google_classification: restricted; service: Sheets, access_type: full_access, google_classification: sensitive; Online access only",https://www.googleapis.com/auth/youtube.upload; https://www.googleapis.com/auth/drive.readonly; https://www.googleapis.com/auth/spreadsheets,4,0,0,3,3,1,2,High
SC-0266,Strategy B: Addition (github manifest),"service: YouTube, access_type: write, google_classification: sensitive; service: Drive, access_type: read, google_classification: restricted; service: Calendar, access_type: read, google_classification: sensitive; Online access only",https://www.googleapis.com/auth/youtube.upload; https://www.googleapis.com/auth/drive.readonly; https://www.googleapis.com/auth/calendar.events.readonly,4,0,0,3,3,1,1,High
SC-0267,Strategy B: Addition (github manifest),"service: YouTube, access_type: write, google_classification: sensitive; service: Drive, access_type: read, google_classification: restricted; service: Identity, access_type: read, google_classification: non_sensitive; Online access only",https://www.googleapis.com/auth/youtube.upload; https://www.googleapis.com/auth/drive.readonly; openid,4,0,0,3,3,1,1,High
SC-0269,Strategy B: Addition (github manifest),"service: YouTube, access_type: full_access, google_classification: sensitive; service: Analytics, access_type: read, google_classification: non_sensitive; service: Identity, access_type: read, google_classification: non_sensitive; Offline refresh token",https://www.googleapis.com/auth/youtube; https://www.googleapis.com/auth/analytics.readonly; openid,3,1,0,3,3,0,2,High
SC-0271,Strategy B: Addition (github manifest),"service: Photos, access_type: full_access, google_classification: sensitive; service: Drive, access_type: full_access, google_classification: restricted; service: Fitness, access_type: read, google_classification: sensitive; Offline refresh token",https://www.googleapis.com/auth/photoslibrary; https://www.googleapis.com/auth/drive; https://www.googleapis.com/auth/fitness.activity.read,4,1,0,3,3,1,2,Critical
SC-0272,Strategy B: Addition (github manifest),"service: Photos, access_type: full_access, google_classification: sensitive; service: Drive, access_type: full_access, google_classification: restricted; service: Identity, access_type: read, google_classification: non_sensitive; Offline refresh token",https://www.googleapis.com/auth/photoslibrary; https://www.googleapis.com/auth/drive; openid,4,1,0,3,3,1,2,Critical
SC-0273,Strategy B: Addition (github manifest),"service: Photos, access_type: full_access, google_classification: sensitive; service: Drive, access_type: full_access, google_classification: restricted; service: Drive, access_type: read_write, google_classification: non_sensitive; Offline refresh token",https://www.googleapis.com/auth/photoslibrary; https://www.googleapis.com/auth/drive; https://www.googleapis.com/auth/drive.file,4,1,0,3,2,1,2,High
SC-0274,Strategy B: Addition (github manifest),"service: Classroom, access_type: full_access, google_classification: sensitive; service: Classroom, access_type: read_write, google_classification: sensitive; service: Drive, access_type: read_write, google_classification: non_sensitive; service: Forms, access_type: full_access, google_classification: sensitive; service: Identity, access_type: read, google_classification: non_sensitive; Online access only",https://www.googleapis.com/auth/classroom.courses; https://www.googleapis.com/auth/classroom.rosters; https://www.googleapis.com/auth/drive.file; https://www.googleapis.com/auth/forms.body; profile,4,0,1,5,4,0,2,High
SC-0275,Strategy B: Addition (github manifest),"service: Classroom, access_type: full_access, google_classification: sensitive; service: Classroom, access_type: read_write, google_classification: sensitive; service: Drive, access_type: read_write, google_classification: non_sensitive; service: Forms, access_type: full_access, google_classification: sensitive; service: Calendar, access_type: read, google_classification: sensitive; Online access only",https://www.googleapis.com/auth/classroom.courses; https://www.googleapis.com/auth/classroom.rosters; https://www.googleapis.com/auth/drive.file; https://www.googleapis.com/auth/forms.body; https://www.googleapis.com/auth/calendar.events.readonly,4,0,1,5,4,0,2,High
SC-0276,Strategy B: Addition (github manifest),"service: Classroom, access_type: full_access, google_classification: sensitive; service: Classroom, access_type: read_write, google_classification: sensitive; service: Drive, access_type: read_write, google_classification: non_sensitive; service: Forms, access_type: full_access, google_classification: sensitive; service: Identity, access_type: read, google_classification: non_sensitive; Online access only",https://www.googleapis.com/auth/classroom.courses; https://www.googleapis.com/auth/classroom.rosters; https://www.googleapis.com/auth/drive.file; https://www.googleapis.com/auth/forms.body; email,4,0,1,5,4,0,2,High
SC-0277,Strategy B: Addition (github manifest),"service: Classroom, access_type: read_write, google_classification: sensitive; service: Sheets, access_type: full_access, google_classification: sensitive; service: Gmail, access_type: write, google_classification: restricted; service: Chat, access_type: full_access, google_classification: sensitive; Online access only",https://www.googleapis.com/auth/classroom.coursework.students; https://www.googleapis.com/auth/spreadsheets; https://www.googleapis.com/auth/gmail.send; https://www.googleapis.com/auth/chat.messages,5,0,0,4,4,1,2,Critical
SC-0278,Strategy B: Addition (github manifest),"service: Classroom, access_type: read_write, google_classification: sensitive; service: Sheets, access_type: full_access, google_classification: sensitive; service: Gmail, access_type: write, google_classification: restricted; service: Tasks, access_type: full_access, google_classification: sensitive; Online access only",https://www.googleapis.com/auth/classroom.coursework.students; https://www.googleapis.com/auth/spreadsheets; https://www.googleapis.com/auth/gmail.send; https://www.googleapis.com/auth/tasks,5,0,0,4,4,1,2,Critical
SC-0279,Strategy B: Addition (github manifest),"service: Classroom, access_type: read_write, google_classification: sensitive; service: Sheets, access_type: full_access, google_classification: sensitive; service: Gmail, access_type: write, google_classification: restricted; service: Identity, access_type: read, google_classification: non_sensitive; Online access only",https://www.googleapis.com/auth/classroom.coursework.students; https://www.googleapis.com/auth/spreadsheets; https://www.googleapis.com/auth/gmail.send; openid,5,0,0,4,4,1,2,Critical
SC-0280,Strategy B: Addition (github manifest),"service: Chat, access_type: full_access, google_classification: sensitive; service: Chat, access_type: read_write, google_classification: sensitive; service: Calendar, access_type: read, google_classification: sensitive; service: Identity, access_type: read, google_classification: non_sensitive; Online access only",https://www.googleapis.com/auth/chat.messages; https://www.googleapis.com/auth/chat.spaces; https://www.googleapis.com/auth/calendar.events.readonly; profile,4,0,0,4,3,0,2,High
SC-0281,Strategy B: Addition (github manifest),"service: Chat, access_type: full_access, google_classification: sensitive; service: Chat, access_type: read_write, google_classification: sensitive; service: Calendar, access_type: read, google_classification: sensitive; service: Identity, access_type: read, google_classification: non_sensitive; Online access only",https://www.googleapis.com/auth/chat.messages; https://www.googleapis.com/auth/chat.spaces; https://www.googleapis.com/auth/calendar.events.readonly; openid,4,0,0,4,3,0,2,High
SC-0282,Strategy B: Addition (github manifest),"service: Chat, access_type: full_access, google_classification: sensitive; service: Chat, access_type: read_write, google_classification: sensitive; service: Calendar, access_type: read, google_classification: sensitive; service: Sheets, access_type: full_access, google_classification: sensitive; Online access only",https://www.googleapis.com/auth/chat.messages; https://www.googleapis.com/auth/chat.spaces; https://www.googleapis.com/auth/calendar.events.readonly; https://www.googleapis.com/auth/spreadsheets,4,0,0,4,3,0,2,High
SC-0283,Strategy B: Addition (github manifest),"service: Chat, access_type: full_access, google_classification: sensitive; service: Drive, access_type: read, google_classification: restricted; service: Gmail, access_type: write, google_classification: restricted; Online access only",https://www.googleapis.com/auth/chat.messages; https://www.googleapis.com/auth/drive.readonly; https://www.googleapis.com/auth/gmail.send,5,0,0,3,3,1,2,Critical
SC-0284,Strategy B: Addition (github manifest),"service: Chat, access_type: full_access, google_classification: sensitive; service: Drive, access_type: read, google_classification: restricted; service: Calendar, access_type: read, google_classification: sensitive; Online access only",https://www.googleapis.com/auth/chat.messages; https://www.googleapis.com/auth/drive.readonly; https://www.googleapis.com/auth/calendar.events.readonly,4,0,0,3,3,1,2,High
SC-0285,Strategy B: Addition (github manifest),"service: Chat, access_type: full_access, google_classification: sensitive; service: Drive, access_type: read, google_classification: restricted; service: Sheets, access_type: full_access, google_classification: sensitive; Online access only",https://www.googleapis.com/auth/chat.messages; https://www.googleapis.com/auth/drive.readonly; https://www.googleapis.com/auth/spreadsheets,4,0,0,3,3,1,2,High
SC-0286,Strategy B: Addition (github manifest),"service: Identity, access_type: read, google_classification: non_sensitive; service: Identity, access_type: read, google_classification: non_sensitive; service: Identity, access_type: read, google_classification: non_sensitive; service: Chat, access_type: full_access, google_classification: sensitive; Online access only",openid; email; profile; https://www.googleapis.com/auth/chat.messages,4,0,0,4,2,0,2,High
SC-0287,Strategy J: Bool Switching of Medium Risk Combinations,"service: Identity, access_type: read, google_classification: non_sensitive; service: Identity, access_type: read, google_classification: non_sensitive; service: Identity, access_type: read, google_classification: non_sensitive; service: Tasks, access_type: full_access, google_classification: sensitive; Offline refresh token",openid; email; profile; https://www.googleapis.com/auth/tasks,3,1,0,4,2,0,2,High
SC-0288,Strategy B: Addition (github manifest),"service: Identity, access_type: read, google_classification: non_sensitive; service: Identity, access_type: read, google_classification: non_sensitive; service: Identity, access_type: read, google_classification: non_sensitive; service: Contacts, access_type: read, google_classification: sensitive; Online access only",openid; email; profile; https://www.googleapis.com/auth/contacts.readonly,4,0,1,4,2,0,0,Medium
SC-0289,Strategy J: Bool Switching of Medium Risk Combinations,"service: Identity, access_type: read, google_classification: non_sensitive; service: Identity, access_type: read, google_classification: non_sensitive; service: Identity, access_type: read, google_classification: non_sensitive; service: Identity, access_type: read, google_classification: non_sensitive; service: Calendar, access_type: read, google_classification: sensitive; Offline refresh token",openid; email; https://www.googleapis.com/auth/userinfo.email; https://www.googleapis.com/auth/userinfo.profile; https://www.googleapis.com/auth/calendar.events.readonly,3,1,0,5,2,0,0,Medium
SC-0290,Strategy B: Addition (github manifest),"service: Identity, access_type: read, google_classification: non_sensitive; service: Identity, access_type: read, google_classification: non_sensitive; service: Identity, access_type: read, google_classification: non_sensitive; service: Identity, access_type: read, google_classification: non_sensitive; service: Fitness, access_type: read, google_classification: sensitive; Online access only",openid; email; https://www.googleapis.com/auth/userinfo.email; https://www.googleapis.com/auth/userinfo.profile; https://www.googleapis.com/auth/fitness.activity.read,4,0,0,5,2,0,0,Medium
SC-0291,Strategy B: Addition (github manifest),"service: Identity, access_type: read, google_classification: non_sensitive; service: Identity, access_type: read, google_classification: non_sensitive; service: Identity, access_type: read, google_classification: non_sensitive; service: Identity, access_type: read, google_classification: non_sensitive; service: Sheets, access_type: full_access, google_classification: sensitive; Online access only",openid; email; https://www.googleapis.com/auth/userinfo.email; https://www.googleapis.com/auth/userinfo.profile; https://www.googleapis.com/auth/spreadsheets,4,0,0,5,2,0,2,High
SC-0292,Strategy B: Addition (github manifest),"service: Admin, access_type: full_access, google_classification: sensitive; service: Admin, access_type: full_access, google_classification: sensitive; service: Admin, access_type: write, google_classification: sensitive; service: Calendar, access_type: read, google_classification: sensitive; Offline refresh token",https://www.googleapis.com/auth/admin.directory.user; https://www.googleapis.com/auth/admin.directory.group; https://www.googleapis.com/auth/admin.directory.user.security; https://www.googleapis.com/auth/calendar.events.readonly,5,1,1,4,2,0,3,Critical
SC-0293,Strategy B: Addition (github manifest),"service: Admin, access_type: full_access, google_classification: sensitive; service: Admin, access_type: full_access, google_classification: sensitive; service: Admin, access_type: write, google_classification: sensitive; service: Identity, access_type: read, google_classification: non_sensitive; Offline refresh token",https://www.googleapis.com/auth/admin.directory.user; https://www.googleapis.com/auth/admin.directory.group; https://www.googleapis.com/auth/admin.directory.user.security; openid,5,1,1,4,2,0,3,Critical
SC-0294,Strategy B: Addition (github manifest),"service: Admin, access_type: full_access, google_classification: sensitive; service: Admin, access_type: full_access, google_classification: sensitive; service: Admin, access_type: write, google_classification: sensitive; service: Identity, access_type: read, google_classification: non_sensitive; Offline refresh token",https://www.googleapis.com/auth/admin.directory.user; https://www.googleapis.com/auth/admin.directory.group; https://www.googleapis.com/auth/admin.directory.user.security; email,5,1,1,4,2,0,3,Critical
SC-0295,Strategy B: Addition (github manifest),"service: Admin, access_type: read, google_classification: sensitive; service: Admin, access_type: read, google_classification: sensitive; service: Chat, access_type: full_access, google_classification: sensitive; Online access only",https://www.googleapis.com/auth/admin.directory.user.readonly; https://www.googleapis.com/auth/admin.reports.audit.readonly; https://www.googleapis.com/auth/chat.messages,5,0,1,3,2,0,2,Critical
SC-0296,Strategy B: Addition (github manifest),"service: Admin, access_type: read, google_classification: sensitive; service: Admin, access_type: read, google_classification: sensitive; service: Identity, access_type: read, google_classification: non_sensitive; Online access only",https://www.googleapis.com/auth/admin.directory.user.readonly; https://www.googleapis.com/auth/admin.reports.audit.readonly; openid,5,0,1,3,2,0,0,High
SC-0297,Strategy B: Addition (github manifest),"service: Admin, access_type: read, google_classification: sensitive; service: Admin, access_type: read, google_classification: sensitive; service: Identity, access_type: read, google_classification: non_sensitive; Online access only",https://www.googleapis.com/auth/admin.directory.user.readonly; https://www.googleapis.com/auth/admin.reports.audit.readonly; email,5,0,1,3,2,0,0,High
SC-0298,Strategy B: Addition (github manifest),"service: Admin, access_type: full_access, google_classification: sensitive; service: Admin, access_type: read_write, google_classification: sensitive; service: Admin, access_type: full_access, google_classification: sensitive; service: Drive, access_type: read_write, google_classification: non_sensitive; Offline refresh token",https://www.googleapis.com/auth/admin.directory.user; https://www.googleapis.com/auth/admin.datatransfer; https://www.googleapis.com/auth/admin.directory.domain; https://www.googleapis.com/auth/drive.file,5,1,1,4,2,0,3,Critical
SC-0299,Strategy B: Addition (github manifest),"service: Admin, access_type: full_access, google_classification: sensitive; service: Admin, access_type: read_write, google_classification: sensitive; service: Admin, access_type: full_access, google_classification: sensitive; service: Tasks, access_type: full_access, google_classification: sensitive; Offline refresh token",https://www.googleapis.com/auth/admin.directory.user; https://www.googleapis.com/auth/admin.datatransfer; https://www.googleapis.com/auth/admin.directory.domain; https://www.googleapis.com/auth/tasks,5,1,1,4,2,0,3,Critical
SC-0300,Strategy B: Addition (github manifest),"service: Admin, access_type: full_access, google_classification: sensitive; service: Admin, access_type: read_write, google_classification: sensitive; service: Admin, access_type: full_access, google_classification: sensitive; service: Calendar, access_type: read, google_classification: sensitive; Offline refresh token",https://www.googleapis.com/auth/admin.directory.user; https://www.googleapis.com/auth/admin.datatransfer; https://www.googleapis.com/auth/admin.directory.domain; https://www.googleapis.com/auth/calendar.events.readonly,5,1,1,4,2,0,3,Critical
SC-0301,Strategy B: Addition (github manifest),"service: Cloud, access_type: full_access, google_classification: sensitive; service: Compute, access_type: full_access, google_classification: sensitive; service: Identity, access_type: read, google_classification: non_sensitive; Offline refresh token",https://www.googleapis.com/auth/cloud-platform; https://www.googleapis.com/auth/compute; profile,3,1,1,3,3,0,3,Critical
SC-0303,Strategy B: Addition (github manifest),"service: Cloud, access_type: full_access, google_classification: sensitive; service: Compute, access_type: full_access, google_classification: sensitive; service: Fitness, access_type: read, google_classification: sensitive; Offline refresh token",https://www.googleapis.com/auth/cloud-platform; https://www.googleapis.com/auth/compute; https://www.googleapis.com/auth/fitness.activity.read,4,1,1,3,3,0,3,Critical
SC-0305,Strategy B: Addition (github manifest),"service: Cloud Storage, access_type: read_write, google_classification: sensitive; service: BigQuery, access_type: full_access, google_classification: sensitive; service: Fitness, access_type: read, google_classification: sensitive; Online access only",https://www.googleapis.com/auth/devstorage.read_write; https://www.googleapis.com/auth/bigquery; https://www.googleapis.com/auth/fitness.activity.read,4,0,0,3,3,0,2,High
SC-0306,Strategy B: Addition (github manifest),"service: Cloud Storage, access_type: read_write, google_classification: sensitive; service: BigQuery, access_type: full_access, google_classification: sensitive; service: Sheets, access_type: full_access, google_classification: sensitive; Online access only",https://www.googleapis.com/auth/devstorage.read_write; https://www.googleapis.com/auth/bigquery; https://www.googleapis.com/auth/spreadsheets,4,0,0,3,3,0,2,High
SC-0308,Strategy J: Bool Switching of Medium Risk Combinations,"service: Cloud, access_type: read, google_classification: sensitive; service: Compute, access_type: read, google_classification: sensitive; service: Drive, access_type: read_write, google_classification: non_sensitive; Offline refresh token",https://www.googleapis.com/auth/cloud-platform.read-only; https://www.googleapis.com/auth/compute.readonly; https://www.googleapis.com/auth/drive.file,4,1,0,3,3,0,1,High
SC-0309,Strategy B: Addition (github manifest),"service: Cloud, access_type: read, google_classification: sensitive; service: Compute, access_type: read, google_classification: sensitive; service: Identity, access_type: read, google_classification: non_sensitive; Online access only",https://www.googleapis.com/auth/cloud-platform.read-only; https://www.googleapis.com/auth/compute.readonly; profile,3,0,0,3,3,0,0,Medium
SC-0310,Strategy B: Addition (student_gen),"service: Identity, access_type: read, google_classification: non_sensitive; service: Identity, access_type: read, google_classification: non_sensitive; service: Identity, access_type: read, google_classification: non_sensitive; service: Fitness, access_type: read, google_classification: sensitive; service: Fitness, access_type: read, google_classification: sensitive; service: Sheets, access_type: full_access, google_classification: sensitive; service: Contacts, access_type: read, google_classification: sensitive; Offline refresh token",openid; profile; email; https://www.googleapis.com/auth/fitness.activity.read; https://www.googleapis.com/auth/fitness.body.read; https://www.googleapis.com/auth/spreadsheets; https://www.googleapis.com/auth/contacts.readonly,4,1,1,7,4,0,2,Critical
SC-0311,Strategy B: Addition (student_gen),"service: Identity, access_type: read, google_classification: non_sensitive; service: Identity, access_type: read, google_classification: non_sensitive; service: Identity, access_type: read, google_classification: non_sensitive; service: Fitness, access_type: read, google_classification: sensitive; service: Fitness, access_type: read, google_classification: sensitive; service: Sheets, access_type: full_access, google_classification: sensitive; service: Gmail, access_type: write, google_classification: restricted; Offline refresh token",openid; profile; email; https://www.googleapis.com/auth/fitness.activity.read; https://www.googleapis.com/auth/fitness.body.read; https://www.googleapis.com/auth/spreadsheets; https://www.googleapis.com/auth/gmail.send,5,1,0,7,4,1,2,Critical
SC-0312,Strategy B: Addition (student_gen),"service: Identity, access_type: read, google_classification: non_sensitive; service: Identity, access_type: read, google_classification: non_sensitive; service: Identity, access_type: read, google_classification: non_sensitive; service: Fitness, access_type: read, google_classification: sensitive; service: Fitness, access_type: read, google_classification: sensitive; service: Sheets, access_type: full_access, google_classification: sensitive; service: Drive, access_type: read_write, google_classification: non_sensitive; Offline refresh token",openid; profile; email; https://www.googleapis.com/auth/fitness.activity.read; https://www.googleapis.com/auth/fitness.body.read; https://www.googleapis.com/auth/spreadsheets; https://www.googleapis.com/auth/drive.file,4,1,0,7,4,0,2,Critical
SC-0313,Strategy B: Addition (student_gen),"service: Identity, access_type: read, google_classification: non_sensitive; service: Identity, access_type: read, google_classification: non_sensitive; service: Identity, access_type: read, google_classification: non_sensitive; service: YouTube, access_type: full_access, google_classification: sensitive; service: Drive, access_type: read_write, google_classification: non_sensitive; service: Chat, access_type: full_access, google_classification: sensitive; Online access only",openid; profile; email; https://www.googleapis.com/auth/youtube; https://www.googleapis.com/auth/drive.file; https://www.googleapis.com/auth/chat.messages,4,0,0,6,4,0,2,High
SC-0314,Strategy B: Addition (student_gen),"service: Identity, access_type: read, google_classification: non_sensitive; service: Identity, access_type: read, google_classification: non_sensitive; service: Identity, access_type: read, google_classification: non_sensitive; service: YouTube, access_type: full_access, google_classification: sensitive; service: Drive, access_type: read_write, google_classification: non_sensitive; service: Fitness, access_type: read, google_classification: sensitive; Online access only",openid; profile; email; https://www.googleapis.com/auth/youtube; https://www.googleapis.com/auth/drive.file; https://www.googleapis.com/auth/fitness.activity.read,4,0,0,6,4,0,2,High
SC-0316,Strategy B: Addition (student_gen),"service: Identity, access_type: read, google_classification: non_sensitive; service: Identity, access_type: read, google_classification: non_sensitive; service: Identity, access_type: read, google_classification: non_sensitive; service: Contacts, access_type: read, google_classification: sensitive; service: Gmail, access_type: write, google_classification: sensitive; service: Chat, access_type: full_access, google_classification: sensitive; Online access only",openid; profile; email; https://www.googleapis.com/auth/contacts.readonly; https://www.googleapis.com/auth/gmail.compose; https://www.googleapis.com/auth/chat.messages,5,0,1,6,4,0,2,Critical
SC-0317,Strategy B: Addition (student_gen),"service: Identity, access_type: read, google_classification: non_sensitive; service: Identity, access_type: read, google_classification: non_sensitive; service: Identity, access_type: read, google_classification: non_sensitive; service: Contacts, access_type: read, google_classification: sensitive; service: Gmail, access_type: write, google_classification: sensitive; service: Fitness, access_type: read, google_classification: sensitive; Online access only",openid; profile; email; https://www.googleapis.com/auth/contacts.readonly; https://www.googleapis.com/auth/gmail.compose; https://www.googleapis.com/auth/fitness.activity.read,5,0,1,6,4,0,1,Critical
SC-0318,Strategy B: Addition (student_gen),"service: Identity, access_type: read, google_classification: non_sensitive; service: Identity, access_type: read, google_classification: non_sensitive; service: Identity, access_type: read, google_classification: non_sensitive; service: Contacts, access_type: read, google_classification: sensitive; service: Gmail, access_type: write, google_classification: sensitive; service: Tasks, access_type: full_access, google_classification: sensitive; Online access only",openid; profile; email; https://www.googleapis.com/auth/contacts.readonly; https://www.googleapis.com/auth/gmail.compose; https://www.googleapis.com/auth/tasks,5,0,1,6,4,0,2,Critical
SC-0319,Strategy B: Addition (student_gen),"service: Identity, access_type: read, google_classification: non_sensitive; service: Identity, access_type: read, google_classification: non_sensitive; service: Identity, access_type: read, google_classification: non_sensitive; service: Cloud Storage, access_type: read_write, google_classification: sensitive; service: Drive, access_type: read_write, google_classification: non_sensitive; service: Gmail, access_type: write, google_classification: restricted; Offline refresh token",openid; profile; email; https://www.googleapis.com/auth/devstorage.read_write; https://www.googleapis.com/auth/drive.file; https://www.googleapis.com/auth/gmail.send,5,1,0,6,4,1,1,Critical
SC-0320,Strategy B: Addition (student_gen),"service: Identity, access_type: read, google_classification: non_sensitive; service: Identity, access_type: read, google_classification: non_sensitive; service: Identity, access_type: read, google_classification: non_sensitive; service: Cloud Storage, access_type: read_write, google_classification: sensitive; service: Drive, access_type: read_write, google_classification: non_sensitive; service: Contacts, access_type: read, google_classification: sensitive; Offline refresh token",openid; profile; email; https://www.googleapis.com/auth/devstorage.read_write; https://www.googleapis.com/auth/drive.file; https://www.googleapis.com/auth/contacts.readonly,4,1,1,6,4,0,1,Critical
SC-0322,Strategy B: Addition (student_gen),"service: Identity, access_type: read, google_classification: non_sensitive; service: Identity, access_type: read, google_classification: non_sensitive; service: Identity, access_type: read, google_classification: non_sensitive; service: Photos, access_type: full_access, google_classification: sensitive; service: Sheets, access_type: full_access, google_classification: sensitive; Online access only",openid; profile; email; https://www.googleapis.com/auth/photoslibrary; https://www.googleapis.com/auth/spreadsheets,4,0,0,5,3,0,2,High
SC-0323,Strategy B: Addition (student_gen),"service: Identity, access_type: read, google_classification: non_sensitive; service: Identity, access_type: read, google_classification: non_sensitive; service: Identity, access_type: read, google_classification: non_sensitive; service: Photos, access_type: full_access, google_classification: sensitive; service: Contacts, access_type: read, google_classification: sensitive; Online access only",openid; profile; email; https://www.googleapis.com/auth/photoslibrary; https://www.googleapis.com/auth/contacts.readonly,4,0,1,5,3,0,2,High
SC-0324,Strategy B: Addition (student_gen),"service: Identity, access_type: read, google_classification: non_sensitive; service: Identity, access_type: read, google_classification: non_sensitive; service: Identity, access_type: read, google_classification: non_sensitive; service: Photos, access_type: full_access, google_classification: sensitive; service: Tasks, access_type: full_access, google_classification: sensitive; Online access only",openid; profile; email; https://www.googleapis.com/auth/photoslibrary; https://www.googleapis.com/auth/tasks,4,0,0,5,3,0,2,High
SC-0325,Strategy B: Addition (student_gen),"service: Identity, access_type: read, google_classification: non_sensitive; service: Identity, access_type: read, google_classification: non_sensitive; service: Identity, access_type: read, google_classification: non_sensitive; service: Slides, access_type: full_access, google_classification: sensitive; service: Docs, access_type: full_access, google_classification: sensitive; service: Chat, access_type: full_access, google_classification: sensitive; Online access only",openid; profile; email; https://www.googleapis.com/auth/presentations; https://www.googleapis.com/auth/documents; https://www.googleapis.com/auth/chat.messages,4,0,0,6,4,0,2,High
SC-0326,Strategy B: Addition (student_gen),"service: Identity, access_type: read, google_classification: non_sensitive; service: Identity, access_type: read, google_classification: non_sensitive; service: Identity, access_type: read, google_classification: non_sensitive; service: Slides, access_type: full_access, google_classification: sensitive; service: Docs, access_type: full_access, google_classification: sensitive; service: Drive, access_type: read_write, google_classification: non_sensitive; Online access only",openid; profile; email; https://www.googleapis.com/auth/presentations; https://www.googleapis.com/auth/documents; https://www.googleapis.com/auth/drive.file,4,0,0,6,4,0,2,High
SC-0327,Strategy B: Addition (student_gen),"service: Identity, access_type: read, google_classification: non_sensitive; service: Identity, access_type: read, google_classification: non_sensitive; service: Identity, access_type: read, google_classification: non_sensitive; service: Slides, access_type: full_access, google_classification: sensitive; service: Docs, access_type: full_access, google_classification: sensitive; service: Gmail, access_type: write, google_classification: restricted; Online access only",openid; profile; email; https://www.googleapis.com/auth/presentations; https://www.googleapis.com/auth/documents; https://www.googleapis.com/auth/gmail.send,5,0,0,6,4,1,2,Critical
SC-0328,Strategy B: Addition (student_gen),"service: Identity, access_type: read, google_classification: non_sensitive; service: Identity, access_type: read, google_classification: non_sensitive; service: Identity, access_type: read, google_classification: non_sensitive; service: Tasks, access_type: read, google_classification: sensitive; service: Calendar, access_type: read, google_classification: sensitive; service: Tasks, access_type: full_access, google_classification: sensitive; Online access only",openid; profile; email; https://www.googleapis.com/auth/tasks.readonly; https://www.googleapis.com/auth/calendar.events.readonly; https://www.googleapis.com/auth/tasks,3,0,0,6,3,0,2,High
SC-0329,Strategy B: Addition (student_gen),"service: Identity, access_type: read, google_classification: non_sensitive; service: Identity, access_type: read, google_classification: non_sensitive; service: Identity, access_type: read, google_classification: non_sensitive; service: Tasks, access_type: read, google_classification: sensitive; service: Calendar, access_type: read, google_classification: sensitive; service: Drive, access_type: read_write, google_classification: non_sensitive; Online access only",openid; profile; email; https://www.googleapis.com/auth/tasks.readonly; https://www.googleapis.com/auth/calendar.events.readonly; https://www.googleapis.com/auth/drive.file,4,0,0,6,4,0,1,High
SC-0330,Strategy B: Addition (student_gen),"service: Identity, access_type: read, google_classification: non_sensitive; service: Identity, access_type: read, google_classification: non_sensitive; service: Identity, access_type: read, google_classification: non_sensitive; service: Tasks, access_type: read, google_classification: sensitive; service: Calendar, access_type: read, google_classification: sensitive; service: Contacts, access_type: read, google_classification: sensitive; Online access only",openid; profile; email; https://www.googleapis.com/auth/tasks.readonly; https://www.googleapis.com/auth/calendar.events.readonly; https://www.googleapis.com/auth/contacts.readonly,4,0,1,6,4,0,0,High
SC-0332,Strategy B: Addition (student_gen),"service: Identity, access_type: read, google_classification: non_sensitive; service: Identity, access_type: read, google_classification: non_sensitive; service: Identity, access_type: read, google_classification: non_sensitive; service: Firebase, access_type: full_access, google_classification: sensitive; service: Compute, access_type: full_access, google_classification: sensitive; service: Fitness, access_type: read, google_classification: sensitive; Online access only",openid; profile; email; https://www.googleapis.com/auth/firebase; https://www.googleapis.com/auth/compute; https://www.googleapis.com/auth/fitness.activity.read,4,0,0,6,4,0,2,High
SC-0334,Strategy B: Addition (student_gen),"service: Identity, access_type: read, google_classification: non_sensitive; service: Identity, access_type: read, google_classification: non_sensitive; service: Identity, access_type: read, google_classification: non_sensitive; service: AdSense, access_type: read, google_classification: non_sensitive; service: YouTube, access_type: read, google_classification: sensitive; service: Drive, access_type: read_write, google_classification: non_sensitive; Online access only",openid; profile; email; https://www.googleapis.com/auth/adsense.readonly; https://www.googleapis.com/auth/youtube.readonly; https://www.googleapis.com/auth/drive.file,4,0,0,6,4,0,1,High
SC-0335,Strategy B: Addition (student_gen),"service: Identity, access_type: read, google_classification: non_sensitive; service: Identity, access_type: read, google_classification: non_sensitive; service: Identity, access_type: read, google_classification: non_sensitive; service: AdSense, access_type: read, google_classification: non_sensitive; service: YouTube, access_type: read, google_classification: sensitive; service: Sheets, access_type: full_access, google_classification: sensitive; Online access only",openid; profile; email; https://www.googleapis.com/auth/adsense.readonly; https://www.googleapis.com/auth/youtube.readonly; https://www.googleapis.com/auth/spreadsheets,4,0,0,6,4,0,2,High
SC-0336,Strategy B: Addition (student_gen),"service: Identity, access_type: read, google_classification: non_sensitive; service: Identity, access_type: read, google_classification: non_sensitive; service: Identity, access_type: read, google_classification: non_sensitive; service: AdSense, access_type: read, google_classification: non_sensitive; service: YouTube, access_type: read, google_classification: sensitive; service: Gmail, access_type: write, google_classification: restricted; Online access only",openid; profile; email; https://www.googleapis.com/auth/adsense.readonly; https://www.googleapis.com/auth/youtube.readonly; https://www.googleapis.com/auth/gmail.send,5,0,0,6,4,1,1,Critical
SC-0337,Strategy B: Addition (student_gen),"service: Identity, access_type: read, google_classification: non_sensitive; service: Identity, access_type: read, google_classification: non_sensitive; service: Identity, access_type: read, google_classification: non_sensitive; service: Chat, access_type: full_access, google_classification: sensitive; service: Contacts, access_type: read, google_classification: sensitive; service: Fitness, access_type: read, google_classification: sensitive; Online access only",openid; profile; email; https://www.googleapis.com/auth/chat.messages; https://www.googleapis.com/auth/contacts.readonly; https://www.googleapis.com/auth/fitness.activity.read,4,0,1,6,4,0,2,Critical
SC-0338,Strategy B: Addition (student_gen),"service: Identity, access_type: read, google_classification: non_sensitive; service: Identity, access_type: read, google_classification: non_sensitive; service: Identity, access_type: read, google_classification: non_sensitive; service: Chat, access_type: full_access, google_classification: sensitive; service: Contacts, access_type: read, google_classification: sensitive; service: Sheets, access_type: full_access, google_classification: sensitive; Online access only",openid; profile; email; https://www.googleapis.com/auth/chat.messages; https://www.googleapis.com/auth/contacts.readonly; https://www.googleapis.com/auth/spreadsheets,4,0,1,6,4,0,2,Critical
SC-0339,Strategy B: Addition (student_gen),"service: Identity, access_type: read, google_classification: non_sensitive; service: Identity, access_type: read, google_classification: non_sensitive; service: Identity, access_type: read, google_classification: non_sensitive; service: Chat, access_type: full_access, google_classification: sensitive; service: Contacts, access_type: read, google_classification: sensitive; service: Gmail, access_type: write, google_classification: restricted; Online access only",openid; profile; email; https://www.googleapis.com/auth/chat.messages; https://www.googleapis.com/auth/contacts.readonly; https://www.googleapis.com/auth/gmail.send,5,0,1,6,4,1,2,Critical
SC-0340,Strategy B: Addition (student_gen),"service: Identity, access_type: read, google_classification: non_sensitive; service: Identity, access_type: read, google_classification: non_sensitive; service: Identity, access_type: read, google_classification: non_sensitive; service: Slides, access_type: read, google_classification: sensitive; service: Docs, access_type: read, google_classification: sensitive; service: Photos, access_type: read, google_classification: sensitive; service: Sheets, access_type: read, google_classification: sensitive; service: Contacts, access_type: read, google_classification: sensitive; Online access only",openid; profile; email; https://www.googleapis.com/auth/presentations.readonly; https://www.googleapis.com/auth/documents.readonly; https://www.googleapis.com/auth/photoslibrary.readonly; https://www.googleapis.com/auth/spreadsheets.readonly; https://www.googleapis.com/auth/contacts.readonly,4,0,1,8,6,0,0,High
SC-0341,Strategy B: Addition (student_gen),"service: Identity, access_type: read, google_classification: non_sensitive; service: Identity, access_type: read, google_classification: non_sensitive; service: Identity, access_type: read, google_classification: non_sensitive; service: Slides, access_type: read, google_classification: sensitive; service: Docs, access_type: read, google_classification: sensitive; service: Photos, access_type: read, google_classification: sensitive; service: Sheets, access_type: read, google_classification: sensitive; service: Sheets, access_type: full_access, google_classification: sensitive; Online access only",openid; profile; email; https://www.googleapis.com/auth/presentations.readonly; https://www.googleapis.com/auth/documents.readonly; https://www.googleapis.com/auth/photoslibrary.readonly; https://www.googleapis.com/auth/spreadsheets.readonly; https://www.googleapis.com/auth/spreadsheets,4,0,0,8,5,0,2,High
SC-0342,Strategy B: Addition (student_gen),"service: Identity, access_type: read, google_classification: non_sensitive; service: Identity, access_type: read, google_classification: non_sensitive; service: Identity, access_type: read, google_classification: non_sensitive; service: Slides, access_type: read, google_classification: sensitive; service: Docs, access_type: read, google_classification: sensitive; service: Photos, access_type: read, google_classification: sensitive; service: Sheets, access_type: read, google_classification: sensitive; service: Tasks, access_type: full_access, google_classification: sensitive; Online access only",openid; profile; email; https://www.googleapis.com/auth/presentations.readonly; https://www.googleapis.com/auth/documents.readonly; https://www.googleapis.com/auth/photoslibrary.readonly; https://www.googleapis.com/auth/spreadsheets.readonly; https://www.googleapis.com/auth/tasks,4,0,0,8,6,0,2,High
SC-0345,Strategy B: Addition (student_gen),"service: Identity, access_type: read, google_classification: non_sensitive; service: Identity, access_type: read, google_classification: non_sensitive; service: Identity, access_type: read, google_classification: non_sensitive; service: Identity, access_type: read, google_classification: non_sensitive; service: Analytics, access_type: full_access, google_classification: sensitive; service: Contacts, access_type: read, google_classification: sensitive; service: Fitness, access_type: read, google_classification: sensitive; Online access only",openid; profile; email; https://www.googleapis.com/auth/userinfo.profile; https://www.googleapis.com/auth/analytics; https://www.googleapis.com/auth/user.addresses.read; https://www.googleapis.com/auth/fitness.activity.read,4,0,0,7,4,0,2,High
SC-0346,Strategy B: Addition (student_gen),"service: Identity, access_type: read, google_classification: non_sensitive; service: Identity, access_type: read, google_classification: non_sensitive; service: Identity, access_type: read, google_classification: non_sensitive; service: Classroom, access_type: read, google_classification: sensitive; service: Gmail, access_type: write, google_classification: restricted; service: Contacts, access_type: read, google_classification: sensitive; Online access only",openid; profile; email; https://www.googleapis.com/auth/classroom.profile.emails; https://www.googleapis.com/auth/gmail.send; https://www.googleapis.com/auth/contacts.readonly,5,0,1,6,4,1,1,Critical
SC-0347,Strategy B: Addition (student_gen),"service: Identity, access_type: read, google_classification: non_sensitive; service: Identity, access_type: read, google_classification: non_sensitive; service: Identity, access_type: read, google_classification: non_sensitive; service: Classroom, access_type: read, google_classification: sensitive; service: Gmail, access_type: write, google_classification: restricted; service: Drive, access_type: read_write, google_classification: non_sensitive; Online access only",openid; profile; email; https://www.googleapis.com/auth/classroom.profile.emails; https://www.googleapis.com/auth/gmail.send; https://www.googleapis.com/auth/drive.file,5,0,1,6,4,1,1,Critical
SC-0348,Strategy B: Addition (student_gen),"service: Identity, access_type: read, google_classification: non_sensitive; service: Identity, access_type: read, google_classification: non_sensitive; service: Identity, access_type: read, google_classification: non_sensitive; service: Classroom, access_type: read, google_classification: sensitive; service: Gmail, access_type: write, google_classification: restricted; service: Tasks, access_type: full_access, google_classification: sensitive; Online access only",openid; profile; email; https://www.googleapis.com/auth/classroom.profile.emails; https://www.googleapis.com/auth/gmail.send; https://www.googleapis.com/auth/tasks,5,0,1,6,4,1,2,Critical
SC-0349,Strategy B: Addition (student_gen),"service: BigQuery, access_type: full_access, google_classification: sensitive; service: Cloud Storage, access_type: read_write, google_classification: sensitive; service: Identity, access_type: read, google_classification: non_sensitive; Offline refresh token",https://www.googleapis.com/auth/bigquery; https://www.googleapis.com/auth/devstorage.read_write; profile,3,1,0,3,3,0,2,High
SC-0350,Strategy B: Addition (student_gen),"service: BigQuery, access_type: full_access, google_classification: sensitive; service: Cloud Storage, access_type: read_write, google_classification: sensitive; service: Fitness, access_type: read, google_classification: sensitive; Offline refresh token",https://www.googleapis.com/auth/bigquery; https://www.googleapis.com/auth/devstorage.read_write; https://www.googleapis.com/auth/fitness.activity.read,4,1,0,3,3,0,2,High
SC-0355,Strategy B: Addition (student_gen),"service: Admin, access_type: full_access, google_classification: sensitive; service: Admin, access_type: read, google_classification: sensitive; service: Gmail, access_type: write, google_classification: restricted; service: Identity, access_type: read, google_classification: non_sensitive; Online access only",https://www.googleapis.com/auth/admin.directory.rolemanagement; https://www.googleapis.com/auth/admin.directory.user.readonly; https://www.googleapis.com/auth/gmail.settings.sharing; openid,5,0,1,4,3,1,3,Critical
SC-0356,Strategy B: Addition (student_gen),"service: Admin, access_type: full_access, google_classification: sensitive; service: Admin, access_type: read, google_classification: sensitive; service: Gmail, access_type: write, google_classification: restricted; service: Sheets, access_type: full_access, google_classification: sensitive; Online access only",https://www.googleapis.com/auth/admin.directory.rolemanagement; https://www.googleapis.com/auth/admin.directory.user.readonly; https://www.googleapis.com/auth/gmail.settings.sharing; https://www.googleapis.com/auth/spreadsheets,5,0,1,4,3,1,3,Critical
SC-0357,Strategy B: Addition (student_gen),"service: Admin, access_type: full_access, google_classification: sensitive; service: Admin, access_type: read, google_classification: sensitive; service: Gmail, access_type: write, google_classification: restricted; service: Identity, access_type: read, google_classification: non_sensitive; Online access only",https://www.googleapis.com/auth/admin.directory.rolemanagement; https://www.googleapis.com/auth/admin.directory.user.readonly; https://www.googleapis.com/auth/gmail.settings.sharing; email,5,0,1,4,3,1,3,Critical
SC-0358,Strategy B: Addition (student_gen),"service: Identity, access_type: read, google_classification: non_sensitive; service: Identity, access_type: read, google_classification: non_sensitive; service: Identity, access_type: read, google_classification: non_sensitive; service: Keep, access_type: full_access, google_classification: restricted; service: Tasks, access_type: full_access, google_classification: sensitive; service: Calendar, access_type: read_write, google_classification: sensitive; service: Contacts, access_type: read, google_classification: sensitive; Online access only",openid; profile; email; https://www.googleapis.com/auth/keep; https://www.googleapis.com/auth/tasks; https://www.googleapis.com/auth/calendar.events.owned; https://www.googleapis.com/auth/contacts.readonly,4,0,1,7,5,1,2,Critical
SC-0359,Strategy B: Addition (student_gen),"service: Identity, access_type: read, google_classification: non_sensitive; service: Identity, access_type: read, google_classification: non_sensitive; service: Identity, access_type: read, google_classification: non_sensitive; service: Keep, access_type: full_access, google_classification: restricted; service: Tasks, access_type: full_access, google_classification: sensitive; service: Calendar, access_type: read_write, google_classification: sensitive; service: Calendar, access_type: read, google_classification: sensitive; Online access only",openid; profile; email; https://www.googleapis.com/auth/keep; https://www.googleapis.com/auth/tasks; https://www.googleapis.com/auth/calendar.events.owned; https://www.googleapis.com/auth/calendar.events.readonly,4,0,0,7,4,1,2,Critical
SC-0360,Strategy B: Addition (student_gen),"service: Identity, access_type: read, google_classification: non_sensitive; service: Identity, access_type: read, google_classification: non_sensitive; service: Identity, access_type: read, google_classification: non_sensitive; service: Keep, access_type: full_access, google_classification: restricted; service: Tasks, access_type: full_access, google_classification: sensitive; service: Calendar, access_type: read_write, google_classification: sensitive; service: Sheets, access_type: full_access, google_classification: sensitive; Online access only",openid; profile; email; https://www.googleapis.com/auth/keep; https://www.googleapis.com/auth/tasks; https://www.googleapis.com/auth/calendar.events.owned; https://www.googleapis.com/auth/spreadsheets,4,0,0,7,5,1,2,Critical
SC-0364,Strategy B: Addition (student_gen),"service: Identity, access_type: read, google_classification: non_sensitive; service: Identity, access_type: read, google_classification: non_sensitive; service: Identity, access_type: read, google_classification: non_sensitive; service: Chat, access_type: full_access, google_classification: sensitive; service: Drive, access_type: read, google_classification: restricted; service: Fitness, access_type: read, google_classification: sensitive; Online access only",openid; profile; email; https://www.googleapis.com/auth/chat.messages; https://www.googleapis.com/auth/drive.readonly; https://www.googleapis.com/auth/fitness.activity.read,4,0,0,6,4,1,2,Critical
SC-0365,Strategy B: Addition (student_gen),"service: Identity, access_type: read, google_classification: non_sensitive; service: Identity, access_type: read, google_classification: non_sensitive; service: Identity, access_type: read, google_classification: non_sensitive; service: Chat, access_type: full_access, google_classification: sensitive; service: Drive, access_type: read, google_classification: restricted; service: Calendar, access_type: read, google_classification: sensitive; Online access only",openid; profile; email; https://www.googleapis.com/auth/chat.messages; https://www.googleapis.com/auth/drive.readonly; https://www.googleapis.com/auth/calendar.events.readonly,4,0,0,6,4,1,2,Critical
SC-0366,Strategy B: Addition (student_gen),"service: Identity, access_type: read, google_classification: non_sensitive; service: Identity, access_type: read, google_classification: non_sensitive; service: Identity, access_type: read, google_classification: non_sensitive; service: Chat, access_type: full_access, google_classification: sensitive; service: Drive, access_type: read, google_classification: restricted; service: Gmail, access_type: write, google_classification: restricted; Online access only",openid; profile; email; https://www.googleapis.com/auth/chat.messages; https://www.googleapis.com/auth/drive.readonly; https://www.googleapis.com/auth/gmail.send,5,0,0,6,4,1,2,Critical
SC-0367,Strategy B: Addition (student_gen),"service: Cloud Storage, access_type: read_write, google_classification: sensitive; service: Admin, access_type: read_write, google_classification: sensitive; service: Contacts, access_type: read, google_classification: sensitive; Offline refresh token",https://www.googleapis.com/auth/devstorage.read_write; https://www.googleapis.com/auth/admin.datatransfer; https://www.googleapis.com/auth/contacts.readonly,5,1,1,3,3,0,3,Critical
SC-0368,Strategy B: Addition (student_gen),"service: Cloud Storage, access_type: read_write, google_classification: sensitive; service: Admin, access_type: read_write, google_classification: sensitive; service: Identity, access_type: read, google_classification: non_sensitive; Offline refresh token",https://www.googleapis.com/auth/devstorage.read_write; https://www.googleapis.com/auth/admin.datatransfer; openid,5,1,1,3,3,0,3,Critical
SC-0369,Strategy B: Addition (student_gen),"service: Cloud Storage, access_type: read_write, google_classification: sensitive; service: Admin, access_type: read_write, google_classification: sensitive; service: Gmail, access_type: write, google_classification: restricted; Offline refresh token",https://www.googleapis.com/auth/devstorage.read_write; https://www.googleapis.com/auth/admin.datatransfer; https://www.googleapis.com/auth/gmail.send,5,1,1,3,3,1,3,Critical
SC-0372,Strategy B: Addition (student_gen),"service: Identity, access_type: read, google_classification: non_sensitive; service: Identity, access_type: read, google_classification: non_sensitive; service: Identity, access_type: read, google_classification: non_sensitive; service: Blogger, access_type: full_access, google_classification: sensitive; service: Analytics, access_type: full_access, google_classification: sensitive; service: Apps Script, access_type: write, google_classification: sensitive; service: Gmail, access_type: write, google_classification: restricted; Offline refresh token",openid; profile; email; https://www.googleapis.com/auth/blogger; https://www.googleapis.com/auth/analytics; https://www.googleapis.com/auth/script.projects; https://www.googleapis.com/auth/gmail.send,5,1,0,7,5,1,2,Critical
SC-0373,Strategy B: Addition (student_gen),"service: Identity, access_type: read, google_classification: non_sensitive; service: Identity, access_type: read, google_classification: non_sensitive; service: Identity, access_type: read, google_classification: non_sensitive; service: Sheets, access_type: full_access, google_classification: sensitive; Online access only",openid; profile; email; https://www.googleapis.com/auth/spreadsheets,4,0,0,4,2,0,2,High
SC-0374,Strategy B: Addition (student_gen),"service: Identity, access_type: read, google_classification: non_sensitive; service: Identity, access_type: read, google_classification: non_sensitive; service: Identity, access_type: read, google_classification: non_sensitive; service: Contacts, access_type: read, google_classification: sensitive; Online access only",openid; profile; email; https://www.googleapis.com/auth/contacts.readonly,4,0,1,4,2,0,0,Medium
SC-0375,Strategy J: Bool Switching of Medium Risk Combinations,"service: Identity, access_type: read, google_classification: non_sensitive; service: Identity, access_type: read, google_classification: non_sensitive; service: Identity, access_type: read, google_classification: non_sensitive; service: Calendar, access_type: read, google_classification: sensitive; Offline refresh token",openid; profile; email; https://www.googleapis.com/auth/calendar.events.readonly,3,1,0,4,2,0,0,Medium
SC-0376,Strategy J: Bool Switching of Medium Risk Combinations,"service: Identity, access_type: read, google_classification: non_sensitive; service: Identity, access_type: read, google_classification: non_sensitive; service: Tasks, access_type: full_access, google_classification: sensitive; Offline refresh token",openid; email; https://www.googleapis.com/auth/tasks,3,1,0,3,2,0,2,High
SC-0377,Strategy B: Addition (student_gen),"service: Identity, access_type: read, google_classification: non_sensitive; service: Identity, access_type: read, google_classification: non_sensitive; service: Calendar, access_type: read, google_classification: sensitive; Online access only",openid; email; https://www.googleapis.com/auth/calendar.events.readonly,3,0,0,3,2,0,0,Low
SC-0378,Strategy B: Addition (student_gen),"service: Identity, access_type: read, google_classification: non_sensitive; service: Identity, access_type: read, google_classification: non_sensitive; service: Identity, access_type: read, google_classification: non_sensitive; service: Identity, access_type: read, google_classification: non_sensitive; service: Identity, access_type: read, google_classification: non_sensitive; service: Drive, access_type: read_write, google_classification: non_sensitive; Online access only",openid; profile; email; https://www.googleapis.com/auth/userinfo.email; https://www.googleapis.com/auth/userinfo.profile; https://www.googleapis.com/auth/drive.file,4,0,0,6,2,0,1,High
SC-0379,Strategy B: Addition (student_gen),"service: Identity, access_type: read, google_classification: non_sensitive; service: Identity, access_type: read, google_classification: non_sensitive; service: Identity, access_type: read, google_classification: non_sensitive; service: Identity, access_type: read, google_classification: non_sensitive; service: Identity, access_type: read, google_classification: non_sensitive; service: Fitness, access_type: read, google_classification: sensitive; Online access only",openid; profile; email; https://www.googleapis.com/auth/userinfo.email; https://www.googleapis.com/auth/userinfo.profile; https://www.googleapis.com/auth/fitness.activity.read,4,0,0,6,2,0,0,Medium
SC-0380,Strategy B: Addition (student_gen),"service: Identity, access_type: read, google_classification: non_sensitive; service: Identity, access_type: read, google_classification: non_sensitive; service: Identity, access_type: read, google_classification: non_sensitive; service: Identity, access_type: read, google_classification: non_sensitive; service: Identity, access_type: read, google_classification: non_sensitive; service: Calendar, access_type: read, google_classification: sensitive; Online access only",openid; profile; email; https://www.googleapis.com/auth/userinfo.email; https://www.googleapis.com/auth/userinfo.profile; https://www.googleapis.com/auth/calendar.events.readonly,3,0,0,6,2,0,0,Medium
SC-0381,Strategy B: Addition (student_gen),"service: Identity, access_type: read, google_classification: non_sensitive; service: Identity, access_type: read, google_classification: non_sensitive; service: Identity, access_type: read, google_classification: non_sensitive; service: Identity, access_type: read, google_classification: non_sensitive; service: Chat, access_type: full_access, google_classification: sensitive; Online access only",openid; profile; email; https://www.googleapis.com/auth/userinfo.email; https://www.googleapis.com/auth/chat.messages,4,0,0,5,2,0,2,High
SC-0382,Strategy B: Addition (student_gen),"service: Identity, access_type: read, google_classification: non_sensitive; service: Identity, access_type: read, google_classification: non_sensitive; service: Identity, access_type: read, google_classification: non_sensitive; service: Identity, access_type: read, google_classification: non_sensitive; service: Calendar, access_type: read, google_classification: sensitive; Online access only",openid; profile; email; https://www.googleapis.com/auth/userinfo.email; https://www.googleapis.com/auth/calendar.events.readonly,3,0,0,5,2,0,0,Medium
SC-0383,Strategy B: Addition (student_gen),"service: Identity, access_type: read, google_classification: non_sensitive; service: Identity, access_type: read, google_classification: non_sensitive; service: Identity, access_type: read, google_classification: non_sensitive; service: Identity, access_type: read, google_classification: non_sensitive; service: Contacts, access_type: read, google_classification: sensitive; Online access only",openid; profile; email; https://www.googleapis.com/auth/userinfo.email; https://www.googleapis.com/auth/contacts.readonly,4,0,1,5,2,0,0,Medium
SC-0384,Strategy B: Addition (student_gen),"service: Identity, access_type: read, google_classification: non_sensitive; service: Identity, access_type: read, google_classification: non_sensitive; service: Identity, access_type: read, google_classification: non_sensitive; service: Docs, access_type: full_access, google_classification: sensitive; service: Forms, access_type: full_access, google_classification: sensitive; service: Drive, access_type: read_write, google_classification: non_sensitive; service: Contacts, access_type: read, google_classification: sensitive; Online access only",openid; profile; email; https://www.googleapis.com/auth/documents; https://www.googleapis.com/auth/forms.body; https://www.googleapis.com/auth/drive.file; https://www.googleapis.com/auth/contacts.readonly,4,0,1,7,5,0,2,Critical
SC-0385,Strategy B: Addition (student_gen),"service: Identity, access_type: read, google_classification: non_sensitive; service: Identity, access_type: read, google_classification: non_sensitive; service: Identity, access_type: read, google_classification: non_sensitive; service: Docs, access_type: full_access, google_classification: sensitive; service: Forms, access_type: full_access, google_classification: sensitive; service: Drive, access_type: read_write, google_classification: non_sensitive; service: Chat, access_type: full_access, google_classification: sensitive; Online access only",openid; profile; email; https://www.googleapis.com/auth/documents; https://www.googleapis.com/auth/forms.body; https://www.googleapis.com/auth/drive.file; https://www.googleapis.com/auth/chat.messages,4,0,0,7,5,0,2,High
SC-0386,Strategy B: Addition (student_gen),"service: Identity, access_type: read, google_classification: non_sensitive; service: Identity, access_type: read, google_classification: non_sensitive; service: Identity, access_type: read, google_classification: non_sensitive; service: Docs, access_type: full_access, google_classification: sensitive; service: Forms, access_type: full_access, google_classification: sensitive; service: Drive, access_type: read_write, google_classification: non_sensitive; service: Sheets, access_type: full_access, google_classification: sensitive; Online access only",openid; profile; email; https://www.googleapis.com/auth/documents; https://www.googleapis.com/auth/forms.body; https://www.googleapis.com/auth/drive.file; https://www.googleapis.com/auth/spreadsheets,4,0,0,7,5,0,2,High
SC-0387,Strategy B: Addition (student_gen),"service: Identity, access_type: read, google_classification: non_sensitive; service: Identity, access_type: read, google_classification: non_sensitive; service: Identity, access_type: read, google_classification: non_sensitive; service: Firebase, access_type: full_access, google_classification: sensitive; service: Fitness, access_type: read, google_classification: sensitive; service: Chat, access_type: full_access, google_classification: sensitive; Offline refresh token",openid; profile; email; https://www.googleapis.com/auth/firebase; https://www.googleapis.com/auth/fitness.blood_glucose.read; https://www.googleapis.com/auth/chat.messages,4,1,0,6,4,0,2,Critical
SC-0388,Strategy B: Addition (student_gen),"service: Identity, access_type: read, google_classification: non_sensitive; service: Identity, access_type: read, google_classification: non_sensitive; service: Identity, access_type: read, google_classification: non_sensitive; service: Firebase, access_type: full_access, google_classification: sensitive; service: Fitness, access_type: read, google_classification: sensitive; service: Gmail, access_type: write, google_classification: restricted; Offline refresh token",openid; profile; email; https://www.googleapis.com/auth/firebase; https://www.googleapis.com/auth/fitness.blood_glucose.read; https://www.googleapis.com/auth/gmail.send,5,1,0,6,4,1,2,Critical
SC-0389,Strategy B: Addition (student_gen),"service: Identity, access_type: read, google_classification: non_sensitive; service: Identity, access_type: read, google_classification: non_sensitive; service: Identity, access_type: read, google_classification: non_sensitive; service: Firebase, access_type: full_access, google_classification: sensitive; service: Fitness, access_type: read, google_classification: sensitive; service: Contacts, access_type: read, google_classification: sensitive; Offline refresh token",openid; profile; email; https://www.googleapis.com/auth/firebase; https://www.googleapis.com/auth/fitness.blood_glucose.read; https://www.googleapis.com/auth/contacts.readonly,4,1,1,6,4,0,2,Critical
SC-0390,Strategy B: Addition (student_gen),"service: Identity, access_type: read, google_classification: non_sensitive; service: Identity, access_type: read, google_classification: non_sensitive; service: Identity, access_type: read, google_classification: non_sensitive; service: Gmail, access_type: read, google_classification: restricted; service: Calendar, access_type: read_write, google_classification: sensitive; service: Gmail, access_type: write, google_classification: restricted; Online access only",openid; profile; email; https://www.googleapis.com/auth/gmail.readonly; https://www.googleapis.com/auth/calendar.events.owned; https://www.googleapis.com/auth/gmail.send,5,0,0,6,3,1,1,High
SC-0391,Strategy B: Addition (student_gen),"service: Identity, access_type: read, google_classification: non_sensitive; service: Identity, access_type: read, google_classification: non_sensitive; service: Identity, access_type: read, google_classification: non_sensitive; service: Gmail, access_type: read, google_classification: restricted; service: Calendar, access_type: read_write, google_classification: sensitive; service: Chat, access_type: full_access, google_classification: sensitive; Online access only",openid; profile; email; https://www.googleapis.com/auth/gmail.readonly; https://www.googleapis.com/auth/calendar.events.owned; https://www.googleapis.com/auth/chat.messages,5,0,0,6,4,1,2,Critical
SC-0392,Strategy B: Addition (student_gen),"service: Identity, access_type: read, google_classification: non_sensitive; service: Identity, access_type: read, google_classification: non_sensitive; service: Identity, access_type: read, google_classification: non_sensitive; service: Gmail, access_type: read, google_classification: restricted; service: Calendar, access_type: read_write, google_classification: sensitive; service: Sheets, access_type: full_access, google_classification: sensitive; Online access only",openid; profile; email; https://www.googleapis.com/auth/gmail.readonly; https://www.googleapis.com/auth/calendar.events.owned; https://www.googleapis.com/auth/spreadsheets,5,0,0,6,4,1,2,Critical
SC-0393,Strategy B: Addition (student_gen),"service: Identity, access_type: read, google_classification: non_sensitive; service: Identity, access_type: read, google_classification: non_sensitive; service: Identity, access_type: read, google_classification: non_sensitive; service: Classroom, access_type: read_write, google_classification: sensitive; service: Sheets, access_type: full_access, google_classification: sensitive; service: Contacts, access_type: read, google_classification: sensitive; Online access only",openid; profile; email; https://www.googleapis.com/auth/classroom.coursework.students; https://www.googleapis.com/auth/spreadsheets; https://www.googleapis.com/auth/contacts.readonly,4,0,1,6,4,0,2,Critical
SC-0394,Strategy B: Addition (student_gen),"service: Identity, access_type: read, google_classification: non_sensitive; service: Identity, access_type: read, google_classification: non_sensitive; service: Identity, access_type: read, google_classification: non_sensitive; service: Classroom, access_type: read_write, google_classification: sensitive; service: Sheets, access_type: full_access, google_classification: sensitive; service: Calendar, access_type: read, google_classification: sensitive; Online access only",openid; profile; email; https://www.googleapis.com/auth/classroom.coursework.students; https://www.googleapis.com/auth/spreadsheets; https://www.googleapis.com/auth/calendar.events.readonly,4,0,0,6,4,0,2,High
SC-0395,Strategy B: Addition (student_gen),"service: Identity, access_type: read, google_classification: non_sensitive; service: Identity, access_type: read, google_classification: non_sensitive; service: Identity, access_type: read, google_classification: non_sensitive; service: Classroom, access_type: read_write, google_classification: sensitive; service: Sheets, access_type: full_access, google_classification: sensitive; service: Drive, access_type: read_write, google_classification: non_sensitive; Online access only",openid; profile; email; https://www.googleapis.com/auth/classroom.coursework.students; https://www.googleapis.com/auth/spreadsheets; https://www.googleapis.com/auth/drive.file,4,0,0,6,4,0,2,High
SC-0397,Strategy B: Addition (student_gen),"service: BigQuery, access_type: write, google_classification: sensitive; service: Drive, access_type: read, google_classification: restricted; service: Drive, access_type: read_write, google_classification: non_sensitive; Online access only",https://www.googleapis.com/auth/bigquery.insertdata; https://www.googleapis.com/auth/drive.readonly; https://www.googleapis.com/auth/drive.file,4,0,0,3,2,1,1,High
SC-0399,Strategy B: Addition (student_gen),"service: Identity, access_type: read, google_classification: non_sensitive; service: Identity, access_type: read, google_classification: non_sensitive; service: Identity, access_type: read, google_classification: non_sensitive; service: Drive, access_type: read, google_classification: restricted; service: YouTube, access_type: write, google_classification: sensitive; service: Calendar, access_type: read, google_classification: sensitive; Online access only",openid; profile; email; https://www.googleapis.com/auth/drive.readonly; https://www.googleapis.com/auth/youtube.upload; https://www.googleapis.com/auth/calendar.events.readonly,4,0,0,6,4,1,1,High
SC-0401,Strategy B: Addition (student_gen),"service: Identity, access_type: read, google_classification: non_sensitive; service: Identity, access_type: read, google_classification: non_sensitive; service: Identity, access_type: read, google_classification: non_sensitive; service: Drive, access_type: read, google_classification: restricted; service: YouTube, access_type: write, google_classification: sensitive; service: Gmail, access_type: write, google_classification: restricted; Online access only",openid; profile; email; https://www.googleapis.com/auth/drive.readonly; https://www.googleapis.com/auth/youtube.upload; https://www.googleapis.com/auth/gmail.send,5,0,0,6,4,1,1,Critical
SC-0402,Strategy B: Addition (student_gen),"service: Identity, access_type: read, google_classification: non_sensitive; service: Identity, access_type: read, google_classification: non_sensitive; service: Identity, access_type: read, google_classification: non_sensitive; service: Forms, access_type: read, google_classification: sensitive; service: Gmail, access_type: write, google_classification: restricted; service: Contacts, access_type: read, google_classification: sensitive; Online access only",openid; profile; email; https://www.googleapis.com/auth/forms.responses.readonly; https://www.googleapis.com/auth/gmail.send; https://www.googleapis.com/auth/contacts.readonly,5,0,1,6,4,1,1,Critical
SC-0403,Strategy B: Addition (student_gen),"service: Identity, access_type: read, google_classification: non_sensitive; service: Identity, access_type: read, google_classification: non_sensitive; service: Identity, access_type: read, google_classification: non_sensitive; service: Forms, access_type: read, google_classification: sensitive; service: Gmail, access_type: write, google_classification: restricted; service: Calendar, access_type: read, google_classification: sensitive; Online access only",openid; profile; email; https://www.googleapis.com/auth/forms.responses.readonly; https://www.googleapis.com/auth/gmail.send; https://www.googleapis.com/auth/calendar.events.readonly,5,0,0,6,4,1,1,Critical
SC-0404,Strategy B: Addition (student_gen),"service: Identity, access_type: read, google_classification: non_sensitive; service: Identity, access_type: read, google_classification: non_sensitive; service: Identity, access_type: read, google_classification: non_sensitive; service: Forms, access_type: read, google_classification: sensitive; service: Gmail, access_type: write, google_classification: restricted; service: Drive, access_type: read_write, google_classification: non_sensitive; Online access only",openid; profile; email; https://www.googleapis.com/auth/forms.responses.readonly; https://www.googleapis.com/auth/gmail.send; https://www.googleapis.com/auth/drive.file,5,0,0,6,4,1,1,Critical
SC-0407,Strategy B: Addition (student_gen),"service: Identity, access_type: read, google_classification: non_sensitive; service: Identity, access_type: read, google_classification: non_sensitive; service: Identity, access_type: read, google_classification: non_sensitive; service: Analytics, access_type: read, google_classification: non_sensitive; service: Sheets, access_type: full_access, google_classification: sensitive; service: Gmail, access_type: write, google_classification: restricted; Offline refresh token",openid; profile; email; https://www.googleapis.com/auth/analytics.readonly; https://www.googleapis.com/auth/spreadsheets; https://www.googleapis.com/auth/gmail.send,5,1,0,6,4,1,2,Critical
SC-0408,Strategy B: Addition (student_gen),"service: Identity, access_type: read, google_classification: non_sensitive; service: Identity, access_type: read, google_classification: non_sensitive; service: Identity, access_type: read, google_classification: non_sensitive; service: Gmail, access_type: write, google_classification: restricted; service: Gmail, access_type: read, google_classification: restricted; service: Sheets, access_type: full_access, google_classification: sensitive; service: Drive, access_type: read_write, google_classification: non_sensitive; service: Contacts, access_type: read, google_classification: sensitive; service: Chat, access_type: full_access, google_classification: sensitive; Online access only",openid; profile; email; https://www.googleapis.com/auth/gmail.send; https://www.googleapis.com/auth/gmail.readonly; https://www.googleapis.com/auth/spreadsheets; https://www.googleapis.com/auth/drive.file; https://www.googleapis.com/auth/contacts.readonly; https://www.googleapis.com/auth/chat.messages,5,0,1,9,6,1,2,Critical
SC-0409,Strategy B: Addition (student_gen),"service: Identity, access_type: read, google_classification: non_sensitive; service: Identity, access_type: read, google_classification: non_sensitive; service: Identity, access_type: read, google_classification: non_sensitive; service: Gmail, access_type: write, google_classification: restricted; service: Gmail, access_type: read, google_classification: restricted; service: Sheets, access_type: full_access, google_classification: sensitive; service: Drive, access_type: read_write, google_classification: non_sensitive; service: Contacts, access_type: read, google_classification: sensitive; service: Tasks, access_type: full_access, google_classification: sensitive; Online access only",openid; profile; email; https://www.googleapis.com/auth/gmail.send; https://www.googleapis.com/auth/gmail.readonly; https://www.googleapis.com/auth/spreadsheets; https://www.googleapis.com/auth/drive.file; https://www.googleapis.com/auth/contacts.readonly; https://www.googleapis.com/auth/tasks,5,0,1,9,6,1,2,Critical
SC-0410,Strategy B: Addition (student_gen),"service: Identity, access_type: read, google_classification: non_sensitive; service: Identity, access_type: read, google_classification: non_sensitive; service: Identity, access_type: read, google_classification: non_sensitive; service: Gmail, access_type: write, google_classification: restricted; service: Gmail, access_type: read, google_classification: restricted; service: Sheets, access_type: full_access, google_classification: sensitive; service: Drive, access_type: read_write, google_classification: non_sensitive; service: Contacts, access_type: read, google_classification: sensitive; service: Calendar, access_type: read, google_classification: sensitive; Online access only",openid; profile; email; https://www.googleapis.com/auth/gmail.send; https://www.googleapis.com/auth/gmail.readonly; https://www.googleapis.com/auth/spreadsheets; https://www.googleapis.com/auth/drive.file; https://www.googleapis.com/auth/contacts.readonly; https://www.googleapis.com/auth/calendar.events.readonly,5,0,1,9,6,1,2,Critical
SC-0413,Strategy B: Addition (student_gen),"service: Identity, access_type: read, google_classification: non_sensitive; service: Identity, access_type: read, google_classification: non_sensitive; service: Identity, access_type: read, google_classification: non_sensitive; service: Blogger, access_type: full_access, google_classification: sensitive; service: Docs, access_type: read, google_classification: sensitive; service: Gmail, access_type: write, google_classification: restricted; Online access only",openid; profile; email; https://www.googleapis.com/auth/blogger; https://www.googleapis.com/auth/documents.readonly; https://www.googleapis.com/auth/gmail.send,5,0,0,6,4,1,2,Critical
SC-0414,Strategy B: Addition (student_gen),"service: Identity, access_type: read, google_classification: non_sensitive; service: Identity, access_type: read, google_classification: non_sensitive; service: Identity, access_type: read, google_classification: non_sensitive; service: Drive, access_type: write, google_classification: sensitive; service: Apps Script, access_type: write, google_classification: sensitive; service: Drive, access_type: read_write, google_classification: sensitive; service: Fitness, access_type: read, google_classification: sensitive; Offline refresh token",openid; profile; email; https://www.googleapis.com/auth/drive.scripts; https://www.googleapis.com/auth/script.projects; https://www.googleapis.com/auth/drive.activity; https://www.googleapis.com/auth/fitness.activity.read,4,1,0,7,4,0,1,High
SC-0415,Strategy B: Addition (student_gen),"service: Identity, access_type: read, google_classification: non_sensitive; service: Identity, access_type: read, google_classification: non_sensitive; service: Identity, access_type: read, google_classification: non_sensitive; service: Drive, access_type: write, google_classification: sensitive; service: Apps Script, access_type: write, google_classification: sensitive; service: Drive, access_type: read_write, google_classification: sensitive; service: Gmail, access_type: write, google_classification: restricted; Offline refresh token",openid; profile; email; https://www.googleapis.com/auth/drive.scripts; https://www.googleapis.com/auth/script.projects; https://www.googleapis.com/auth/drive.activity; https://www.googleapis.com/auth/gmail.send,5,1,0,7,4,1,1,Critical
SC-0416,Strategy B: Addition (student_gen),"service: Identity, access_type: read, google_classification: non_sensitive; service: Identity, access_type: read, google_classification: non_sensitive; service: Identity, access_type: read, google_classification: non_sensitive; service: Drive, access_type: write, google_classification: sensitive; service: Apps Script, access_type: write, google_classification: sensitive; service: Drive, access_type: read_write, google_classification: sensitive; service: Sheets, access_type: full_access, google_classification: sensitive; Offline refresh token",openid; profile; email; https://www.googleapis.com/auth/drive.scripts; https://www.googleapis.com/auth/script.projects; https://www.googleapis.com/auth/drive.activity; https://www.googleapis.com/auth/spreadsheets,4,1,0,7,4,0,2,Critical
SC-0417,Strategy B: Addition (student_gen),"service: Identity, access_type: read, google_classification: non_sensitive; service: Identity, access_type: read, google_classification: non_sensitive; service: Identity, access_type: read, google_classification: non_sensitive; service: Forms, access_type: read, google_classification: sensitive; service: Calendar, access_type: read_write, google_classification: sensitive; service: Gmail, access_type: write, google_classification: restricted; Online access only",openid; profile; email; https://www.googleapis.com/auth/forms.responses.readonly; https://www.googleapis.com/auth/calendar.events.owned; https://www.googleapis.com/auth/gmail.send,5,0,0,6,4,1,1,Critical
SC-0418,Strategy B: Addition (student_gen),"service: Identity, access_type: read, google_classification: non_sensitive; service: Identity, access_type: read, google_classification: non_sensitive; service: Identity, access_type: read, google_classification: non_sensitive; service: Forms, access_type: read, google_classification: sensitive; service: Calendar, access_type: read_write, google_classification: sensitive; service: Fitness, access_type: read, google_classification: sensitive; Online access only",openid; profile; email; https://www.googleapis.com/auth/forms.responses.readonly; https://www.googleapis.com/auth/calendar.events.owned; https://www.googleapis.com/auth/fitness.activity.read,4,0,0,6,4,0,1,High
SC-0419,Strategy B: Addition (student_gen),"service: Identity, access_type: read, google_classification: non_sensitive; service: Identity, access_type: read, google_classification: non_sensitive; service: Identity, access_type: read, google_classification: non_sensitive; service: Forms, access_type: read, google_classification: sensitive; service: Calendar, access_type: read_write, google_classification: sensitive; service: Drive, access_type: read_write, google_classification: non_sensitive; Online access only",openid; profile; email; https://www.googleapis.com/auth/forms.responses.readonly; https://www.googleapis.com/auth/calendar.events.owned; https://www.googleapis.com/auth/drive.file,4,0,0,6,4,0,1,High
SC-0420,Strategy B: Addition (student_gen),"service: Identity, access_type: read, google_classification: non_sensitive; service: Identity, access_type: read, google_classification: non_sensitive; service: Identity, access_type: read, google_classification: non_sensitive; service: Gmail, access_type: read, google_classification: sensitive; service: Chat, access_type: full_access, google_classification: sensitive; service: Gmail, access_type: write, google_classification: restricted; Online access only",openid; profile; email; https://www.googleapis.com/auth/gmail.addons.current.message.readonly; https://www.googleapis.com/auth/chat.messages; https://www.googleapis.com/auth/gmail.send,5,0,0,6,3,1,2,Critical
SC-0421,Strategy B: Addition (student_gen),"service: Identity, access_type: read, google_classification: non_sensitive; service: Identity, access_type: read, google_classification: non_sensitive; service: Identity, access_type: read, google_classification: non_sensitive; service: Gmail, access_type: read, google_classification: sensitive; service: Chat, access_type: full_access, google_classification: sensitive; service: Contacts, access_type: read, google_classification: sensitive; Online access only",openid; profile; email; https://www.googleapis.com/auth/gmail.addons.current.message.readonly; https://www.googleapis.com/auth/chat.messages; https://www.googleapis.com/auth/contacts.readonly,5,0,1,6,4,0,2,Critical
SC-0422,Strategy B: Addition (student_gen),"service: Identity, access_type: read, google_classification: non_sensitive; service: Identity, access_type: read, google_classification: non_sensitive; service: Identity, access_type: read, google_classification: non_sensitive; service: Gmail, access_type: read, google_classification: sensitive; service: Chat, access_type: full_access, google_classification: sensitive; service: Drive, access_type: read_write, google_classification: non_sensitive; Online access only",openid; profile; email; https://www.googleapis.com/auth/gmail.addons.current.message.readonly; https://www.googleapis.com/auth/chat.messages; https://www.googleapis.com/auth/drive.file,5,0,0,6,4,0,2,Critical
SC-0423,Strategy B: Addition (student_gen),"service: Identity, access_type: read, google_classification: non_sensitive; service: Identity, access_type: read, google_classification: non_sensitive; service: Identity, access_type: read, google_classification: non_sensitive; service: Calendar, access_type: read_write, google_classification: sensitive; service: Chat, access_type: read, google_classification: sensitive; service: Contacts, access_type: read, google_classification: sensitive; Online access only",openid; profile; email; https://www.googleapis.com/auth/calendar.events.owned; https://www.googleapis.com/auth/chat.messages.readonly; https://www.googleapis.com/auth/contacts.readonly,4,0,1,6,4,0,1,High
SC-0424,Strategy B: Addition (student_gen),"service: Identity, access_type: read, google_classification: non_sensitive; service: Identity, access_type: read, google_classification: non_sensitive; service: Identity, access_type: read, google_classification: non_sensitive; service: Calendar, access_type: read_write, google_classification: sensitive; service: Chat, access_type: read, google_classification: sensitive; service: Fitness, access_type: read, google_classification: sensitive; Online access only",openid; profile; email; https://www.googleapis.com/auth/calendar.events.owned; https://www.googleapis.com/auth/chat.messages.readonly; https://www.googleapis.com/auth/fitness.activity.read,4,0,0,6,4,0,1,High
SC-0425,Strategy B: Addition (student_gen),"service: Identity, access_type: read, google_classification: non_sensitive; service: Identity, access_type: read, google_classification: non_sensitive; service: Identity, access_type: read, google_classification: non_sensitive; service: Calendar, access_type: read_write, google_classification: sensitive; service: Chat, access_type: read, google_classification: sensitive; service: Calendar, access_type: read, google_classification: sensitive; Online access only",openid; profile; email; https://www.googleapis.com/auth/calendar.events.owned; https://www.googleapis.com/auth/chat.messages.readonly; https://www.googleapis.com/auth/calendar.events.readonly,4,0,0,6,3,0,1,High
SC-0427,Strategy B: Addition (student_gen),"service: BigQuery, access_type: full_access, google_classification: sensitive; service: Cloud Storage, access_type: read_write, google_classification: sensitive; service: Sheets, access_type: full_access, google_classification: sensitive; service: Contacts, access_type: read, google_classification: sensitive; Offline refresh token",https://www.googleapis.com/auth/bigquery; https://www.googleapis.com/auth/devstorage.read_write; https://www.googleapis.com/auth/spreadsheets; https://www.googleapis.com/auth/contacts.readonly,4,1,1,4,4,0,2,Critical
SC-0428,Strategy B: Addition (student_gen),"service: BigQuery, access_type: full_access, google_classification: sensitive; service: Cloud Storage, access_type: read_write, google_classification: sensitive; service: Sheets, access_type: full_access, google_classification: sensitive; service: Fitness, access_type: read, google_classification: sensitive; Offline refresh token",https://www.googleapis.com/auth/bigquery; https://www.googleapis.com/auth/devstorage.read_write; https://www.googleapis.com/auth/spreadsheets; https://www.googleapis.com/auth/fitness.activity.read,4,1,0,4,4,0,2,Critical
SC-0429,Strategy B: Addition (student_gen),"service: Identity, access_type: read, google_classification: non_sensitive; service: Identity, access_type: read, google_classification: non_sensitive; service: Identity, access_type: read, google_classification: non_sensitive; service: Gmail, access_type: write, google_classification: restricted; service: Admin, access_type: read_write, google_classification: sensitive; service: Calendar, access_type: read, google_classification: sensitive; Online access only",openid; profile; email; https://www.googleapis.com/auth/gmail.send; https://www.googleapis.com/auth/admin.datatransfer; https://www.googleapis.com/auth/calendar.events.readonly,5,0,1,6,4,1,3,Critical
SC-0430,Strategy B: Addition (student_gen),"service: Identity, access_type: read, google_classification: non_sensitive; service: Identity, access_type: read, google_classification: non_sensitive; service: Identity, access_type: read, google_classification: non_sensitive; service: Gmail, access_type: write, google_classification: restricted; service: Admin, access_type: read_write, google_classification: sensitive; service: Fitness, access_type: read, google_classification: sensitive; Online access only",openid; profile; email; https://www.googleapis.com/auth/gmail.send; https://www.googleapis.com/auth/admin.datatransfer; https://www.googleapis.com/auth/fitness.activity.read,5,0,1,6,4,1,3,Critical
SC-0431,Strategy B: Addition (student_gen),"service: Identity, access_type: read, google_classification: non_sensitive; service: Identity, access_type: read, google_classification: non_sensitive; service: Identity, access_type: read, google_classification: non_sensitive; service: Gmail, access_type: write, google_classification: restricted; service: Admin, access_type: read_write, google_classification: sensitive; service: Contacts, access_type: read, google_classification: sensitive; Online access only",openid; profile; email; https://www.googleapis.com/auth/gmail.send; https://www.googleapis.com/auth/admin.datatransfer; https://www.googleapis.com/auth/contacts.readonly,5,0,1,6,4,1,3,Critical
SC-0432,Strategy B: Addition (student_gen),"service: Identity, access_type: read, google_classification: non_sensitive; service: Identity, access_type: read, google_classification: non_sensitive; service: Identity, access_type: read, google_classification: non_sensitive; service: Drive, access_type: read, google_classification: sensitive; service: Gmail, access_type: write, google_classification: restricted; service: Chat, access_type: full_access, google_classification: sensitive; Offline refresh token",openid; profile; email; https://www.googleapis.com/auth/drive.activity.readonly; https://www.googleapis.com/auth/gmail.send; https://www.googleapis.com/auth/chat.messages,5,1,0,6,4,1,2,Critical
SC-0433,Strategy B: Addition (student_gen),"service: Identity, access_type: read, google_classification: non_sensitive; service: Identity, access_type: read, google_classification: non_sensitive; service: Identity, access_type: read, google_classification: non_sensitive; service: Drive, access_type: read, google_classification: sensitive; service: Gmail, access_type: write, google_classification: restricted; service: Fitness, access_type: read, google_classification: sensitive; Offline refresh token",openid; profile; email; https://www.googleapis.com/auth/drive.activity.readonly; https://www.googleapis.com/auth/gmail.send; https://www.googleapis.com/auth/fitness.activity.read,5,1,0,6,4,1,1,Critical
SC-0434,Strategy B: Addition (student_gen),"service: Identity, access_type: read, google_classification: non_sensitive; service: Identity, access_type: read, google_classification: non_sensitive; service: Identity, access_type: read, google_classification: non_sensitive; service: Drive, access_type: read, google_classification: sensitive; service: Gmail, access_type: write, google_classification: restricted; service: Sheets, access_type: full_access, google_classification: sensitive; Offline refresh token",openid; profile; email; https://www.googleapis.com/auth/drive.activity.readonly; https://www.googleapis.com/auth/gmail.send; https://www.googleapis.com/auth/spreadsheets,5,1,0,6,4,1,2,Critical
SC-0435,Strategy B: Addition (student_gen),"service: Identity, access_type: read, google_classification: non_sensitive; service: Identity, access_type: read, google_classification: non_sensitive; service: Identity, access_type: read, google_classification: non_sensitive; service: Gmail, access_type: read_write, google_classification: sensitive; service: Gmail, access_type: read, google_classification: sensitive; service: Tasks, access_type: full_access, google_classification: sensitive; Online access only",openid; profile; email; https://www.googleapis.com/auth/gmail.labels; https://www.googleapis.com/auth/gmail.metadata; https://www.googleapis.com/auth/tasks,5,0,0,6,3,0,2,Critical
SC-0436,Strategy B: Addition (student_gen),"service: Identity, access_type: read, google_classification: non_sensitive; service: Identity, access_type: read, google_classification: non_sensitive; service: Identity, access_type: read, google_classification: non_sensitive; service: Gmail, access_type: read_write, google_classification: sensitive; service: Gmail, access_type: read, google_classification: sensitive; service: Calendar, access_type: read, google_classification: sensitive; Online access only",openid; profile; email; https://www.googleapis.com/auth/gmail.labels; https://www.googleapis.com/auth/gmail.metadata; https://www.googleapis.com/auth/calendar.events.readonly,5,0,0,6,3,0,1,High
SC-0437,Strategy B: Addition (student_gen),"service: Identity, access_type: read, google_classification: non_sensitive; service: Identity, access_type: read, google_classification: non_sensitive; service: Identity, access_type: read, google_classification: non_sensitive; service: Gmail, access_type: read_write, google_classification: sensitive; service: Gmail, access_type: read, google_classification: sensitive; service: Sheets, access_type: full_access, google_classification: sensitive; Online access only",openid; profile; email; https://www.googleapis.com/auth/gmail.labels; https://www.googleapis.com/auth/gmail.metadata; https://www.googleapis.com/auth/spreadsheets,5,0,0,6,3,0,2,Critical
SC-0441,Strategy B: Addition (student_gen),"service: Identity, access_type: read, google_classification: non_sensitive; service: Identity, access_type: read, google_classification: non_sensitive; service: Identity, access_type: read, google_classification: non_sensitive; service: Firebase, access_type: read, google_classification: sensitive; service: Analytics, access_type: read, google_classification: non_sensitive; service: Drive, access_type: read_write, google_classification: non_sensitive; Offline refresh token",openid; profile; email; https://www.googleapis.com/auth/firebase.readonly; https://www.googleapis.com/auth/analytics.readonly; https://www.googleapis.com/auth/drive.file,4,1,0,6,4,0,1,High
SC-0443,Strategy B: Addition (student_gen),"service: Identity, access_type: read, google_classification: non_sensitive; service: Identity, access_type: read, google_classification: non_sensitive; service: Identity, access_type: read, google_classification: non_sensitive; service: Firebase, access_type: read, google_classification: sensitive; service: Analytics, access_type: read, google_classification: non_sensitive; service: Sheets, access_type: full_access, google_classification: sensitive; Offline refresh token",openid; profile; email; https://www.googleapis.com/auth/firebase.readonly; https://www.googleapis.com/auth/analytics.readonly; https://www.googleapis.com/auth/spreadsheets,4,1,0,6,4,0,2,Critical
SC-0444,Strategy B: Addition (student_gen),"service: Admin, access_type: write, google_classification: sensitive; service: Admin, access_type: full_access, google_classification: sensitive; service: Admin, access_type: full_access, google_classification: sensitive; service: Sheets, access_type: read, google_classification: sensitive; service: Contacts, access_type: read, google_classification: sensitive; Online access only",https://www.googleapis.com/auth/admin.directory.user.security; https://www.googleapis.com/auth/admin.directory.domain; https://www.googleapis.com/auth/admin.directory.rolemanagement; https://www.googleapis.com/auth/spreadsheets.readonly; https://www.googleapis.com/auth/contacts.readonly,5,0,1,5,3,0,3,Critical
SC-0445,Strategy B: Addition (student_gen),"service: Admin, access_type: write, google_classification: sensitive; service: Admin, access_type: full_access, google_classification: sensitive; service: Admin, access_type: full_access, google_classification: sensitive; service: Sheets, access_type: read, google_classification: sensitive; service: Gmail, access_type: write, google_classification: restricted; Online access only",https://www.googleapis.com/auth/admin.directory.user.security; https://www.googleapis.com/auth/admin.directory.domain; https://www.googleapis.com/auth/admin.directory.rolemanagement; https://www.googleapis.com/auth/spreadsheets.readonly; https://www.googleapis.com/auth/gmail.send,5,0,1,5,3,1,3,Critical
SC-0446,Strategy B: Addition (student_gen),"service: Admin, access_type: write, google_classification: sensitive; service: Admin, access_type: full_access, google_classification: sensitive; service: Admin, access_type: full_access, google_classification: sensitive; service: Sheets, access_type: read, google_classification: sensitive; service: Identity, access_type: read, google_classification: non_sensitive; Online access only",https://www.googleapis.com/auth/admin.directory.user.security; https://www.googleapis.com/auth/admin.directory.domain; https://www.googleapis.com/auth/admin.directory.rolemanagement; https://www.googleapis.com/auth/spreadsheets.readonly; email,5,0,1,5,3,0,3,Critical
SC-0447,Strategy B: Addition (student_gen),"service: Identity, access_type: read, google_classification: non_sensitive; service: Identity, access_type: read, google_classification: non_sensitive; service: Identity, access_type: read, google_classification: non_sensitive; service: Gmail, access_type: write, google_classification: restricted; service: Classroom, access_type: read, google_classification: sensitive; service: Calendar, access_type: read, google_classification: sensitive; service: Fitness, access_type: read, google_classification: sensitive; Online access only",openid; profile; email; https://www.googleapis.com/auth/gmail.send; https://www.googleapis.com/auth/classroom.profile.emails; https://www.googleapis.com/auth/calendar.events.readonly; https://www.googleapis.com/auth/fitness.activity.read,5,0,1,7,5,1,1,Critical
SC-0448,Strategy B: Addition (student_gen),"service: Identity, access_type: read, google_classification: non_sensitive; service: Identity, access_type: read, google_classification: non_sensitive; service: Identity, access_type: read, google_classification: non_sensitive; service: Gmail, access_type: write, google_classification: restricted; service: Classroom, access_type: read, google_classification: sensitive; service: Calendar, access_type: read, google_classification: sensitive; service: Contacts, access_type: read, google_classification: sensitive; Online access only",openid; profile; email; https://www.googleapis.com/auth/gmail.send; https://www.googleapis.com/auth/classroom.profile.emails; https://www.googleapis.com/auth/calendar.events.readonly; https://www.googleapis.com/auth/contacts.readonly,5,0,1,7,5,1,1,Critical
SC-0449,Strategy B: Addition (student_gen),"service: Identity, access_type: read, google_classification: non_sensitive; service: Identity, access_type: read, google_classification: non_sensitive; service: Identity, access_type: read, google_classification: non_sensitive; service: Gmail, access_type: write, google_classification: restricted; service: Classroom, access_type: read, google_classification: sensitive; service: Calendar, access_type: read, google_classification: sensitive; service: Tasks, access_type: full_access, google_classification: sensitive; Online access only",openid; profile; email; https://www.googleapis.com/auth/gmail.send; https://www.googleapis.com/auth/classroom.profile.emails; https://www.googleapis.com/auth/calendar.events.readonly; https://www.googleapis.com/auth/tasks,5,0,1,7,5,1,2,Critical
SC-0450,Strategy B: Addition (student_gen),"service: Identity, access_type: read, google_classification: non_sensitive; service: Identity, access_type: read, google_classification: non_sensitive; service: Identity, access_type: read, google_classification: non_sensitive; service: Groups, access_type: full_access, google_classification: sensitive; service: Contacts, access_type: read, google_classification: sensitive; service: Drive, access_type: read_write, google_classification: non_sensitive; Online access only",openid; profile; email; https://www.googleapis.com/auth/groups; https://www.googleapis.com/auth/contacts.readonly; https://www.googleapis.com/auth/drive.file,4,0,1,6,4,0,2,Critical
SC-0451,Strategy B: Addition (student_gen),"service: Identity, access_type: read, google_classification: non_sensitive; service: Identity, access_type: read, google_classification: non_sensitive; service: Identity, access_type: read, google_classification: non_sensitive; service: Groups, access_type: full_access, google_classification: sensitive; service: Contacts, access_type: read, google_classification: sensitive; service: Sheets, access_type: full_access, google_classification: sensitive; Online access only",openid; profile; email; https://www.googleapis.com/auth/groups; https://www.googleapis.com/auth/contacts.readonly; https://www.googleapis.com/auth/spreadsheets,4,0,1,6,4,0,2,Critical
SC-0452,Strategy B: Addition (student_gen),"service: Identity, access_type: read, google_classification: non_sensitive; service: Identity, access_type: read, google_classification: non_sensitive; service: Identity, access_type: read, google_classification: non_sensitive; service: Groups, access_type: full_access, google_classification: sensitive; service: Contacts, access_type: read, google_classification: sensitive; service: Calendar, access_type: read, google_classification: sensitive; Online access only",openid; profile; email; https://www.googleapis.com/auth/groups; https://www.googleapis.com/auth/contacts.readonly; https://www.googleapis.com/auth/calendar.events.readonly,4,0,1,6,4,0,2,Critical
SC-0453,Strategy B: Addition (student_gen),"service: Identity, access_type: read, google_classification: non_sensitive; service: Identity, access_type: read, google_classification: non_sensitive; service: Identity, access_type: read, google_classification: non_sensitive; service: AdSense, access_type: read, google_classification: non_sensitive; service: Analytics, access_type: read, google_classification: non_sensitive; service: Sheets, access_type: full_access, google_classification: sensitive; Online access only",openid; profile; email; https://www.googleapis.com/auth/adsense.readonly; https://www.googleapis.com/auth/analytics.readonly; https://www.googleapis.com/auth/spreadsheets,4,0,0,6,4,0,2,High
SC-0455,Strategy B: Addition (student_gen),"service: Identity, access_type: read, google_classification: non_sensitive; service: Identity, access_type: read, google_classification: non_sensitive; service: Identity, access_type: read, google_classification: non_sensitive; service: AdSense, access_type: read, google_classification: non_sensitive; service: Analytics, access_type: read, google_classification: non_sensitive; service: Drive, access_type: read_write, google_classification: non_sensitive; Online access only",openid; profile; email; https://www.googleapis.com/auth/adsense.readonly; https://www.googleapis.com/auth/analytics.readonly; https://www.googleapis.com/auth/drive.file,4,0,0,6,4,0,1,High
SC-0456,Strategy B: Addition (student_gen),"service: Identity, access_type: read, google_classification: non_sensitive; service: Identity, access_type: read, google_classification: non_sensitive; service: Identity, access_type: read, google_classification: non_sensitive; service: Photos, access_type: write, google_classification: sensitive; service: Chat, access_type: read, google_classification: sensitive; service: Gmail, access_type: read, google_classification: sensitive; service: Tasks, access_type: full_access, google_classification: sensitive; Online access only",openid; profile; email; https://www.googleapis.com/auth/photoslibrary.appendonly; https://www.googleapis.com/auth/chat.messages.readonly; https://www.googleapis.com/auth/gmail.addons.current.message.readonly; https://www.googleapis.com/auth/tasks,5,0,0,7,5,0,2,Critical
SC-0457,Strategy B: Addition (student_gen),"service: Identity, access_type: read, google_classification: non_sensitive; service: Identity, access_type: read, google_classification: non_sensitive; service: Identity, access_type: read, google_classification: non_sensitive; service: Photos, access_type: write, google_classification: sensitive; service: Chat, access_type: read, google_classification: sensitive; service: Gmail, access_type: read, google_classification: sensitive; service: Fitness, access_type: read, google_classification: sensitive; Online access only",openid; profile; email; https://www.googleapis.com/auth/photoslibrary.appendonly; https://www.googleapis.com/auth/chat.messages.readonly; https://www.googleapis.com/auth/gmail.addons.current.message.readonly; https://www.googleapis.com/auth/fitness.activity.read,5,0,0,7,5,0,1,High
SC-0458,Strategy B: Addition (student_gen),"service: Identity, access_type: read, google_classification: non_sensitive; service: Identity, access_type: read, google_classification: non_sensitive; service: Identity, access_type: read, google_classification: non_sensitive; service: Photos, access_type: write, google_classification: sensitive; service: Chat, access_type: read, google_classification: sensitive; service: Gmail, access_type: read, google_classification: sensitive; service: Gmail, access_type: write, google_classification: restricted; Online access only",openid; profile; email; https://www.googleapis.com/auth/photoslibrary.appendonly; https://www.googleapis.com/auth/chat.messages.readonly; https://www.googleapis.com/auth/gmail.addons.current.message.readonly; https://www.googleapis.com/auth/gmail.send,5,0,0,7,4,1,1,Critical
SC-0459,Strategy C: Removal,"service: Identity, access_type: read, google_classification: non_sensitive; service: Identity, access_type: read, google_classification: non_sensitive; service: Identity, access_type: read, google_classification: non_sensitive; service: Fitness, access_type: read, google_classification: sensitive; service: Fitness, access_type: read, google_classification: sensitive; Offline refresh token",openid; profile; email; https://www.googleapis.com/auth/fitness.activity.read; https://www.googleapis.com/auth/fitness.body.read,4,1,0,5,2,0,0,High
SC-0460,Strategy C: Removal,"service: Identity, access_type: read, google_classification: non_sensitive; service: Identity, access_type: read, google_classification: non_sensitive; service: Fitness, access_type: read, google_classification: sensitive; service: Fitness, access_type: read, google_classification: sensitive; service: Sheets, access_type: full_access, google_classification: sensitive; Offline refresh token",profile; email; https://www.googleapis.com/auth/fitness.activity.read; https://www.googleapis.com/auth/fitness.body.read; https://www.googleapis.com/auth/spreadsheets,4,1,0,5,3,0,2,High
SC-0461,Strategy C: Removal,"service: Identity, access_type: read, google_classification: non_sensitive; service: Identity, access_type: read, google_classification: non_sensitive; service: Fitness, access_type: read, google_classification: sensitive; service: Fitness, access_type: read, google_classification: sensitive; service: Sheets, access_type: full_access, google_classification: sensitive; Offline refresh token",openid; profile; https://www.googleapis.com/auth/fitness.activity.read; https://www.googleapis.com/auth/fitness.body.read; https://www.googleapis.com/auth/spreadsheets,4,1,0,5,3,0,2,High
SC-0462,Strategy C: Removal,"service: Identity, access_type: read, google_classification: non_sensitive; service: Identity, access_type: read, google_classification: non_sensitive; service: Fitness, access_type: read, google_classification: sensitive; service: Fitness, access_type: read, google_classification: sensitive; service: Sheets, access_type: full_access, google_classification: sensitive; Offline refresh token",openid; email; https://www.googleapis.com/auth/fitness.activity.read; https://www.googleapis.com/auth/fitness.body.read; https://www.googleapis.com/auth/spreadsheets,4,1,0,5,3,0,2,High
SC-0463,Strategy C: Removal,"service: Identity, access_type: read, google_classification: non_sensitive; service: Identity, access_type: read, google_classification: non_sensitive; service: YouTube, access_type: full_access, google_classification: sensitive; service: Drive, access_type: read_write, google_classification: non_sensitive; Online access only",openid; email; https://www.googleapis.com/auth/youtube; https://www.googleapis.com/auth/drive.file,4,0,0,4,3,0,2,High
SC-0464,Strategy C: Removal,"service: Identity, access_type: read, google_classification: non_sensitive; service: Identity, access_type: read, google_classification: non_sensitive; service: YouTube, access_type: full_access, google_classification: sensitive; service: Drive, access_type: read_write, google_classification: non_sensitive; Online access only",profile; email; https://www.googleapis.com/auth/youtube; https://www.googleapis.com/auth/drive.file,4,0,0,4,3,0,2,High
SC-0465,Strategy C: Removal,"service: Identity, access_type: read, google_classification: non_sensitive; service: Identity, access_type: read, google_classification: non_sensitive; service: Identity, access_type: read, google_classification: non_sensitive; service: YouTube, access_type: full_access, google_classification: sensitive; Online access only",openid; profile; email; https://www.googleapis.com/auth/youtube,3,0,0,4,2,0,2,Medium
SC-0466,Strategy C: Removal,"service: Identity, access_type: read, google_classification: non_sensitive; service: Identity, access_type: read, google_classification: non_sensitive; service: Identity, access_type: read, google_classification: non_sensitive; service: Drive, access_type: read_write, google_classification: non_sensitive; Online access only",openid; profile; email; https://www.googleapis.com/auth/drive.file,4,0,0,4,2,0,1,Medium
SC-0467,Strategy C: Removal,"service: Identity, access_type: read, google_classification: non_sensitive; service: Identity, access_type: read, google_classification: non_sensitive; service: Contacts, access_type: read, google_classification: sensitive; service: Gmail, access_type: write, google_classification: sensitive; Online access only",profile; email; https://www.googleapis.com/auth/contacts.readonly; https://www.googleapis.com/auth/gmail.compose,5,0,1,4,3,0,1,High
SC-0468,Strategy C: Removal,"service: Identity, access_type: read, google_classification: non_sensitive; service: Identity, access_type: read, google_classification: non_sensitive; service: Contacts, access_type: read, google_classification: sensitive; service: Gmail, access_type: write, google_classification: sensitive; Online access only",openid; email; https://www.googleapis.com/auth/contacts.readonly; https://www.googleapis.com/auth/gmail.compose,5,0,1,4,3,0,1,High
SC-0469,Strategy C: Removal,"service: Identity, access_type: read, google_classification: non_sensitive; service: Identity, access_type: read, google_classification: non_sensitive; service: Identity, access_type: read, google_classification: non_sensitive; service: Gmail, access_type: write, google_classification: sensitive; Online access only",openid; profile; email; https://www.googleapis.com/auth/gmail.compose,5,0,0,4,2,0,1,High
SC-0470,Strategy C: Removal,"service: Identity, access_type: read, google_classification: non_sensitive; service: Identity, access_type: read, google_classification: non_sensitive; service: Cloud Storage, access_type: read_write, google_classification: sensitive; service: Drive, access_type: read_write, google_classification: non_sensitive; Offline refresh token",openid; email; https://www.googleapis.com/auth/devstorage.read_write; https://www.googleapis.com/auth/drive.file,4,1,0,4,3,0,1,High
SC-0471,Strategy C: Removal,"service: Identity, access_type: read, google_classification: non_sensitive; service: Identity, access_type: read, google_classification: non_sensitive; service: Identity, access_type: read, google_classification: non_sensitive; service: Drive, access_type: read_write, google_classification: non_sensitive; Offline refresh token",openid; profile; email; https://www.googleapis.com/auth/drive.file,4,1,0,4,2,0,1,High
SC-0472,Strategy C: Removal,"service: Identity, access_type: read, google_classification: non_sensitive; service: Identity, access_type: read, google_classification: non_sensitive; service: Identity, access_type: read, google_classification: non_sensitive; service: Cloud Storage, access_type: read_write, google_classification: sensitive; Offline refresh token",openid; profile; email; https://www.googleapis.com/auth/devstorage.read_write,2,1,0,4,2,0,1,Medium
SC-0473,Strategy C: Removal,"service: Identity, access_type: read, google_classification: non_sensitive; service: Identity, access_type: read, google_classification: non_sensitive; service: Cloud Storage, access_type: read_write, google_classification: sensitive; service: Drive, access_type: read_write, google_classification: non_sensitive; Offline refresh token",openid; profile; https://www.googleapis.com/auth/devstorage.read_write; https://www.googleapis.com/auth/drive.file,4,1,0,4,3,0,1,High
SC-0474,Strategy C: Removal,"service: Identity, access_type: read, google_classification: non_sensitive; service: Identity, access_type: read, google_classification: non_sensitive; service: Photos, access_type: full_access, google_classification: sensitive; Online access only",profile; email; https://www.googleapis.com/auth/photoslibrary,4,0,0,3,2,0,2,High
SC-0475,Strategy C: Removal,"service: Identity, access_type: read, google_classification: non_sensitive; service: Identity, access_type: read, google_classification: non_sensitive; service: Photos, access_type: full_access, google_classification: sensitive; Online access only",openid; email; https://www.googleapis.com/auth/photoslibrary,4,0,0,3,2,0,2,High
SC-0476,Strategy C: Removal,"service: Identity, access_type: read, google_classification: non_sensitive; service: Identity, access_type: read, google_classification: non_sensitive; service: Photos, access_type: full_access, google_classification: sensitive; Online access only",openid; profile; https://www.googleapis.com/auth/photoslibrary,4,0,0,3,2,0,2,High
SC-0477,Strategy C: Removal,"service: Identity, access_type: read, google_classification: non_sensitive; service: Identity, access_type: read, google_classification: non_sensitive; service: Slides, access_type: full_access, google_classification: sensitive; service: Docs, access_type: full_access, google_classification: sensitive; Online access only",openid; profile; https://www.googleapis.com/auth/presentations; https://www.googleapis.com/auth/documents,4,0,0,4,3,0,2,High
SC-0478,Strategy C: Removal,"service: Identity, access_type: read, google_classification: non_sensitive; service: Identity, access_type: read, google_classification: non_sensitive; service: Slides, access_type: full_access, google_classification: sensitive; service: Docs, access_type: full_access, google_classification: sensitive; Online access only",openid; email; https://www.googleapis.com/auth/presentations; https://www.googleapis.com/auth/documents,4,0,0,4,3,0,2,High
SC-0479,Strategy C: Removal,"service: Identity, access_type: read, google_classification: non_sensitive; service: Identity, access_type: read, google_classification: non_sensitive; service: Slides, access_type: full_access, google_classification: sensitive; service: Docs, access_type: full_access, google_classification: sensitive; Online access only",profile; email; https://www.googleapis.com/auth/presentations; https://www.googleapis.com/auth/documents,4,0,0,4,3,0,2,High
SC-0480,Strategy C: Removal,"service: Identity, access_type: read, google_classification: non_sensitive; service: Identity, access_type: read, google_classification: non_sensitive; service: Identity, access_type: read, google_classification: non_sensitive; service: Docs, access_type: full_access, google_classification: sensitive; Online access only",openid; profile; email; https://www.googleapis.com/auth/documents,4,0,0,4,2,0,2,High
SC-0481,Strategy C: Removal,"service: Identity, access_type: read, google_classification: non_sensitive; service: Identity, access_type: read, google_classification: non_sensitive; service: Tasks, access_type: read, google_classification: sensitive; service: Calendar, access_type: read, google_classification: sensitive; Online access only",profile; email; https://www.googleapis.com/auth/tasks.readonly; https://www.googleapis.com/auth/calendar.events.readonly,3,0,0,4,3,0,0,Medium
SC-0482,Strategy C: Removal,"service: Identity, access_type: read, google_classification: non_sensitive; service: Identity, access_type: read, google_classification: non_sensitive; service: Tasks, access_type: read, google_classification: sensitive; service: Calendar, access_type: read, google_classification: sensitive; Online access only",openid; profile; https://www.googleapis.com/auth/tasks.readonly; https://www.googleapis.com/auth/calendar.events.readonly,3,0,0,4,3,0,0,Medium
SC-0483,Strategy C: Removal,"service: Identity, access_type: read, google_classification: non_sensitive; service: Identity, access_type: read, google_classification: non_sensitive; service: Identity, access_type: read, google_classification: non_sensitive; service: Tasks, access_type: read, google_classification: sensitive; Online access only",openid; profile; email; https://www.googleapis.com/auth/tasks.readonly,3,0,0,4,2,0,0,Medium
SC-0484,Strategy C: Removal,"service: Identity, access_type: read, google_classification: non_sensitive; service: Identity, access_type: read, google_classification: non_sensitive; service: Identity, access_type: read, google_classification: non_sensitive; service: Firebase, access_type: full_access, google_classification: sensitive; Online access only",openid; profile; email; https://www.googleapis.com/auth/firebase,3,0,0,4,2,0,2,Medium
SC-0485,Strategy C: Removal,"service: Identity, access_type: read, google_classification: non_sensitive; service: Identity, access_type: read, google_classification: non_sensitive; service: Firebase, access_type: full_access, google_classification: sensitive; service: Compute, access_type: full_access, google_classification: sensitive; Online access only",profile; email; https://www.googleapis.com/auth/firebase; https://www.googleapis.com/auth/compute,3,0,0,4,3,0,2,High
SC-0486,Strategy C: Removal,"service: Identity, access_type: read, google_classification: non_sensitive; service: Identity, access_type: read, google_classification: non_sensitive; service: Identity, access_type: read, google_classification: non_sensitive; service: Compute, access_type: full_access, google_classification: sensitive; Online access only",openid; profile; email; https://www.googleapis.com/auth/compute,3,0,0,4,2,0,2,Medium
SC-0487,Strategy C: Removal,"service: Identity, access_type: read, google_classification: non_sensitive; service: Identity, access_type: read, google_classification: non_sensitive; service: Firebase, access_type: full_access, google_classification: sensitive; service: Compute, access_type: full_access, google_classification: sensitive; Online access only",openid; profile; https://www.googleapis.com/auth/firebase; https://www.googleapis.com/auth/compute,3,0,0,4,3,0,2,High
SC-0488,Strategy C: Removal,"service: Identity, access_type: read, google_classification: non_sensitive; service: Identity, access_type: read, google_classification: non_sensitive; service: Identity, access_type: read, google_classification: non_sensitive; service: AdSense, access_type: read, google_classification: non_sensitive; Online access only",openid; profile; email; https://www.googleapis.com/auth/adsense.readonly,2,0,0,4,2,0,0,Low
SC-0489,Strategy C: Removal,"service: Identity, access_type: read, google_classification: non_sensitive; service: Identity, access_type: read, google_classification: non_sensitive; service: AdSense, access_type: read, google_classification: non_sensitive; service: YouTube, access_type: read, google_classification: sensitive; Online access only",openid; profile; https://www.googleapis.com/auth/adsense.readonly; https://www.googleapis.com/auth/youtube.readonly,3,0,0,4,3,0,0,Medium
SC-0490,Strategy C: Removal,"service: Identity, access_type: read, google_classification: non_sensitive; service: Identity, access_type: read, google_classification: non_sensitive; service: AdSense, access_type: read, google_classification: non_sensitive; service: YouTube, access_type: read, google_classification: sensitive; Online access only",openid; email; https://www.googleapis.com/auth/adsense.readonly; https://www.googleapis.com/auth/youtube.readonly,3,0,0,4,3,0,0,Medium
SC-0491,Strategy C: Removal,"service: Identity, access_type: read, google_classification: non_sensitive; service: Identity, access_type: read, google_classification: non_sensitive; service: AdSense, access_type: read, google_classification: non_sensitive; service: YouTube, access_type: read, google_classification: sensitive; Online access only",profile; email; https://www.googleapis.com/auth/adsense.readonly; https://www.googleapis.com/auth/youtube.readonly,3,0,0,4,3,0,0,Medium
SC-0492,Strategy C: Removal,"service: Identity, access_type: read, google_classification: non_sensitive; service: Identity, access_type: read, google_classification: non_sensitive; service: Chat, access_type: full_access, google_classification: sensitive; service: Contacts, access_type: read, google_classification: sensitive; Online access only",profile; email; https://www.googleapis.com/auth/chat.messages; https://www.googleapis.com/auth/contacts.readonly,4,0,1,4,3,0,2,High
SC-0493,Strategy C: Removal,"service: Identity, access_type: read, google_classification: non_sensitive; service: Identity, access_type: read, google_classification: non_sensitive; service: Chat, access_type: full_access, google_classification: sensitive; service: Contacts, access_type: read, google_classification: sensitive; Online access only",openid; email; https://www.googleapis.com/auth/chat.messages; https://www.googleapis.com/auth/contacts.readonly,4,0,1,4,3,0,2,High
SC-0494,Strategy C: Removal,"service: Identity, access_type: read, google_classification: non_sensitive; service: Identity, access_type: read, google_classification: non_sensitive; service: Chat, access_type: full_access, google_classification: sensitive; service: Contacts, access_type: read, google_classification: sensitive; Online access only",openid; profile; https://www.googleapis.com/auth/chat.messages; https://www.googleapis.com/auth/contacts.readonly,4,0,1,4,3,0,2,High
SC-0495,Strategy C: Removal,"service: Identity, access_type: read, google_classification: non_sensitive; service: Identity, access_type: read, google_classification: non_sensitive; service: Slides, access_type: read, google_classification: sensitive; service: Docs, access_type: read, google_classification: sensitive; service: Photos, access_type: read, google_classification: sensitive; service: Sheets, access_type: read, google_classification: sensitive; Online access only",openid; profile; https://www.googleapis.com/auth/presentations.readonly; https://www.googleapis.com/auth/documents.readonly; https://www.googleapis.com/auth/photoslibrary.readonly; https://www.googleapis.com/auth/spreadsheets.readonly,4,0,0,6,5,0,0,High
SC-0496,Strategy C: Removal,"service: Identity, access_type: read, google_classification: non_sensitive; service: Identity, access_type: read, google_classification: non_sensitive; service: Identity, access_type: read, google_classification: non_sensitive; service: Docs, access_type: read, google_classification: sensitive; service: Photos, access_type: read, google_classification: sensitive; service: Sheets, access_type: read, google_classification: sensitive; Online access only",openid; profile; email; https://www.googleapis.com/auth/documents.readonly; https://www.googleapis.com/auth/photoslibrary.readonly; https://www.googleapis.com/auth/spreadsheets.readonly,4,0,0,6,4,0,0,High
SC-0497,Strategy C: Removal,"service: Identity, access_type: read, google_classification: non_sensitive; service: Identity, access_type: read, google_classification: non_sensitive; service: Identity, access_type: read, google_classification: non_sensitive; service: Slides, access_type: read, google_classification: sensitive; service: Docs, access_type: read, google_classification: sensitive; service: Sheets, access_type: read, google_classification: sensitive; Online access only",openid; profile; email; https://www.googleapis.com/auth/presentations.readonly; https://www.googleapis.com/auth/documents.readonly; https://www.googleapis.com/auth/spreadsheets.readonly,4,0,0,6,4,0,0,High
SC-0498,Strategy C: Removal,"service: Identity, access_type: read, google_classification: non_sensitive; service: Identity, access_type: read, google_classification: non_sensitive; service: Identity, access_type: read, google_classification: non_sensitive; service: Slides, access_type: read, google_classification: sensitive; service: Docs, access_type: read, google_classification: sensitive; service: Photos, access_type: read, google_classification: sensitive; Online access only",openid; profile; email; https://www.googleapis.com/auth/presentations.readonly; https://www.googleapis.com/auth/documents.readonly; https://www.googleapis.com/auth/photoslibrary.readonly,4,0,0,6,4,0,0,High
SC-0501,Strategy C: Removal,"service: Identity, access_type: read, google_classification: non_sensitive; service: Identity, access_type: read, google_classification: non_sensitive; service: Identity, access_type: read, google_classification: non_sensitive; service: Identity, access_type: read, google_classification: non_sensitive; service: Analytics, access_type: full_access, google_classification: sensitive; Online access only",openid; profile; email; https://www.googleapis.com/auth/userinfo.profile; https://www.googleapis.com/auth/analytics,2,0,0,5,2,0,2,Medium
SC-0503,Strategy J: Bool Switching of Medium Risk Combinations,"service: Identity, access_type: read, google_classification: non_sensitive; service: Identity, access_type: read, google_classification: non_sensitive; service: Identity, access_type: read, google_classification: non_sensitive; service: Classroom, access_type: read, google_classification: sensitive; Offline refresh token",openid; profile; email; https://www.googleapis.com/auth/classroom.profile.emails,3,1,1,4,2,0,0,High
SC-0504,Strategy C: Removal,"service: Identity, access_type: read, google_classification: non_sensitive; service: Identity, access_type: read, google_classification: non_sensitive; service: Classroom, access_type: read, google_classification: sensitive; service: Gmail, access_type: write, google_classification: restricted; Online access only",openid; email; https://www.googleapis.com/auth/classroom.profile.emails; https://www.googleapis.com/auth/gmail.send,5,0,1,4,3,1,1,Critical
SC-0505,Strategy C: Removal,"service: Identity, access_type: read, google_classification: non_sensitive; service: Identity, access_type: read, google_classification: non_sensitive; service: Identity, access_type: read, google_classification: non_sensitive; service: Gmail, access_type: write, google_classification: restricted; Online access only",openid; profile; email; https://www.googleapis.com/auth/gmail.send,5,0,0,4,2,1,1,High
SC-0506,Strategy C: Removal,"service: Identity, access_type: read, google_classification: non_sensitive; service: Identity, access_type: read, google_classification: non_sensitive; service: Classroom, access_type: read, google_classification: sensitive; service: Gmail, access_type: write, google_classification: restricted; Online access only",openid; profile; https://www.googleapis.com/auth/classroom.profile.emails; https://www.googleapis.com/auth/gmail.send,5,0,1,4,3,1,1,Critical
SC-0507,Strategy C: Removal,"service: Identity, access_type: read, google_classification: non_sensitive; service: Identity, access_type: read, google_classification: non_sensitive; service: Identity, access_type: read, google_classification: non_sensitive; service: Firebase, access_type: full_access, google_classification: sensitive; service: Sheets, access_type: full_access, google_classification: sensitive; service: Apps Script, access_type: write, google_classification: sensitive; Offline refresh token",openid; profile; email; https://www.googleapis.com/auth/firebase; https://www.googleapis.com/auth/spreadsheets; https://www.googleapis.com/auth/script.projects,4,1,0,6,4,0,2,Critical
SC-0508,Strategy C: Removal,"service: Identity, access_type: read, google_classification: non_sensitive; service: Identity, access_type: read, google_classification: non_sensitive; service: Identity, access_type: read, google_classification: non_sensitive; service: Firebase, access_type: full_access, google_classification: sensitive; service: Apps Script, access_type: write, google_classification: sensitive; service: Apps Script, access_type: write, google_classification: sensitive; Offline refresh token",openid; profile; email; https://www.googleapis.com/auth/firebase; https://www.googleapis.com/auth/script.deployments; https://www.googleapis.com/auth/script.projects,3,1,0,6,3,0,2,High
SC-0509,Strategy C: Removal,"service: Identity, access_type: read, google_classification: non_sensitive; service: Identity, access_type: read, google_classification: non_sensitive; service: Firebase, access_type: full_access, google_classification: sensitive; service: Sheets, access_type: full_access, google_classification: sensitive; service: Apps Script, access_type: write, google_classification: sensitive; service: Apps Script, access_type: write, google_classification: sensitive; Offline refresh token",openid; email; https://www.googleapis.com/auth/firebase; https://www.googleapis.com/auth/spreadsheets; https://www.googleapis.com/auth/script.deployments; https://www.googleapis.com/auth/script.projects,4,1,0,6,4,0,2,Critical
SC-0510,Strategy C: Removal,"service: Identity, access_type: read, google_classification: non_sensitive; service: Identity, access_type: read, google_classification: non_sensitive; service: Firebase, access_type: full_access, google_classification: sensitive; service: Sheets, access_type: full_access, google_classification: sensitive; service: Apps Script, access_type: write, google_classification: sensitive; service: Apps Script, access_type: write, google_classification: sensitive; Offline refresh token",openid; profile; https://www.googleapis.com/auth/firebase; https://www.googleapis.com/auth/spreadsheets; https://www.googleapis.com/auth/script.deployments; https://www.googleapis.com/auth/script.projects,4,1,0,6,4,0,2,Critical
SC-0511,Strategy C: Removal,"service: Identity, access_type: read, google_classification: non_sensitive; service: Identity, access_type: read, google_classification: non_sensitive; service: Keep, access_type: full_access, google_classification: restricted; service: Tasks, access_type: full_access, google_classification: sensitive; service: Calendar, access_type: read_write, google_classification: sensitive; Online access only",profile; email; https://www.googleapis.com/auth/keep; https://www.googleapis.com/auth/tasks; https://www.googleapis.com/auth/calendar.events.owned,4,0,0,5,4,1,2,High
SC-0512,Strategy C: Removal,"service: Identity, access_type: read, google_classification: non_sensitive; service: Identity, access_type: read, google_classification: non_sensitive; service: Keep, access_type: full_access, google_classification: restricted; service: Tasks, access_type: full_access, google_classification: sensitive; service: Calendar, access_type: read_write, google_classification: sensitive; Online access only",openid; email; https://www.googleapis.com/auth/keep; https://www.googleapis.com/auth/tasks; https://www.googleapis.com/auth/calendar.events.owned,4,0,0,5,4,1,2,High
SC-0513,Strategy C: Removal,"service: Identity, access_type: read, google_classification: non_sensitive; service: Identity, access_type: read, google_classification: non_sensitive; service: Keep, access_type: full_access, google_classification: restricted; service: Tasks, access_type: full_access, google_classification: sensitive; service: Calendar, access_type: read_write, google_classification: sensitive; Online access only",openid; profile; https://www.googleapis.com/auth/keep; https://www.googleapis.com/auth/tasks; https://www.googleapis.com/auth/calendar.events.owned,4,0,0,5,4,1,2,High
SC-0514,Strategy C: Removal,"service: Identity, access_type: read, google_classification: non_sensitive; service: Identity, access_type: read, google_classification: non_sensitive; service: Identity, access_type: read, google_classification: non_sensitive; service: Tasks, access_type: full_access, google_classification: sensitive; service: Calendar, access_type: read_write, google_classification: sensitive; Online access only",openid; profile; email; https://www.googleapis.com/auth/tasks; https://www.googleapis.com/auth/calendar.events.owned,3,0,0,5,3,0,2,High
SC-0518,Strategy C: Removal,"service: Identity, access_type: read, google_classification: non_sensitive; service: Identity, access_type: read, google_classification: non_sensitive; service: Identity, access_type: read, google_classification: non_sensitive; service: Admin, access_type: read, google_classification: sensitive; service: Sheets, access_type: full_access, google_classification: sensitive; service: Drive, access_type: read_write, google_classification: non_sensitive; Online access only",openid; profile; email; https://www.googleapis.com/auth/admin.reports.audit.readonly; https://www.googleapis.com/auth/spreadsheets; https://www.googleapis.com/auth/drive.file,5,0,0,6,4,0,2,Critical
SC-0519,Strategy C: Removal,"service: Identity, access_type: read, google_classification: non_sensitive; service: Identity, access_type: read, google_classification: non_sensitive; service: Chat, access_type: full_access, google_classification: sensitive; service: Drive, access_type: read, google_classification: restricted; Online access only",openid; profile; https://www.googleapis.com/auth/chat.messages; https://www.googleapis.com/auth/drive.readonly,4,0,0,4,3,1,2,High
SC-0520,Strategy C: Removal,"service: Identity, access_type: read, google_classification: non_sensitive; service: Identity, access_type: read, google_classification: non_sensitive; service: Chat, access_type: full_access, google_classification: sensitive; service: Drive, access_type: read, google_classification: restricted; Online access only",openid; email; https://www.googleapis.com/auth/chat.messages; https://www.googleapis.com/auth/drive.readonly,4,0,0,4,3,1,2,High
SC-0521,Strategy C: Removal,"service: Identity, access_type: read, google_classification: non_sensitive; service: Identity, access_type: read, google_classification: non_sensitive; service: Identity, access_type: read, google_classification: non_sensitive; service: Drive, access_type: read, google_classification: restricted; Online access only",openid; profile; email; https://www.googleapis.com/auth/drive.readonly,4,0,0,4,2,1,0,Medium
SC-0522,Strategy C: Removal,"service: Identity, access_type: read, google_classification: non_sensitive; service: Identity, access_type: read, google_classification: non_sensitive; service: Identity, access_type: read, google_classification: non_sensitive; service: Chat, access_type: full_access, google_classification: sensitive; Online access only",openid; profile; email; https://www.googleapis.com/auth/chat.messages,4,0,0,4,2,0,2,High
SC-0523,Strategy C: Removal,"service: Identity, access_type: read, google_classification: non_sensitive; service: Identity, access_type: read, google_classification: non_sensitive; service: Identity, access_type: read, google_classification: non_sensitive; service: Blogger, access_type: full_access, google_classification: sensitive; service: Apps Script, access_type: write, google_classification: sensitive; Offline refresh token",openid; profile; email; https://www.googleapis.com/auth/blogger; https://www.googleapis.com/auth/script.projects,3,1,0,5,3,0,2,High
SC-0524,Strategy C: Removal,"service: Identity, access_type: read, google_classification: non_sensitive; service: Identity, access_type: read, google_classification: non_sensitive; service: Blogger, access_type: full_access, google_classification: sensitive; service: Analytics, access_type: full_access, google_classification: sensitive; service: Apps Script, access_type: write, google_classification: sensitive; Offline refresh token",openid; profile; https://www.googleapis.com/auth/blogger; https://www.googleapis.com/auth/analytics; https://www.googleapis.com/auth/script.projects,3,1,0,5,4,0,2,High
SC-0525,Strategy C: Removal,"service: Identity, access_type: read, google_classification: non_sensitive; service: Identity, access_type: read, google_classification: non_sensitive; service: Identity, access_type: read, google_classification: non_sensitive; service: Blogger, access_type: full_access, google_classification: sensitive; service: Analytics, access_type: full_access, google_classification: sensitive; Offline refresh token",openid; profile; email; https://www.googleapis.com/auth/blogger; https://www.googleapis.com/auth/analytics,2,1,0,5,3,0,2,High
SC-0526,Strategy C: Removal,"service: Identity, access_type: read, google_classification: non_sensitive; service: Identity, access_type: read, google_classification: non_sensitive; service: Identity, access_type: read, google_classification: non_sensitive; service: Analytics, access_type: full_access, google_classification: sensitive; service: Apps Script, access_type: write, google_classification: sensitive; Offline refresh token",openid; profile; email; https://www.googleapis.com/auth/analytics; https://www.googleapis.com/auth/script.projects,3,1,0,5,3,0,2,High
SC-0527,Strategy C: Removal,"service: Identity, access_type: read, google_classification: non_sensitive; service: Identity, access_type: read, google_classification: non_sensitive; service: Identity, access_type: read, google_classification: non_sensitive; service: Identity, access_type: read, google_classification: non_sensitive; Online access only",openid; profile; email; https://www.googleapis.com/auth/userinfo.profile,1,0,0,4,1,0,0,Low
SC-0528,Strategy C: Removal,"service: Identity, access_type: read, google_classification: non_sensitive; service: Identity, access_type: read, google_classification: non_sensitive; service: Identity, access_type: read, google_classification: non_sensitive; service: Identity, access_type: read, google_classification: non_sensitive; Online access only",openid; profile; https://www.googleapis.com/auth/userinfo.email; https://www.googleapis.com/auth/userinfo.profile,1,0,0,4,1,0,0,Low
SC-0529,Strategy C: Removal,"service: Identity, access_type: read, google_classification: non_sensitive; service: Identity, access_type: read, google_classification: non_sensitive; service: Identity, access_type: read, google_classification: non_sensitive; Online access only",openid; email; https://www.googleapis.com/auth/userinfo.email,1,0,0,3,1,0,0,Low
SC-0530,Strategy C: Removal,"service: Identity, access_type: read, google_classification: non_sensitive; service: Identity, access_type: read, google_classification: non_sensitive; service: Identity, access_type: read, google_classification: non_sensitive; Online access only",profile; email; https://www.googleapis.com/auth/userinfo.email,1,0,0,3,1,0,0,Low
SC-0531,Strategy C: Removal,"service: Identity, access_type: read, google_classification: non_sensitive; service: Identity, access_type: read, google_classification: non_sensitive; service: Identity, access_type: read, google_classification: non_sensitive; Online access only",openid; profile; https://www.googleapis.com/auth/userinfo.email,1,0,0,3,1,0,0,Low
SC-0532,Strategy C: Removal,"service: Identity, access_type: read, google_classification: non_sensitive; service: Identity, access_type: read, google_classification: non_sensitive; service: Identity, access_type: read, google_classification: non_sensitive; service: Docs, access_type: full_access, google_classification: sensitive; service: Drive, access_type: read_write, google_classification: non_sensitive; Online access only",openid; profile; email; https://www.googleapis.com/auth/documents; https://www.googleapis.com/auth/drive.file,4,0,0,5,3,0,2,High
SC-0533,Strategy C: Removal,"service: Identity, access_type: read, google_classification: non_sensitive; service: Identity, access_type: read, google_classification: non_sensitive; service: Docs, access_type: full_access, google_classification: sensitive; service: Forms, access_type: full_access, google_classification: sensitive; service: Drive, access_type: read_write, google_classification: non_sensitive; Online access only",profile; email; https://www.googleapis.com/auth/documents; https://www.googleapis.com/auth/forms.body; https://www.googleapis.com/auth/drive.file,4,0,0,5,4,0,2,High
SC-0534,Strategy C: Removal,"service: Identity, access_type: read, google_classification: non_sensitive; service: Identity, access_type: read, google_classification: non_sensitive; service: Identity, access_type: read, google_classification: non_sensitive; service: Docs, access_type: full_access, google_classification: sensitive; service: Forms, access_type: full_access, google_classification: sensitive; Online access only",openid; profile; email; https://www.googleapis.com/auth/documents; https://www.googleapis.com/auth/forms.body,4,0,0,5,3,0,2,High
SC-0535,Strategy C: Removal,"service: Identity, access_type: read, google_classification: non_sensitive; service: Identity, access_type: read, google_classification: non_sensitive; service: Docs, access_type: full_access, google_classification: sensitive; service: Forms, access_type: full_access, google_classification: sensitive; service: Drive, access_type: read_write, google_classification: non_sensitive; Online access only",openid; profile; https://www.googleapis.com/auth/documents; https://www.googleapis.com/auth/forms.body; https://www.googleapis.com/auth/drive.file,4,0,0,5,4,0,2,High
SC-0536,Strategy C: Removal,"service: Identity, access_type: read, google_classification: non_sensitive; service: Identity, access_type: read, google_classification: non_sensitive; service: Firebase, access_type: full_access, google_classification: sensitive; service: Fitness, access_type: read, google_classification: sensitive; Offline refresh token",openid; profile; https://www.googleapis.com/auth/firebase; https://www.googleapis.com/auth/fitness.blood_glucose.read,4,1,0,4,3,0,2,High
SC-0537,Strategy C: Removal,"service: Identity, access_type: read, google_classification: non_sensitive; service: Identity, access_type: read, google_classification: non_sensitive; service: Firebase, access_type: full_access, google_classification: sensitive; service: Fitness, access_type: read, google_classification: sensitive; Offline refresh token",profile; email; https://www.googleapis.com/auth/firebase; https://www.googleapis.com/auth/fitness.blood_glucose.read,4,1,0,4,3,0,2,High
SC-0538,Strategy C: Removal,"service: Identity, access_type: read, google_classification: non_sensitive; service: Identity, access_type: read, google_classification: non_sensitive; service: Identity, access_type: read, google_classification: non_sensitive; service: Fitness, access_type: read, google_classification: sensitive; Offline refresh token",openid; profile; email; https://www.googleapis.com/auth/fitness.blood_glucose.read,4,1,0,4,2,0,0,High
SC-0539,Strategy C: Removal,"service: Identity, access_type: read, google_classification: non_sensitive; service: Identity, access_type: read, google_classification: non_sensitive; service: Firebase, access_type: full_access, google_classification: sensitive; service: Fitness, access_type: read, google_classification: sensitive; Offline refresh token",openid; email; https://www.googleapis.com/auth/firebase; https://www.googleapis.com/auth/fitness.blood_glucose.read,4,1,0,4,3,0,2,High
SC-0540,Strategy C: Removal,"service: Identity, access_type: read, google_classification: non_sensitive; service: Identity, access_type: read, google_classification: non_sensitive; service: Identity, access_type: read, google_classification: non_sensitive; service: Calendar, access_type: read_write, google_classification: sensitive; Online access only",openid; profile; email; https://www.googleapis.com/auth/calendar.events.owned,3,0,0,4,2,0,1,Medium
SC-0541,Strategy C: Removal,"service: Identity, access_type: read, google_classification: non_sensitive; service: Identity, access_type: read, google_classification: non_sensitive; service: Gmail, access_type: read, google_classification: restricted; service: Calendar, access_type: read_write, google_classification: sensitive; Online access only",profile; email; https://www.googleapis.com/auth/gmail.readonly; https://www.googleapis.com/auth/calendar.events.owned,5,0,0,4,3,1,1,High
SC-0542,Strategy C: Removal,"service: Identity, access_type: read, google_classification: non_sensitive; service: Identity, access_type: read, google_classification: non_sensitive; service: Gmail, access_type: read, google_classification: restricted; service: Calendar, access_type: read_write, google_classification: sensitive; Online access only",openid; profile; https://www.googleapis.com/auth/gmail.readonly; https://www.googleapis.com/auth/calendar.events.owned,5,0,0,4,3,1,1,High
SC-0543,Strategy C: Removal,"service: Identity, access_type: read, google_classification: non_sensitive; service: Identity, access_type: read, google_classification: non_sensitive; service: Identity, access_type: read, google_classification: non_sensitive; service: Gmail, access_type: read, google_classification: restricted; Online access only",openid; profile; email; https://www.googleapis.com/auth/gmail.readonly,5,0,0,4,2,1,0,High
SC-0544,Strategy C: Removal,"service: Identity, access_type: read, google_classification: non_sensitive; service: Identity, access_type: read, google_classification: non_sensitive; service: Classroom, access_type: read_write, google_classification: sensitive; service: Sheets, access_type: full_access, google_classification: sensitive; Online access only",openid; email; https://www.googleapis.com/auth/classroom.coursework.students; https://www.googleapis.com/auth/spreadsheets,4,0,0,4,3,0,2,High
SC-0545,Strategy J: Bool Switching of Medium Risk Combinations,"service: Identity, access_type: read, google_classification: non_sensitive; service: Identity, access_type: read, google_classification: non_sensitive; service: Identity, access_type: read, google_classification: non_sensitive; service: Classroom, access_type: read_write, google_classification: sensitive; Offline refresh token",openid; profile; email; https://www.googleapis.com/auth/classroom.coursework.students,3,1,0,4,2,0,1,High
SC-0546,Strategy C: Removal,"service: Identity, access_type: read, google_classification: non_sensitive; service: Identity, access_type: read, google_classification: non_sensitive; service: Classroom, access_type: read_write, google_classification: sensitive; service: Sheets, access_type: full_access, google_classification: sensitive; Online access only",profile; email; https://www.googleapis.com/auth/classroom.coursework.students; https://www.googleapis.com/auth/spreadsheets,4,0,0,4,3,0,2,High
SC-0547,Strategy C: Removal,"service: Identity, access_type: read, google_classification: non_sensitive; service: Identity, access_type: read, google_classification: non_sensitive; service: Classroom, access_type: read_write, google_classification: sensitive; service: Sheets, access_type: full_access, google_classification: sensitive; Online access only",openid; profile; https://www.googleapis.com/auth/classroom.coursework.students; https://www.googleapis.com/auth/spreadsheets,4,0,0,4,3,0,2,High
SC-0548,Strategy C: Removal,"service: Identity, access_type: read, google_classification: non_sensitive; service: Identity, access_type: read, google_classification: non_sensitive; service: Drive, access_type: read, google_classification: restricted; service: YouTube, access_type: write, google_classification: sensitive; Online access only",openid; email; https://www.googleapis.com/auth/drive.readonly; https://www.googleapis.com/auth/youtube.upload,4,0,0,4,3,1,1,High
SC-0549,Strategy C: Removal,"service: Identity, access_type: read, google_classification: non_sensitive; service: Identity, access_type: read, google_classification: non_sensitive; service: Drive, access_type: read, google_classification: restricted; service: YouTube, access_type: write, google_classification: sensitive; Online access only",openid; profile; https://www.googleapis.com/auth/drive.readonly; https://www.googleapis.com/auth/youtube.upload,4,0,0,4,3,1,1,High
SC-0550,Strategy C: Removal,"service: Identity, access_type: read, google_classification: non_sensitive; service: Identity, access_type: read, google_classification: non_sensitive; service: Drive, access_type: read, google_classification: restricted; service: YouTube, access_type: write, google_classification: sensitive; Online access only",profile; email; https://www.googleapis.com/auth/drive.readonly; https://www.googleapis.com/auth/youtube.upload,4,0,0,4,3,1,1,High
SC-0551,Strategy J: Bool Switching of Medium Risk Combinations,"service: Identity, access_type: read, google_classification: non_sensitive; service: Identity, access_type: read, google_classification: non_sensitive; service: Identity, access_type: read, google_classification: non_sensitive; service: Forms, access_type: read, google_classification: sensitive; Offline refresh token",openid; profile; email; https://www.googleapis.com/auth/forms.responses.readonly,3,1,0,4,2,0,0,Medium
SC-0552,Strategy C: Removal,"service: Identity, access_type: read, google_classification: non_sensitive; service: Identity, access_type: read, google_classification: non_sensitive; service: Forms, access_type: read, google_classification: sensitive; service: Gmail, access_type: write, google_classification: restricted; Online access only",openid; profile; https://www.googleapis.com/auth/forms.responses.readonly; https://www.googleapis.com/auth/gmail.send,5,0,0,4,3,1,1,High
SC-0553,Strategy C: Removal,"service: Identity, access_type: read, google_classification: non_sensitive; service: Identity, access_type: read, google_classification: non_sensitive; service: Forms, access_type: read, google_classification: sensitive; service: Gmail, access_type: write, google_classification: restricted; Online access only",profile; email; https://www.googleapis.com/auth/forms.responses.readonly; https://www.googleapis.com/auth/gmail.send,5,0,0,4,3,1,1,High
SC-0554,Strategy C: Removal,"service: Identity, access_type: read, google_classification: non_sensitive; service: Identity, access_type: read, google_classification: non_sensitive; service: Analytics, access_type: read, google_classification: non_sensitive; service: Sheets, access_type: full_access, google_classification: sensitive; Offline refresh token",profile; email; https://www.googleapis.com/auth/analytics.readonly; https://www.googleapis.com/auth/spreadsheets,4,1,0,4,3,0,2,High
SC-0555,Strategy C: Removal,"service: Identity, access_type: read, google_classification: non_sensitive; service: Identity, access_type: read, google_classification: non_sensitive; service: Analytics, access_type: read, google_classification: non_sensitive; service: Sheets, access_type: full_access, google_classification: sensitive; Offline refresh token",openid; profile; https://www.googleapis.com/auth/analytics.readonly; https://www.googleapis.com/auth/spreadsheets,4,1,0,4,3,0,2,High
SC-0556,Strategy C: Removal,"service: Identity, access_type: read, google_classification: non_sensitive; service: Identity, access_type: read, google_classification: non_sensitive; service: Analytics, access_type: read, google_classification: non_sensitive; service: Sheets, access_type: full_access, google_classification: sensitive; Offline refresh token",openid; email; https://www.googleapis.com/auth/analytics.readonly; https://www.googleapis.com/auth/spreadsheets,4,1,0,4,3,0,2,High
SC-0557,Strategy C: Removal,"service: Identity, access_type: read, google_classification: non_sensitive; service: Identity, access_type: read, google_classification: non_sensitive; service: Identity, access_type: read, google_classification: non_sensitive; service: Analytics, access_type: read, google_classification: non_sensitive; Offline refresh token",openid; profile; email; https://www.googleapis.com/auth/analytics.readonly,2,1,0,4,2,0,0,Medium
SC-0558,Strategy C: Removal,"service: Identity, access_type: read, google_classification: non_sensitive; service: Identity, access_type: read, google_classification: non_sensitive; service: Gmail, access_type: write, google_classification: restricted; service: Gmail, access_type: read, google_classification: restricted; service: Sheets, access_type: full_access, google_classification: sensitive; service: Drive, access_type: read_write, google_classification: non_sensitive; service: Contacts, access_type: read, google_classification: sensitive; Online access only",openid; email; https://www.googleapis.com/auth/gmail.send; https://www.googleapis.com/auth/gmail.readonly; https://www.googleapis.com/auth/spreadsheets; https://www.googleapis.com/auth/drive.file; https://www.googleapis.com/auth/contacts.readonly,5,0,1,7,5,1,2,Critical
SC-0559,Strategy C: Removal,"service: Identity, access_type: read, google_classification: non_sensitive; service: Identity, access_type: read, google_classification: non_sensitive; service: Identity, access_type: read, google_classification: non_sensitive; service: Gmail, access_type: write, google_classification: restricted; service: Gmail, access_type: read, google_classification: restricted; service: Sheets, access_type: full_access, google_classification: sensitive; service: Drive, access_type: read_write, google_classification: non_sensitive; Online access only",openid; profile; email; https://www.googleapis.com/auth/gmail.send; https://www.googleapis.com/auth/gmail.readonly; https://www.googleapis.com/auth/spreadsheets; https://www.googleapis.com/auth/drive.file,5,0,0,7,4,1,2,Critical
SC-0560,Strategy C: Removal,"service: Identity, access_type: read, google_classification: non_sensitive; service: Identity, access_type: read, google_classification: non_sensitive; service: Gmail, access_type: write, google_classification: restricted; service: Gmail, access_type: read, google_classification: restricted; service: Sheets, access_type: full_access, google_classification: sensitive; service: Drive, access_type: read_write, google_classification: non_sensitive; service: Contacts, access_type: read, google_classification: sensitive; Online access only",openid; profile; https://www.googleapis.com/auth/gmail.send; https://www.googleapis.com/auth/gmail.readonly; https://www.googleapis.com/auth/spreadsheets; https://www.googleapis.com/auth/drive.file; https://www.googleapis.com/auth/contacts.readonly,5,0,1,7,5,1,2,Critical
SC-0561,Strategy C: Removal,"service: Identity, access_type: read, google_classification: non_sensitive; service: Identity, access_type: read, google_classification: non_sensitive; service: Identity, access_type: read, google_classification: non_sensitive; service: Gmail, access_type: write, google_classification: restricted; service: Sheets, access_type: full_access, google_classification: sensitive; service: Drive, access_type: read_write, google_classification: non_sensitive; service: Contacts, access_type: read, google_classification: sensitive; Online access only",openid; profile; email; https://www.googleapis.com/auth/gmail.send; https://www.googleapis.com/auth/spreadsheets; https://www.googleapis.com/auth/drive.file; https://www.googleapis.com/auth/contacts.readonly,5,0,1,7,5,1,2,Critical
SC-0562,Strategy C: Removal,"service: Identity, access_type: read, google_classification: non_sensitive; service: Identity, access_type: read, google_classification: non_sensitive; service: Identity, access_type: read, google_classification: non_sensitive; service: Blogger, access_type: full_access, google_classification: sensitive; Online access only",openid; profile; email; https://www.googleapis.com/auth/blogger,2,0,0,4,2,0,2,Medium
SC-0563,Strategy C: Removal,"service: Identity, access_type: read, google_classification: non_sensitive; service: Identity, access_type: read, google_classification: non_sensitive; service: Identity, access_type: read, google_classification: non_sensitive; service: Docs, access_type: read, google_classification: sensitive; Online access only",openid; profile; email; https://www.googleapis.com/auth/documents.readonly,4,0,0,4,2,0,0,Medium
SC-0564,Strategy C: Removal,"service: Identity, access_type: read, google_classification: non_sensitive; service: Identity, access_type: read, google_classification: non_sensitive; service: Blogger, access_type: full_access, google_classification: sensitive; service: Docs, access_type: read, google_classification: sensitive; Online access only",openid; email; https://www.googleapis.com/auth/blogger; https://www.googleapis.com/auth/documents.readonly,4,0,0,4,3,0,2,High
SC-0565,Strategy C: Removal,"service: Identity, access_type: read, google_classification: non_sensitive; service: Identity, access_type: read, google_classification: non_sensitive; service: Blogger, access_type: full_access, google_classification: sensitive; service: Docs, access_type: read, google_classification: sensitive; Online access only",openid; profile; https://www.googleapis.com/auth/blogger; https://www.googleapis.com/auth/documents.readonly,4,0,0,4,3,0,2,High
SC-0566,Strategy C: Removal,"service: Identity, access_type: read, google_classification: non_sensitive; service: Identity, access_type: read, google_classification: non_sensitive; service: Identity, access_type: read, google_classification: non_sensitive; service: Apps Script, access_type: write, google_classification: sensitive; service: Drive, access_type: read_write, google_classification: sensitive; Offline refresh token",openid; profile; email; https://www.googleapis.com/auth/script.projects; https://www.googleapis.com/auth/drive.activity,4,1,0,5,3,0,1,High
SC-0567,Strategy C: Removal,"service: Identity, access_type: read, google_classification: non_sensitive; service: Identity, access_type: read, google_classification: non_sensitive; service: Identity, access_type: read, google_classification: non_sensitive; service: Drive, access_type: write, google_classification: sensitive; service: Apps Script, access_type: write, google_classification: sensitive; Offline refresh token",openid; profile; email; https://www.googleapis.com/auth/drive.scripts; https://www.googleapis.com/auth/script.projects,4,1,0,5,3,0,1,High
SC-0568,Strategy C: Removal,"service: Identity, access_type: read, google_classification: non_sensitive; service: Identity, access_type: read, google_classification: non_sensitive; service: Drive, access_type: write, google_classification: sensitive; service: Apps Script, access_type: write, google_classification: sensitive; service: Drive, access_type: read_write, google_classification: sensitive; Offline refresh token",openid; profile; https://www.googleapis.com/auth/drive.scripts; https://www.googleapis.com/auth/script.projects; https://www.googleapis.com/auth/drive.activity,4,1,0,5,3,0,1,High
SC-0569,Strategy C: Removal,"service: Identity, access_type: read, google_classification: non_sensitive; service: Identity, access_type: read, google_classification: non_sensitive; service: Identity, access_type: read, google_classification: non_sensitive; service: Drive, access_type: write, google_classification: sensitive; service: Drive, access_type: read_write, google_classification: sensitive; Offline refresh token",openid; profile; email; https://www.googleapis.com/auth/drive.scripts; https://www.googleapis.com/auth/drive.activity,4,1,0,5,2,0,1,High
SC-0570,Strategy C: Removal,"service: Identity, access_type: read, google_classification: non_sensitive; service: Identity, access_type: read, google_classification: non_sensitive; service: Forms, access_type: read, google_classification: sensitive; service: Calendar, access_type: read_write, google_classification: sensitive; Online access only",profile; email; https://www.googleapis.com/auth/forms.responses.readonly; https://www.googleapis.com/auth/calendar.events.owned,3,0,0,4,3,0,1,Medium
SC-0571,Strategy J: Bool Switching of Medium Risk Combinations,"service: Identity, access_type: read, google_classification: non_sensitive; service: Identity, access_type: read, google_classification: non_sensitive; service: Forms, access_type: read, google_classification: sensitive; service: Calendar, access_type: read_write, google_classification: sensitive; Offline refresh token",openid; email; https://www.googleapis.com/auth/forms.responses.readonly; https://www.googleapis.com/auth/calendar.events.owned,3,1,0,4,3,0,1,High
SC-0572,Strategy C: Removal,"service: Identity, access_type: read, google_classification: non_sensitive; service: Identity, access_type: read, google_classification: non_sensitive; service: Forms, access_type: read, google_classification: sensitive; service: Calendar, access_type: read_write, google_classification: sensitive; Online access only",openid; profile; https://www.googleapis.com/auth/forms.responses.readonly; https://www.googleapis.com/auth/calendar.events.owned,3,0,0,4,3,0,1,Medium
SC-0573,Strategy C: Removal,"service: Identity, access_type: read, google_classification: non_sensitive; service: Identity, access_type: read, google_classification: non_sensitive; service: Gmail, access_type: read, google_classification: sensitive; service: Chat, access_type: full_access, google_classification: sensitive; Online access only",profile; email; https://www.googleapis.com/auth/gmail.addons.current.message.readonly; https://www.googleapis.com/auth/chat.messages,5,0,0,4,3,0,2,Critical
SC-0574,Strategy J: Bool Switching of Medium Risk Combinations,"service: Identity, access_type: read, google_classification: non_sensitive; service: Identity, access_type: read, google_classification: non_sensitive; service: Identity, access_type: read, google_classification: non_sensitive; service: Gmail, access_type: read, google_classification: sensitive; Offline refresh token",openid; profile; email; https://www.googleapis.com/auth/gmail.addons.current.message.readonly,5,1,0,4,2,0,0,High
SC-0575,Strategy C: Removal,"service: Identity, access_type: read, google_classification: non_sensitive; service: Identity, access_type: read, google_classification: non_sensitive; service: Gmail, access_type: read, google_classification: sensitive; service: Chat, access_type: full_access, google_classification: sensitive; Online access only",openid; email; https://www.googleapis.com/auth/gmail.addons.current.message.readonly; https://www.googleapis.com/auth/chat.messages,5,0,0,4,3,0,2,Critical
SC-0576,Strategy C: Removal,"service: Identity, access_type: read, google_classification: non_sensitive; service: Identity, access_type: read, google_classification: non_sensitive; service: Gmail, access_type: read, google_classification: sensitive; service: Chat, access_type: full_access, google_classification: sensitive; Online access only",openid; profile; https://www.googleapis.com/auth/gmail.addons.current.message.readonly; https://www.googleapis.com/auth/chat.messages,5,0,0,4,3,0,2,Critical
SC-0577,Strategy C: Removal,"service: Identity, access_type: read, google_classification: non_sensitive; service: Identity, access_type: read, google_classification: non_sensitive; service: Calendar, access_type: read_write, google_classification: sensitive; service: Chat, access_type: read, google_classification: sensitive; Online access only",profile; email; https://www.googleapis.com/auth/calendar.events.owned; https://www.googleapis.com/auth/chat.messages.readonly,4,0,0,4,3,0,1,High
SC-0578,Strategy C: Removal,"service: Identity, access_type: read, google_classification: non_sensitive; service: Identity, access_type: read, google_classification: non_sensitive; service: Calendar, access_type: read_write, google_classification: sensitive; service: Chat, access_type: read, google_classification: sensitive; Online access only",openid; email; https://www.googleapis.com/auth/calendar.events.owned; https://www.googleapis.com/auth/chat.messages.readonly,4,0,0,4,3,0,1,High
SC-0579,Strategy C: Removal,"service: Identity, access_type: read, google_classification: non_sensitive; service: Identity, access_type: read, google_classification: non_sensitive; service: Calendar, access_type: read_write, google_classification: sensitive; service: Chat, access_type: read, google_classification: sensitive; Online access only",openid; profile; https://www.googleapis.com/auth/calendar.events.owned; https://www.googleapis.com/auth/chat.messages.readonly,4,0,0,4,3,0,1,High
SC-0580,Strategy C: Removal,"service: Identity, access_type: read, google_classification: non_sensitive; service: Identity, access_type: read, google_classification: non_sensitive; service: Identity, access_type: read, google_classification: non_sensitive; service: Admin, access_type: read_write, google_classification: sensitive; Online access only",openid; profile; email; https://www.googleapis.com/auth/admin.datatransfer,5,0,1,4,2,0,3,Critical
SC-0581,Strategy C: Removal,"service: Identity, access_type: read, google_classification: non_sensitive; service: Identity, access_type: read, google_classification: non_sensitive; service: Gmail, access_type: write, google_classification: restricted; service: Admin, access_type: read_write, google_classification: sensitive; Online access only",openid; email; https://www.googleapis.com/auth/gmail.send; https://www.googleapis.com/auth/admin.datatransfer,5,0,1,4,3,1,3,Critical
SC-0582,Strategy C: Removal,"service: Identity, access_type: read, google_classification: non_sensitive; service: Identity, access_type: read, google_classification: non_sensitive; service: Gmail, access_type: write, google_classification: restricted; service: Admin, access_type: read_write, google_classification: sensitive; Online access only",profile; email; https://www.googleapis.com/auth/gmail.send; https://www.googleapis.com/auth/admin.datatransfer,5,0,1,4,3,1,3,Critical
SC-0583,Strategy C: Removal,"service: Identity, access_type: read, google_classification: non_sensitive; service: Identity, access_type: read, google_classification: non_sensitive; service: Drive, access_type: read, google_classification: sensitive; service: Gmail, access_type: write, google_classification: restricted; Offline refresh token",profile; email; https://www.googleapis.com/auth/drive.activity.readonly; https://www.googleapis.com/auth/gmail.send,5,1,0,4,3,1,1,Critical
SC-0584,Strategy C: Removal,"service: Identity, access_type: read, google_classification: non_sensitive; service: Identity, access_type: read, google_classification: non_sensitive; service: Identity, access_type: read, google_classification: non_sensitive; service: Gmail, access_type: write, google_classification: restricted; Offline refresh token",openid; profile; email; https://www.googleapis.com/auth/gmail.send,5,1,0,4,2,1,1,Critical
SC-0585,Strategy C: Removal,"service: Identity, access_type: read, google_classification: non_sensitive; service: Identity, access_type: read, google_classification: non_sensitive; service: Drive, access_type: read, google_classification: sensitive; service: Gmail, access_type: write, google_classification: restricted; Offline refresh token",openid; profile; https://www.googleapis.com/auth/drive.activity.readonly; https://www.googleapis.com/auth/gmail.send,5,1,0,4,3,1,1,Critical
SC-0586,Strategy C: Removal,"service: Identity, access_type: read, google_classification: non_sensitive; service: Identity, access_type: read, google_classification: non_sensitive; service: Drive, access_type: read, google_classification: sensitive; service: Gmail, access_type: write, google_classification: restricted; Offline refresh token",openid; email; https://www.googleapis.com/auth/drive.activity.readonly; https://www.googleapis.com/auth/gmail.send,5,1,0,4,3,1,1,Critical
SC-0587,Strategy C: Removal,"service: Identity, access_type: read, google_classification: non_sensitive; service: Identity, access_type: read, google_classification: non_sensitive; service: Gmail, access_type: read_write, google_classification: sensitive; service: Gmail, access_type: read, google_classification: sensitive; Online access only",openid; email; https://www.googleapis.com/auth/gmail.labels; https://www.googleapis.com/auth/gmail.metadata,5,0,0,4,2,0,1,High
SC-0588,Strategy C: Removal,"service: Identity, access_type: read, google_classification: non_sensitive; service: Identity, access_type: read, google_classification: non_sensitive; service: Identity, access_type: read, google_classification: non_sensitive; service: Gmail, access_type: read_write, google_classification: sensitive; Online access only",openid; profile; email; https://www.googleapis.com/auth/gmail.labels,5,0,0,4,2,0,1,High
SC-0589,Strategy J: Bool Switching of Medium Risk Combinations,"service: Identity, access_type: read, google_classification: non_sensitive; service: Identity, access_type: read, google_classification: non_sensitive; service: Identity, access_type: read, google_classification: non_sensitive; service: Gmail, access_type: read, google_classification: sensitive; Offline refresh token",openid; profile; email; https://www.googleapis.com/auth/gmail.metadata,5,1,0,4,2,0,0,High
SC-0590,Strategy C: Removal,"service: Identity, access_type: read, google_classification: non_sensitive; service: Identity, access_type: read, google_classification: non_sensitive; service: Gmail, access_type: read_write, google_classification: sensitive; service: Gmail, access_type: read, google_classification: sensitive; Online access only",openid; profile; https://www.googleapis.com/auth/gmail.labels; https://www.googleapis.com/auth/gmail.metadata,5,0,0,4,2,0,1,High
SC-0591,Strategy C: Removal,"service: Identity, access_type: read, google_classification: non_sensitive; service: Identity, access_type: read, google_classification: non_sensitive; service: Identity, access_type: read, google_classification: non_sensitive; service: Firebase, access_type: read, google_classification: sensitive; service: Sheets, access_type: full_access, google_classification: sensitive; Online access only",openid; profile; email; https://www.googleapis.com/auth/firebase.readonly; https://www.googleapis.com/auth/spreadsheets,4,0,0,5,3,0,2,High
SC-0592,Strategy C: Removal,"service: Identity, access_type: read, google_classification: non_sensitive; service: Identity, access_type: read, google_classification: non_sensitive; service: Compute, access_type: read, google_classification: sensitive; service: Firebase, access_type: read, google_classification: sensitive; service: Sheets, access_type: full_access, google_classification: sensitive; Online access only",openid; email; https://www.googleapis.com/auth/compute.readonly; https://www.googleapis.com/auth/firebase.readonly; https://www.googleapis.com/auth/spreadsheets,4,0,0,5,4,0,2,High
SC-0593,Strategy C: Removal,"service: Identity, access_type: read, google_classification: non_sensitive; service: Identity, access_type: read, google_classification: non_sensitive; service: Compute, access_type: read, google_classification: sensitive; service: Firebase, access_type: read, google_classification: sensitive; service: Sheets, access_type: full_access, google_classification: sensitive; Online access only",profile; email; https://www.googleapis.com/auth/compute.readonly; https://www.googleapis.com/auth/firebase.readonly; https://www.googleapis.com/auth/spreadsheets,4,0,0,5,4,0,2,High
SC-0594,Strategy C: Removal,"service: Identity, access_type: read, google_classification: non_sensitive; service: Identity, access_type: read, google_classification: non_sensitive; service: Identity, access_type: read, google_classification: non_sensitive; service: Compute, access_type: read, google_classification: sensitive; service: Sheets, access_type: full_access, google_classification: sensitive; Online access only",openid; profile; email; https://www.googleapis.com/auth/compute.readonly; https://www.googleapis.com/auth/spreadsheets,4,0,0,5,3,0,2,High
SC-0595,Strategy C: Removal,"service: Identity, access_type: read, google_classification: non_sensitive; service: Identity, access_type: read, google_classification: non_sensitive; service: Firebase, access_type: read, google_classification: sensitive; service: Analytics, access_type: read, google_classification: non_sensitive; Offline refresh token",profile; email; https://www.googleapis.com/auth/firebase.readonly; https://www.googleapis.com/auth/analytics.readonly,3,1,0,4,3,0,0,Medium
SC-0596,Strategy C: Removal,"service: Identity, access_type: read, google_classification: non_sensitive; service: Identity, access_type: read, google_classification: non_sensitive; service: Identity, access_type: read, google_classification: non_sensitive; service: Firebase, access_type: read, google_classification: sensitive; Offline refresh token",openid; profile; email; https://www.googleapis.com/auth/firebase.readonly,3,1,0,4,2,0,0,Medium
SC-0597,Strategy C: Removal,"service: Identity, access_type: read, google_classification: non_sensitive; service: Identity, access_type: read, google_classification: non_sensitive; service: Firebase, access_type: read, google_classification: sensitive; service: Analytics, access_type: read, google_classification: non_sensitive; Offline refresh token",openid; email; https://www.googleapis.com/auth/firebase.readonly; https://www.googleapis.com/auth/analytics.readonly,3,1,0,4,3,0,0,Medium
SC-0598,Strategy C: Removal,"service: Admin, access_type: write, google_classification: sensitive; service: Admin, access_type: full_access, google_classification: sensitive; service: Admin, access_type: full_access, google_classification: sensitive; Online access only",https://www.googleapis.com/auth/admin.directory.user.security; https://www.googleapis.com/auth/admin.directory.domain; https://www.googleapis.com/auth/admin.directory.rolemanagement,5,0,1,3,1,0,3,Critical
SC-0599,Strategy C: Removal,"service: Admin, access_type: write, google_classification: sensitive; service: Admin, access_type: full_access, google_classification: sensitive; service: Sheets, access_type: read, google_classification: sensitive; Online access only",https://www.googleapis.com/auth/admin.directory.user.security; https://www.googleapis.com/auth/admin.directory.rolemanagement; https://www.googleapis.com/auth/spreadsheets.readonly,5,0,1,3,2,0,3,Critical
SC-0600,Strategy C: Removal,"service: Admin, access_type: full_access, google_classification: sensitive; service: Admin, access_type: full_access, google_classification: sensitive; service: Sheets, access_type: read, google_classification: sensitive; Online access only",https://www.googleapis.com/auth/admin.directory.domain; https://www.googleapis.com/auth/admin.directory.rolemanagement; https://www.googleapis.com/auth/spreadsheets.readonly,5,0,1,3,2,0,3,Critical
SC-0601,Strategy C: Removal,"service: Admin, access_type: write, google_classification: sensitive; service: Admin, access_type: full_access, google_classification: sensitive; service: Sheets, access_type: read, google_classification: sensitive; Online access only",https://www.googleapis.com/auth/admin.directory.user.security; https://www.googleapis.com/auth/admin.directory.domain; https://www.googleapis.com/auth/spreadsheets.readonly,5,0,1,3,2,0,3,Critical
SC-0602,Strategy C: Removal,"service: Identity, access_type: read, google_classification: non_sensitive; service: Identity, access_type: read, google_classification: non_sensitive; service: Identity, access_type: read, google_classification: non_sensitive; service: Classroom, access_type: read, google_classification: sensitive; service: Calendar, access_type: read, google_classification: sensitive; Online access only",openid; profile; email; https://www.googleapis.com/auth/classroom.profile.emails; https://www.googleapis.com/auth/calendar.events.readonly,3,0,1,5,3,0,0,Medium
SC-0603,Strategy C: Removal,"service: Identity, access_type: read, google_classification: non_sensitive; service: Identity, access_type: read, google_classification: non_sensitive; service: Gmail, access_type: write, google_classification: restricted; service: Classroom, access_type: read, google_classification: sensitive; service: Calendar, access_type: read, google_classification: sensitive; Online access only",openid; profile; https://www.googleapis.com/auth/gmail.send; https://www.googleapis.com/auth/classroom.profile.emails; https://www.googleapis.com/auth/calendar.events.readonly,5,0,1,5,4,1,1,Critical
SC-0604,Strategy C: Removal,"service: Identity, access_type: read, google_classification: non_sensitive; service: Identity, access_type: read, google_classification: non_sensitive; service: Identity, access_type: read, google_classification: non_sensitive; service: Gmail, access_type: write, google_classification: restricted; service: Classroom, access_type: read, google_classification: sensitive; Online access only",openid; profile; email; https://www.googleapis.com/auth/gmail.send; https://www.googleapis.com/auth/classroom.profile.emails,5,0,1,5,3,1,1,Critical
SC-0605,Strategy C: Removal,"service: Identity, access_type: read, google_classification: non_sensitive; service: Identity, access_type: read, google_classification: non_sensitive; service: Identity, access_type: read, google_classification: non_sensitive; service: Gmail, access_type: write, google_classification: restricted; service: Calendar, access_type: read, google_classification: sensitive; Online access only",openid; profile; email; https://www.googleapis.com/auth/gmail.send; https://www.googleapis.com/auth/calendar.events.readonly,5,0,0,5,3,1,1,High
SC-0606,Strategy C: Removal,"service: Identity, access_type: read, google_classification: non_sensitive; service: Identity, access_type: read, google_classification: non_sensitive; service: Groups, access_type: full_access, google_classification: sensitive; service: Contacts, access_type: read, google_classification: sensitive; Online access only",openid; email; https://www.googleapis.com/auth/groups; https://www.googleapis.com/auth/contacts.readonly,4,0,1,4,3,0,2,High
SC-0607,Strategy C: Removal,"service: Identity, access_type: read, google_classification: non_sensitive; service: Identity, access_type: read, google_classification: non_sensitive; service: Groups, access_type: full_access, google_classification: sensitive; service: Contacts, access_type: read, google_classification: sensitive; Online access only",openid; profile; https://www.googleapis.com/auth/groups; https://www.googleapis.com/auth/contacts.readonly,4,0,1,4,3,0,2,High
SC-0608,Strategy C: Removal,"service: Identity, access_type: read, google_classification: non_sensitive; service: Identity, access_type: read, google_classification: non_sensitive; service: Groups, access_type: full_access, google_classification: sensitive; service: Contacts, access_type: read, google_classification: sensitive; Online access only",profile; email; https://www.googleapis.com/auth/groups; https://www.googleapis.com/auth/contacts.readonly,4,0,1,4,3,0,2,High
SC-0609,Strategy J: Bool Switching of Medium Risk Combinations,"service: Identity, access_type: read, google_classification: non_sensitive; service: Identity, access_type: read, google_classification: non_sensitive; service: AdSense, access_type: read, google_classification: non_sensitive; service: Analytics, access_type: read, google_classification: non_sensitive; Offline refresh token",profile; email; https://www.googleapis.com/auth/adsense.readonly; https://www.googleapis.com/auth/analytics.readonly,2,1,0,4,3,0,0,Medium
SC-0610,Strategy C: Removal,"service: Identity, access_type: read, google_classification: non_sensitive; service: Identity, access_type: read, google_classification: non_sensitive; service: AdSense, access_type: read, google_classification: non_sensitive; service: Analytics, access_type: read, google_classification: non_sensitive; Online access only",openid; profile; https://www.googleapis.com/auth/adsense.readonly; https://www.googleapis.com/auth/analytics.readonly,2,0,0,4,3,0,0,Medium
SC-0611,Strategy C: Removal,"service: Identity, access_type: read, google_classification: non_sensitive; service: Identity, access_type: read, google_classification: non_sensitive; service: Identity, access_type: read, google_classification: non_sensitive; service: Analytics, access_type: read, google_classification: non_sensitive; Online access only",openid; profile; email; https://www.googleapis.com/auth/analytics.readonly,2,0,0,4,2,0,0,Low
SC-0612,Strategy C: Removal,"service: Identity, access_type: read, google_classification: non_sensitive; service: Identity, access_type: read, google_classification: non_sensitive; service: Identity, access_type: read, google_classification: non_sensitive; service: Photos, access_type: write, google_classification: sensitive; service: Gmail, access_type: read, google_classification: sensitive; Online access only",openid; profile; email; https://www.googleapis.com/auth/photoslibrary.appendonly; https://www.googleapis.com/auth/gmail.addons.current.message.readonly,5,0,0,5,3,0,1,High
SC-0613,Strategy C: Removal,"service: Identity, access_type: read, google_classification: non_sensitive; service: Identity, access_type: read, google_classification: non_sensitive; service: Photos, access_type: write, google_classification: sensitive; service: Chat, access_type: read, google_classification: sensitive; service: Gmail, access_type: read, google_classification: sensitive; Online access only",openid; email; https://www.googleapis.com/auth/photoslibrary.appendonly; https://www.googleapis.com/auth/chat.messages.readonly; https://www.googleapis.com/auth/gmail.addons.current.message.readonly,5,0,0,5,4,0,1,High
SC-0614,Strategy C: Removal,"service: Identity, access_type: read, google_classification: non_sensitive; service: Identity, access_type: read, google_classification: non_sensitive; service: Photos, access_type: write, google_classification: sensitive; service: Chat, access_type: read, google_classification: sensitive; service: Gmail, access_type: read, google_classification: sensitive; Online access only",profile; email; https://www.googleapis.com/auth/photoslibrary.appendonly; https://www.googleapis.com/auth/chat.messages.readonly; https://www.googleapis.com/auth/gmail.addons.current.message.readonly,5,0,0,5,4,0,1,High
SC-0615,Strategy C: Removal,"service: Identity, access_type: read, google_classification: non_sensitive; service: Identity, access_type: read, google_classification: non_sensitive; service: Identity, access_type: read, google_classification: non_sensitive; service: Photos, access_type: write, google_classification: sensitive; service: Chat, access_type: read, google_classification: sensitive; Online access only",openid; profile; email; https://www.googleapis.com/auth/photoslibrary.appendonly; https://www.googleapis.com/auth/chat.messages.readonly,4,0,0,5,3,0,1,High
SC-0616,Strategy C: Removal,"service: Gmail, access_type: write, google_classification: restricted; service: Drive, access_type: full_access, google_classification: restricted; service: Contacts, access_type: full_access, google_classification: restricted; Offline refresh token",https://www.googleapis.com/auth/gmail.send; https://www.googleapis.com/auth/drive; https://www.googleapis.com/auth/contacts,5,1,1,3,3,1,2,Critical
SC-0617,Strategy C: Removal,"service: Gmail, access_type: write, google_classification: restricted; service: Gmail, access_type: read, google_classification: restricted; service: Drive, access_type: full_access, google_classification: restricted; Offline refresh token",https://www.googleapis.com/auth/gmail.send; https://www.googleapis.com/auth/gmail.readonly; https://www.googleapis.com/auth/drive,5,1,0,3,2,1,2,Critical
SC-0618,Strategy C: Removal,"service: Gmail, access_type: read, google_classification: restricted; service: Drive, access_type: full_access, google_classification: restricted; service: Contacts, access_type: full_access, google_classification: restricted; Offline refresh token",https://www.googleapis.com/auth/gmail.readonly; https://www.googleapis.com/auth/drive; https://www.googleapis.com/auth/contacts,5,1,1,3,3,1,2,Critical
SC-0619,Strategy C: Removal,"service: Gmail, access_type: write, google_classification: restricted; service: Gmail, access_type: read, google_classification: restricted; service: Contacts, access_type: full_access, google_classification: restricted; Offline refresh token",https://www.googleapis.com/auth/gmail.send; https://www.googleapis.com/auth/gmail.readonly; https://www.googleapis.com/auth/contacts,5,1,1,3,2,1,2,Critical
SC-0620,Strategy C: Removal,"service: Admin, access_type: full_access, google_classification: sensitive; service: Admin, access_type: full_access, google_classification: sensitive; service: Admin, access_type: read_write, google_classification: sensitive; Offline refresh token",https://www.googleapis.com/auth/admin.directory.user; https://www.googleapis.com/auth/admin.directory.group; https://www.googleapis.com/auth/admin.datatransfer,5,1,1,3,1,0,3,Critical
SC-0621,Strategy C: Removal,"service: Admin, access_type: full_access, google_classification: sensitive; service: Admin, access_type: full_access, google_classification: sensitive; service: Admin, access_type: read_write, google_classification: sensitive; Offline refresh token",https://www.googleapis.com/auth/admin.directory.user; https://www.googleapis.com/auth/admin.directory.domain; https://www.googleapis.com/auth/admin.datatransfer,5,1,1,3,1,0,3,Critical
SC-0622,Strategy C: Removal,"service: Admin, access_type: full_access, google_classification: sensitive; service: Admin, access_type: full_access, google_classification: sensitive; service: Admin, access_type: full_access, google_classification: sensitive; Offline refresh token",https://www.googleapis.com/auth/admin.directory.user; https://www.googleapis.com/auth/admin.directory.group; https://www.googleapis.com/auth/admin.directory.domain,5,1,1,3,1,0,3,Critical
SC-0623,Strategy C: Removal,"service: Admin, access_type: full_access, google_classification: sensitive; service: Admin, access_type: full_access, google_classification: sensitive; service: Admin, access_type: read_write, google_classification: sensitive; Offline refresh token",https://www.googleapis.com/auth/admin.directory.group; https://www.googleapis.com/auth/admin.directory.domain; https://www.googleapis.com/auth/admin.datatransfer,5,1,1,3,1,0,3,Critical
SC-0624,Strategy C: Removal,"service: Gmail, access_type: read, google_classification: restricted; service: Calendar, access_type: read, google_classification: sensitive; service: Contacts, access_type: read, google_classification: sensitive; Offline refresh token",https://www.googleapis.com/auth/gmail.readonly; https://www.googleapis.com/auth/calendar.acls.readonly; https://www.googleapis.com/auth/directory.readonly,5,1,1,3,3,1,0,Critical
SC-0625,Strategy C: Removal,"service: Drive, access_type: read, google_classification: restricted; service: Gmail, access_type: read, google_classification: restricted; service: Calendar, access_type: read, google_classification: sensitive; Offline refresh token",https://www.googleapis.com/auth/drive.readonly; https://www.googleapis.com/auth/gmail.readonly; https://www.googleapis.com/auth/calendar.acls.readonly,5,1,0,3,3,1,0,High
SC-0626,Strategy C: Removal,"service: Drive, access_type: read, google_classification: restricted; service: Calendar, access_type: read, google_classification: sensitive; service: Contacts, access_type: read, google_classification: sensitive; Offline refresh token",https://www.googleapis.com/auth/drive.readonly; https://www.googleapis.com/auth/calendar.acls.readonly; https://www.googleapis.com/auth/directory.readonly,4,1,1,3,3,1,0,High
SC-0627,Strategy C: Removal,"service: Drive, access_type: read, google_classification: restricted; service: Gmail, access_type: read, google_classification: restricted; service: Contacts, access_type: read, google_classification: sensitive; Offline refresh token",https://www.googleapis.com/auth/drive.readonly; https://www.googleapis.com/auth/gmail.readonly; https://www.googleapis.com/auth/directory.readonly,5,1,1,3,3,1,0,Critical
SC-0628,Strategy C: Removal,"service: Fitness, access_type: read, google_classification: sensitive; service: Fitness, access_type: read, google_classification: sensitive; service: Fitness, access_type: read, google_classification: sensitive; Offline refresh token",https://www.googleapis.com/auth/fitness.blood_glucose.read; https://www.googleapis.com/auth/fitness.heart_rate.read; https://www.googleapis.com/auth/fitness.body.read,4,1,0,3,1,0,0,Medium
SC-0629,Strategy C: Removal,"service: Fitness, access_type: read, google_classification: sensitive; service: Fitness, access_type: read, google_classification: sensitive; service: Fitness, access_type: read, google_classification: sensitive; Offline refresh token",https://www.googleapis.com/auth/fitness.blood_glucose.read; https://www.googleapis.com/auth/fitness.blood_pressure.read; https://www.googleapis.com/auth/fitness.body.read,4,1,0,3,1,0,0,Medium
SC-0630,Strategy C: Removal,"service: Fitness, access_type: read, google_classification: sensitive; service: Fitness, access_type: read, google_classification: sensitive; service: Fitness, access_type: read, google_classification: sensitive; Offline refresh token",https://www.googleapis.com/auth/fitness.blood_pressure.read; https://www.googleapis.com/auth/fitness.heart_rate.read; https://www.googleapis.com/auth/fitness.body.read,4,1,0,3,1,0,0,Medium
SC-0631,Strategy C: Removal,"service: Fitness, access_type: read, google_classification: sensitive; service: Fitness, access_type: read, google_classification: sensitive; service: Fitness, access_type: read, google_classification: sensitive; Offline refresh token",https://www.googleapis.com/auth/fitness.blood_glucose.read; https://www.googleapis.com/auth/fitness.blood_pressure.read; https://www.googleapis.com/auth/fitness.heart_rate.read,4,1,0,3,1,0,0,Medium
SC-0632,Strategy C: Removal,"service: Gmail, access_type: full_access, google_classification: restricted; service: Drive, access_type: full_access, google_classification: restricted; service: Calendar, access_type: full_access, google_classification: sensitive; service: Contacts, access_type: full_access, google_classification: restricted; service: Keep, access_type: full_access, google_classification: restricted; Offline refresh token",https://mail.google.com/; https://www.googleapis.com/auth/drive; https://www.googleapis.com/auth/calendar; https://www.googleapis.com/auth/contacts; https://www.googleapis.com/auth/keep,5,1,1,5,5,1,2,Critical
SC-0633,Strategy C: Removal,"service: Gmail, access_type: full_access, google_classification: restricted; service: Drive, access_type: full_access, google_classification: restricted; service: Contacts, access_type: full_access, google_classification: restricted; service: Tasks, access_type: full_access, google_classification: sensitive; service: Keep, access_type: full_access, google_classification: restricted; Offline refresh token",https://mail.google.com/; https://www.googleapis.com/auth/drive; https://www.googleapis.com/auth/contacts; https://www.googleapis.com/auth/tasks; https://www.googleapis.com/auth/keep,5,1,1,5,5,1,2,Critical
SC-0634,Strategy C: Removal,"service: Drive, access_type: full_access, google_classification: restricted; service: Calendar, access_type: full_access, google_classification: sensitive; service: Contacts, access_type: full_access, google_classification: restricted; service: Tasks, access_type: full_access, google_classification: sensitive; service: Keep, access_type: full_access, google_classification: restricted; Offline refresh token",https://www.googleapis.com/auth/drive; https://www.googleapis.com/auth/calendar; https://www.googleapis.com/auth/contacts; https://www.googleapis.com/auth/tasks; https://www.googleapis.com/auth/keep,4,1,1,5,5,1,2,Critical
SC-0635,Strategy C: Removal,"service: Cloud, access_type: full_access, google_classification: sensitive; service: Gmail, access_type: full_access, google_classification: restricted; service: Admin, access_type: full_access, google_classification: sensitive; Offline refresh token",https://www.googleapis.com/auth/cloud-platform; https://mail.google.com/; https://www.googleapis.com/auth/admin.directory.user,5,1,1,3,3,1,3,Critical
SC-0636,Strategy C: Removal,"service: Gmail, access_type: full_access, google_classification: restricted; service: Drive, access_type: full_access, google_classification: restricted; service: Admin, access_type: full_access, google_classification: sensitive; Offline refresh token",https://mail.google.com/; https://www.googleapis.com/auth/drive; https://www.googleapis.com/auth/admin.directory.user,5,1,1,3,3,1,3,Critical
SC-0637,Strategy C: Removal,"service: Cloud, access_type: full_access, google_classification: sensitive; service: Drive, access_type: full_access, google_classification: restricted; service: Admin, access_type: full_access, google_classification: sensitive; Offline refresh token",https://www.googleapis.com/auth/cloud-platform; https://www.googleapis.com/auth/drive; https://www.googleapis.com/auth/admin.directory.user,5,1,1,3,3,1,3,Critical
SC-0638,Strategy C: Removal,"service: Cloud, access_type: full_access, google_classification: sensitive; service: Gmail, access_type: full_access, google_classification: restricted; service: Drive, access_type: full_access, google_classification: restricted; Offline refresh token",https://www.googleapis.com/auth/cloud-platform; https://mail.google.com/; https://www.googleapis.com/auth/drive,5,1,1,3,3,1,3,Critical
SC-0643,Strategy C: Removal,"service: Gmail, access_type: write, google_classification: restricted; service: Gmail, access_type: read, google_classification: restricted; service: Calendar, access_type: read_write, google_classification: sensitive; Offline refresh token",https://www.googleapis.com/auth/gmail.send; https://www.googleapis.com/auth/gmail.readonly; https://www.googleapis.com/auth/calendar.events,5,1,0,3,2,1,1,High
SC-0644,Strategy C: Removal,"service: Gmail, access_type: read, google_classification: restricted; service: Contacts, access_type: read, google_classification: sensitive; service: Calendar, access_type: read_write, google_classification: sensitive; Offline refresh token",https://www.googleapis.com/auth/gmail.readonly; https://www.googleapis.com/auth/contacts.readonly; https://www.googleapis.com/auth/calendar.events,5,1,1,3,3,1,1,Critical
SC-0645,Strategy C: Removal,"service: Gmail, access_type: write, google_classification: restricted; service: Contacts, access_type: read, google_classification: sensitive; service: Calendar, access_type: read_write, google_classification: sensitive; Offline refresh token",https://www.googleapis.com/auth/gmail.send; https://www.googleapis.com/auth/contacts.readonly; https://www.googleapis.com/auth/calendar.events,5,1,1,3,3,1,1,Critical
SC-0646,Strategy C: Removal,"service: Contacts, access_type: full_access, google_classification: restricted; service: Gmail, access_type: write, google_classification: restricted; service: Calendar, access_type: read_write, google_classification: sensitive; Offline refresh token",https://www.googleapis.com/auth/contacts; https://www.googleapis.com/auth/gmail.send; https://www.googleapis.com/auth/calendar.events,5,1,1,3,3,1,2,Critical
SC-0647,Strategy C: Removal,"service: Gmail, access_type: write, google_classification: restricted; service: Calendar, access_type: read_write, google_classification: sensitive; service: Drive, access_type: read_write, google_classification: non_sensitive; Offline refresh token",https://www.googleapis.com/auth/gmail.send; https://www.googleapis.com/auth/calendar.events; https://www.googleapis.com/auth/drive.file,5,1,0,3,3,1,1,Critical
SC-0648,Strategy C: Removal,"service: Contacts, access_type: full_access, google_classification: restricted; service: Calendar, access_type: read_write, google_classification: sensitive; service: Drive, access_type: read_write, google_classification: non_sensitive; Offline refresh token",https://www.googleapis.com/auth/contacts; https://www.googleapis.com/auth/calendar.events; https://www.googleapis.com/auth/drive.file,4,1,1,3,3,1,2,Critical
SC-0649,Strategy C: Removal,"service: Contacts, access_type: full_access, google_classification: restricted; service: Gmail, access_type: write, google_classification: restricted; service: Drive, access_type: read_write, google_classification: non_sensitive; Offline refresh token",https://www.googleapis.com/auth/contacts; https://www.googleapis.com/auth/gmail.send; https://www.googleapis.com/auth/drive.file,5,1,1,3,3,1,2,Critical
SC-0650,Strategy C: Removal,"service: Gmail, access_type: full_access, google_classification: restricted; service: Calendar, access_type: full_access, google_classification: sensitive; service: Contacts, access_type: full_access, google_classification: restricted; Offline refresh token",https://mail.google.com/; https://www.googleapis.com/auth/calendar; https://www.googleapis.com/auth/contacts,5,1,1,3,3,1,2,Critical
SC-0651,Strategy C: Removal,"service: Gmail, access_type: full_access, google_classification: restricted; service: Drive, access_type: full_access, google_classification: restricted; service: Calendar, access_type: full_access, google_classification: sensitive; Offline refresh token",https://mail.google.com/; https://www.googleapis.com/auth/drive; https://www.googleapis.com/auth/calendar,5,1,0,3,3,1,2,Critical
SC-0652,Strategy C: Removal,"service: Drive, access_type: full_access, google_classification: restricted; service: Calendar, access_type: full_access, google_classification: sensitive; service: Contacts, access_type: full_access, google_classification: restricted; Offline refresh token",https://www.googleapis.com/auth/drive; https://www.googleapis.com/auth/calendar; https://www.googleapis.com/auth/contacts,4,1,1,3,3,1,2,Critical
SC-0653,Strategy C: Removal,"service: Apps Script, access_type: write, google_classification: sensitive; service: Drive, access_type: full_access, google_classification: restricted; service: Gmail, access_type: write, google_classification: restricted; Offline refresh token",https://www.googleapis.com/auth/script.projects; https://www.googleapis.com/auth/drive; https://www.googleapis.com/auth/gmail.send,5,1,0,3,3,1,2,Critical
SC-0654,Strategy C: Removal,"service: Drive, access_type: full_access, google_classification: restricted; service: Sheets, access_type: full_access, google_classification: sensitive; service: Gmail, access_type: write, google_classification: restricted; Offline refresh token",https://www.googleapis.com/auth/drive; https://www.googleapis.com/auth/spreadsheets; https://www.googleapis.com/auth/gmail.send,5,1,0,3,3,1,2,Critical
SC-0655,Strategy C: Removal,"service: Apps Script, access_type: write, google_classification: sensitive; service: Sheets, access_type: full_access, google_classification: sensitive; service: Gmail, access_type: write, google_classification: restricted; Offline refresh token",https://www.googleapis.com/auth/script.projects; https://www.googleapis.com/auth/spreadsheets; https://www.googleapis.com/auth/gmail.send,5,1,0,3,3,1,2,Critical
SC-0656,Strategy C: Removal,"service: Apps Script, access_type: write, google_classification: sensitive; service: Drive, access_type: full_access, google_classification: restricted; service: Sheets, access_type: full_access, google_classification: sensitive; Offline refresh token",https://www.googleapis.com/auth/script.projects; https://www.googleapis.com/auth/drive; https://www.googleapis.com/auth/spreadsheets,4,1,0,3,3,1,2,Critical
SC-0657,Strategy C: Removal,"service: Forms, access_type: full_access, google_classification: sensitive; service: Sheets, access_type: full_access, google_classification: sensitive; service: Gmail, access_type: write, google_classification: restricted; Online access only",https://www.googleapis.com/auth/forms.body; https://www.googleapis.com/auth/spreadsheets; https://www.googleapis.com/auth/gmail.send,5,0,0,3,3,1,2,Critical
SC-0658,Strategy C: Removal,"service: Forms, access_type: full_access, google_classification: sensitive; service: Forms, access_type: read, google_classification: sensitive; service: Sheets, access_type: full_access, google_classification: sensitive; Online access only",https://www.googleapis.com/auth/forms.body; https://www.googleapis.com/auth/forms.responses.readonly; https://www.googleapis.com/auth/spreadsheets,4,0,0,3,2,0,2,High
SC-0659,Strategy C: Removal,"service: Forms, access_type: read, google_classification: sensitive; service: Sheets, access_type: full_access, google_classification: sensitive; service: Gmail, access_type: write, google_classification: restricted; Online access only",https://www.googleapis.com/auth/forms.responses.readonly; https://www.googleapis.com/auth/spreadsheets; https://www.googleapis.com/auth/gmail.send,5,0,0,3,3,1,2,Critical
SC-0660,Strategy C: Removal,"service: Forms, access_type: full_access, google_classification: sensitive; service: Forms, access_type: read, google_classification: sensitive; service: Gmail, access_type: write, google_classification: restricted; Online access only",https://www.googleapis.com/auth/forms.body; https://www.googleapis.com/auth/forms.responses.readonly; https://www.googleapis.com/auth/gmail.send,5,0,0,3,2,1,2,Critical
SC-0661,Strategy C: Removal,"service: Classroom, access_type: full_access, google_classification: sensitive; service: Classroom, access_type: read_write, google_classification: sensitive; service: Drive, access_type: read_write, google_classification: non_sensitive; Online access only",https://www.googleapis.com/auth/classroom.courses; https://www.googleapis.com/auth/classroom.rosters; https://www.googleapis.com/auth/drive.file,4,0,1,3,2,0,2,High
SC-0662,Strategy C: Removal,"service: Classroom, access_type: full_access, google_classification: sensitive; service: Drive, access_type: read_write, google_classification: non_sensitive; service: Forms, access_type: full_access, google_classification: sensitive; Online access only",https://www.googleapis.com/auth/classroom.courses; https://www.googleapis.com/auth/drive.file; https://www.googleapis.com/auth/forms.body,4,0,0,3,3,0,2,High
SC-0663,Strategy C: Removal,"service: Classroom, access_type: full_access, google_classification: sensitive; service: Classroom, access_type: read_write, google_classification: sensitive; service: Forms, access_type: full_access, google_classification: sensitive; Online access only",https://www.googleapis.com/auth/classroom.courses; https://www.googleapis.com/auth/classroom.rosters; https://www.googleapis.com/auth/forms.body,3,0,1,3,2,0,2,High
SC-0664,Strategy C: Removal,"service: Classroom, access_type: read_write, google_classification: sensitive; service: Drive, access_type: read_write, google_classification: non_sensitive; service: Forms, access_type: full_access, google_classification: sensitive; Online access only",https://www.googleapis.com/auth/classroom.rosters; https://www.googleapis.com/auth/drive.file; https://www.googleapis.com/auth/forms.body,4,0,1,3,3,0,2,High
SC-0665,Strategy C: Removal,"service: Identity, access_type: read, google_classification: non_sensitive; service: Identity, access_type: read, google_classification: non_sensitive; service: Identity, access_type: read, google_classification: non_sensitive; Online access only",email; https://www.googleapis.com/auth/userinfo.email; https://www.googleapis.com/auth/userinfo.profile,1,0,0,3,1,0,0,Low
SC-0666,Strategy C: Removal,"service: Identity, access_type: read, google_classification: non_sensitive; service: Identity, access_type: read, google_classification: non_sensitive; service: Identity, access_type: read, google_classification: non_sensitive; Online access only",openid; https://www.googleapis.com/auth/userinfo.email; https://www.googleapis.com/auth/userinfo.profile,1,0,0,3,1,0,0,Low
SC-0667,Strategy C: Removal,"service: Identity, access_type: read, google_classification: non_sensitive; service: Identity, access_type: read, google_classification: non_sensitive; service: Identity, access_type: read, google_classification: non_sensitive; Online access only",openid; email; https://www.googleapis.com/auth/userinfo.profile,1,0,0,3,1,0,0,Low
SC-0668,Strategy D: Within Service Combinations,"service: Gmail, access_type: read, google_classification: restricted; service: Gmail, access_type: write, google_classification: sensitive; service: Gmail, access_type: full_access, google_classification: restricted; Online access only",https://www.googleapis.com/auth/gmail.readonly; https://www.googleapis.com/auth/gmail.addons.current.action.compose; https://mail.google.com/,5,0,0,3,1,1,2,Critical
SC-0669,Strategy D: Within Service Combinations,"service: Drive, access_type: read_write, google_classification: sensitive; service: Drive, access_type: read_write, google_classification: non_sensitive; service: Drive, access_type: read_write, google_classification: non_sensitive; Offline refresh token",https://www.googleapis.com/auth/drive.metadata; https://www.googleapis.com/auth/drive.file; https://www.googleapis.com/auth/drive.appdata,4,1,0,3,1,0,1,High
SC-0670,Strategy D: Within Service Combinations,"service: Calendar, access_type: read, google_classification: sensitive; service: Calendar, access_type: read_write, google_classification: sensitive; service: Calendar, access_type: full_access, google_classification: sensitive; Offline refresh token",https://www.googleapis.com/auth/calendar.events.readonly; https://www.googleapis.com/auth/calendar.acls; https://www.googleapis.com/auth/calendar,3,1,0,3,1,0,2,High
SC-0671,Strategy D: Within Service Combinations,"service: Contacts, access_type: read, google_classification: sensitive; service: Contacts, access_type: read, google_classification: sensitive; service: Contacts, access_type: read, google_classification: sensitive; Offline refresh token",https://www.googleapis.com/auth/directory.readonly; https://www.googleapis.com/auth/user.organization.read; https://www.googleapis.com/auth/user.phonenumbers.read,4,1,1,3,1,0,0,High
SC-0672,Strategy D: Within Service Combinations,"service: Identity, access_type: read, google_classification: non_sensitive; service: Identity, access_type: read, google_classification: non_sensitive; service: Identity, access_type: read, google_classification: non_sensitive; Offline refresh token",email; https://www.googleapis.com/auth/userinfo.profile; profile,1,1,0,3,1,0,0,Low
SC-0673,Strategy D: Within Service Combinations,"service: Forms, access_type: read, google_classification: sensitive; service: Forms, access_type: read_write, google_classification: sensitive; service: Forms, access_type: read, google_classification: sensitive; Offline refresh token",https://www.googleapis.com/auth/forms.responses.readonly; https://www.googleapis.com/auth/forms.currentonly; https://www.googleapis.com/auth/forms.body.readonly,3,1,0,3,1,0,1,Medium
SC-0674,Strategy D: Within Service Combinations,"service: YouTube, access_type: read, google_classification: sensitive; service: YouTube, access_type: full_access, google_classification: sensitive; service: YouTube, access_type: write, google_classification: sensitive; Online access only",https://www.googleapis.com/auth/youtube.readonly; https://www.googleapis.com/auth/youtube.force-ssl; https://www.googleapis.com/auth/youtube.upload,3,0,0,3,1,0,2,Medium
SC-0675,Strategy D: Within Service Combinations,"service: Photos, access_type: full_access, google_classification: sensitive; service: Photos, access_type: read, google_classification: non_sensitive; service: Photos, access_type: write, google_classification: sensitive; Online access only",https://www.googleapis.com/auth/photoslibrary; https://www.googleapis.com/auth/photoslibrary.readonly.appcreateddata; https://www.googleapis.com/auth/photoslibrary.appendonly,4,0,0,3,1,0,2,Medium
SC-0676,Strategy J: Bool Switching of Medium Risk Combinations,"service: Chat, access_type: read_write, google_classification: sensitive; service: Chat, access_type: read_write, google_classification: sensitive; service: Chat, access_type: full_access, google_classification: sensitive; Offline refresh token",https://www.googleapis.com/auth/chat.memberships; https://www.googleapis.com/auth/chat.spaces; https://www.googleapis.com/auth/chat.messages,4,1,0,3,1,0,2,High
SC-0677,Strategy D: Within Service Combinations,"service: Apps Script, access_type: write, google_classification: sensitive; service: Apps Script, access_type: write, google_classification: sensitive; service: Apps Script, access_type: read, google_classification: sensitive; Offline refresh token",https://www.googleapis.com/auth/script.deployments; https://www.googleapis.com/auth/script.projects; https://www.googleapis.com/auth/script.projects.readonly,3,1,0,3,1,0,1,Medium
SC-0678,Strategy D: Within Service Combinations,"service: Admin, access_type: write, google_classification: sensitive; service: Admin, access_type: full_access, google_classification: sensitive; service: Admin, access_type: full_access, google_classification: sensitive; Offline refresh token",https://www.googleapis.com/auth/admin.directory.user.security; https://www.googleapis.com/auth/admin.directory.rolemanagement; https://www.googleapis.com/auth/admin.directory.domain,5,1,1,3,1,0,3,Critical
SC-0679,Strategy D: Within Service Combinations,"service: Cloud Storage, access_type: full_access, google_classification: sensitive; service: Cloud Storage, access_type: read_write, google_classification: sensitive; service: Cloud Storage, access_type: read, google_classification: non_sensitive; Offline refresh token",https://www.googleapis.com/auth/devstorage.full_control; https://www.googleapis.com/auth/devstorage.read_write; https://www.googleapis.com/auth/devstorage.read_only,2,1,0,3,1,0,2,Medium
SC-0680,Strategy D: Within Service Combinations,"service: Analytics, access_type: read, google_classification: non_sensitive; service: Analytics, access_type: full_access, google_classification: sensitive; service: Analytics, access_type: write, google_classification: sensitive; Online access only",https://www.googleapis.com/auth/analytics.readonly; https://www.googleapis.com/auth/analytics; https://www.googleapis.com/auth/analytics.manage.users,2,0,0,3,1,0,3,High
SC-0681,Strategy D: Within Service Combinations,"service: Firebase, access_type: read, google_classification: sensitive; service: Firebase, access_type: write, google_classification: sensitive; service: Firebase, access_type: full_access, google_classification: sensitive; Online access only",https://www.googleapis.com/auth/firebase.readonly; https://www.googleapis.com/auth/firebase.messaging; https://www.googleapis.com/auth/firebase,3,0,0,3,1,0,2,Medium
SC-0682,Strategy D: Within Service Combinations,"service: Classroom, access_type: read_write, google_classification: sensitive; service: Classroom, access_type: read, google_classification: sensitive; service: Classroom, access_type: full_access, google_classification: sensitive; Offline refresh token",https://www.googleapis.com/auth/classroom.rosters; https://www.googleapis.com/auth/classroom.courses.readonly; https://www.googleapis.com/auth/classroom.courses,3,1,1,3,1,0,2,High
SC-0683,Strategy E: Plausable Cross Scope Combinations,"service: Admin, access_type: read, google_classification: sensitive; service: Gmail, access_type: full_access, google_classification: restricted; Online access only",https://www.googleapis.com/auth/admin.directory.user.readonly; https://mail.google.com/,5,0,1,2,2,1,2,High
SC-0684,Strategy E: Plausable Cross Scope Combinations,"service: Admin, access_type: full_access, google_classification: sensitive; service: Contacts, access_type: read, google_classification: sensitive; Offline refresh token",https://www.googleapis.com/auth/admin.directory.domain; https://www.googleapis.com/auth/directory.readonly,5,1,1,2,2,0,3,Critical
SC-0685,Strategy E: Plausable Cross Scope Combinations,"service: Admin, access_type: read, google_classification: sensitive; service: Drive, access_type: read_write, google_classification: sensitive; Offline refresh token",https://www.googleapis.com/auth/admin.directory.user.readonly; https://www.googleapis.com/auth/drive.activity,5,1,1,2,2,0,1,High
SC-0686,Strategy E: Plausable Cross Scope Combinations,"service: Admin, access_type: read, google_classification: sensitive; service: Apps Script, access_type: write, google_classification: sensitive; Offline refresh token",https://www.googleapis.com/auth/admin.reports.audit.readonly; https://www.googleapis.com/auth/script.projects,5,1,0,2,2,0,1,High
SC-0687,Strategy E: Plausable Cross Scope Combinations,"service: Admin, access_type: full_access, google_classification: sensitive; service: Firebase, access_type: write, google_classification: sensitive; Offline refresh token",https://www.googleapis.com/auth/admin.directory.user; https://www.googleapis.com/auth/firebase.messaging,5,1,1,2,2,0,3,Critical
SC-0688,Strategy E: Plausable Cross Scope Combinations,"service: Admin, access_type: read, google_classification: sensitive; service: Classroom, access_type: read, google_classification: sensitive; Online access only",https://www.googleapis.com/auth/admin.reports.audit.readonly; https://www.googleapis.com/auth/classroom.courses.readonly,5,0,0,2,2,0,0,Medium
SC-0689,Strategy E: Plausable Cross Scope Combinations,"service: Admin, access_type: write, google_classification: sensitive; service: Cloud, access_type: full_access, google_classification: sensitive; Offline refresh token",https://www.googleapis.com/auth/admin.directory.user.security; https://www.googleapis.com/auth/cloud-platform,5,1,1,2,2,0,3,Critical
SC-0690,Strategy E: Plausable Cross Scope Combinations,"service: Admin, access_type: read, google_classification: sensitive; service: BigQuery, access_type: write, google_classification: sensitive; Online access only",https://www.googleapis.com/auth/admin.reports.audit.readonly; https://www.googleapis.com/auth/bigquery.insertdata,5,0,0,2,2,0,1,Medium
SC-0691,Strategy E: Plausable Cross Scope Combinations,"service: Admin, access_type: full_access, google_classification: sensitive; service: Compute, access_type: full_access, google_classification: sensitive; Online access only",https://www.googleapis.com/auth/admin.directory.group; https://www.googleapis.com/auth/compute,5,0,1,2,2,0,3,High
SC-0692,Strategy E: Plausable Cross Scope Combinations,"service: Admin, access_type: read, google_classification: sensitive; service: Identity, access_type: read, google_classification: non_sensitive; Online access only",https://www.googleapis.com/auth/admin.directory.user.readonly; https://www.googleapis.com/auth/userinfo.email,5,0,1,2,2,0,0,Medium
SC-0693,Strategy E: Plausable Cross Scope Combinations,"service: Gmail, access_type: write, google_classification: sensitive; service: Contacts, access_type: read, google_classification: sensitive; Online access only",https://www.googleapis.com/auth/gmail.addons.current.action.compose; https://www.googleapis.com/auth/user.birthday.read,5,0,0,2,2,0,1,Medium
SC-0694,Strategy E: Plausable Cross Scope Combinations,"service: Gmail, access_type: read_write, google_classification: restricted; service: Drive, access_type: read, google_classification: sensitive; Offline refresh token",https://www.googleapis.com/auth/gmail.modify; https://www.googleapis.com/auth/drive.metadata.readonly,5,1,0,2,2,1,1,High
SC-0695,Strategy E: Plausable Cross Scope Combinations,"service: Gmail, access_type: write, google_classification: restricted; service: Photos, access_type: read, google_classification: non_sensitive; Offline refresh token",https://www.googleapis.com/auth/gmail.send; https://www.googleapis.com/auth/photoslibrary.readonly.appcreateddata,5,1,0,2,2,1,1,High
SC-0696,Strategy E: Plausable Cross Scope Combinations,"service: Gmail, access_type: write, google_classification: sensitive; service: Docs, access_type: full_access, google_classification: sensitive; Online access only",https://www.googleapis.com/auth/gmail.insert; https://www.googleapis.com/auth/documents,5,0,0,2,2,0,2,High
SC-0697,Strategy E: Plausable Cross Scope Combinations,"service: Gmail, access_type: write, google_classification: restricted; service: Sheets, access_type: read, google_classification: sensitive; Offline refresh token",https://www.googleapis.com/auth/gmail.settings.sharing; https://www.googleapis.com/auth/spreadsheets.readonly,5,1,0,2,2,1,1,High
SC-0698,Strategy E: Plausable Cross Scope Combinations,"service: Gmail, access_type: write, google_classification: restricted; service: Apps Script, access_type: write, google_classification: sensitive; Offline refresh token",https://www.googleapis.com/auth/gmail.send; https://www.googleapis.com/auth/script.projects,5,1,0,2,2,1,1,High
SC-0699,Strategy E: Plausable Cross Scope Combinations,"service: Gmail, access_type: read, google_classification: restricted; service: Firebase, access_type: full_access, google_classification: sensitive; Online access only",https://www.googleapis.com/auth/gmail.readonly; https://www.googleapis.com/auth/firebase,5,0,0,2,2,1,2,High
SC-0700,Strategy E: Plausable Cross Scope Combinations,"service: Gmail, access_type: write, google_classification: sensitive; service: YouTube, access_type: read, google_classification: sensitive; Offline refresh token",https://www.googleapis.com/auth/gmail.addons.current.action.compose; https://www.googleapis.com/auth/youtube.readonly,5,1,0,2,2,0,1,High
SC-0701,Strategy E: Plausable Cross Scope Combinations,"service: Gmail, access_type: write, google_classification: sensitive; service: Forms, access_type: read, google_classification: sensitive; Online access only",https://www.googleapis.com/auth/gmail.insert; https://www.googleapis.com/auth/forms.body.readonly,5,0,0,2,2,0,1,Medium
SC-0702,Strategy E: Plausable Cross Scope Combinations,"service: Gmail, access_type: read, google_classification: restricted; service: Classroom, access_type: read_write, google_classification: sensitive; Offline refresh token",https://www.googleapis.com/auth/gmail.readonly; https://www.googleapis.com/auth/classroom.rosters,5,1,1,2,2,1,1,Critical
SC-0703,Strategy E: Plausable Cross Scope Combinations,"service: Gmail, access_type: write, google_classification: sensitive; service: Calendar, access_type: read, google_classification: sensitive; Offline refresh token",https://www.googleapis.com/auth/gmail.compose; https://www.googleapis.com/auth/calendar.events.owned.readonly,5,1,0,2,2,0,1,High
SC-0704,Strategy E: Plausable Cross Scope Combinations,"service: Gmail, access_type: read, google_classification: restricted; service: Cloud, access_type: read, google_classification: sensitive; Offline refresh token",https://www.googleapis.com/auth/gmail.readonly; https://www.googleapis.com/auth/cloud-platform.read-only,5,1,0,2,2,1,0,High
SC-0705,Strategy E: Plausable Cross Scope Combinations,"service: Gmail, access_type: read_write, google_classification: restricted; service: BigQuery, access_type: full_access, google_classification: sensitive; Offline refresh token",https://www.googleapis.com/auth/gmail.modify; https://www.googleapis.com/auth/bigquery,5,1,0,2,2,1,2,Critical
SC-0706,Strategy E: Plausable Cross Scope Combinations,"service: Gmail, access_type: read, google_classification: sensitive; service: Compute, access_type: read, google_classification: sensitive; Online access only",https://www.googleapis.com/auth/gmail.addons.current.message.action; https://www.googleapis.com/auth/compute.readonly,5,0,0,2,2,0,0,Medium
SC-0707,Strategy E: Plausable Cross Scope Combinations,"service: Gmail, access_type: read, google_classification: sensitive; service: Blogger, access_type: full_access, google_classification: sensitive; Online access only",https://www.googleapis.com/auth/gmail.addons.current.message.readonly; https://www.googleapis.com/auth/blogger,5,0,0,2,2,0,2,High
SC-0708,Strategy E: Plausable Cross Scope Combinations,"service: Gmail, access_type: write, google_classification: restricted; service: AdSense, access_type: full_access, google_classification: sensitive; Offline refresh token",https://www.googleapis.com/auth/gmail.settings.sharing; https://www.googleapis.com/auth/adsense,5,1,0,2,2,1,2,Critical
SC-0709,Strategy E: Plausable Cross Scope Combinations,"service: Gmail, access_type: write, google_classification: restricted; service: Identity, access_type: read, google_classification: non_sensitive; Online access only",https://www.googleapis.com/auth/gmail.settings.sharing; https://www.googleapis.com/auth/userinfo.email,5,0,0,2,2,1,1,High
SC-0710,Strategy E: Plausable Cross Scope Combinations,"service: Contacts, access_type: read, google_classification: sensitive; service: Keep, access_type: read, google_classification: restricted; Offline refresh token",https://www.googleapis.com/auth/user.emails.read; https://www.googleapis.com/auth/keep.readonly,4,1,0,2,2,1,0,High
SC-0711,Strategy J: Bool Switching of Medium Risk Combinations,"service: Contacts, access_type: read, google_classification: sensitive; service: Chat, access_type: read_write, google_classification: sensitive; Offline refresh token",https://www.googleapis.com/auth/directory.readonly; https://www.googleapis.com/auth/chat.memberships,4,1,1,2,2,0,1,High
SC-0712,Strategy J: Bool Switching of Medium Risk Combinations,"service: Contacts, access_type: read, google_classification: sensitive; service: Drive, access_type: write, google_classification: sensitive; Offline refresh token",https://www.googleapis.com/auth/directory.readonly; https://www.googleapis.com/auth/drive.scripts,4,1,1,2,2,0,1,High
SC-0713,Strategy E: Plausable Cross Scope Combinations,"service: Contacts, access_type: read, google_classification: sensitive; service: Photos, access_type: read, google_classification: sensitive; Online access only",https://www.googleapis.com/auth/user.gender.read; https://www.googleapis.com/auth/photoslibrary.readonly,4,0,0,2,2,0,0,Medium
SC-0714,Strategy E: Plausable Cross Scope Combinations,"service: Contacts, access_type: read, google_classification: sensitive; service: Docs, access_type: full_access, google_classification: sensitive; Online access only",https://www.googleapis.com/auth/contacts.other.readonly; https://www.googleapis.com/auth/documents,4,0,0,2,2,0,2,Medium
SC-0715,Strategy E: Plausable Cross Scope Combinations,"service: Contacts, access_type: read, google_classification: sensitive; service: Sheets, access_type: read, google_classification: sensitive; Online access only",https://www.googleapis.com/auth/user.phonenumbers.read; https://www.googleapis.com/auth/spreadsheets.readonly,4,0,0,2,2,0,0,Medium
SC-0716,Strategy E: Plausable Cross Scope Combinations,"service: Contacts, access_type: read, google_classification: sensitive; service: Groups, access_type: full_access, google_classification: sensitive; Offline refresh token",https://www.googleapis.com/auth/user.birthday.read; https://www.googleapis.com/auth/groups,4,1,0,2,2,0,2,High
SC-0717,Strategy E: Plausable Cross Scope Combinations,"service: Contacts, access_type: read, google_classification: sensitive; service: Apps Script, access_type: read, google_classification: sensitive; Offline refresh token",https://www.googleapis.com/auth/user.organization.read; https://www.googleapis.com/auth/script.projects.readonly,4,1,0,2,2,0,0,Medium
SC-0718,Strategy E: Plausable Cross Scope Combinations,"service: Contacts, access_type: full_access, google_classification: restricted; service: Firebase, access_type: full_access, google_classification: sensitive; Offline refresh token",https://www.googleapis.com/auth/contacts; https://www.googleapis.com/auth/firebase,4,1,1,2,2,1,2,Critical
SC-0719,Strategy E: Plausable Cross Scope Combinations,"service: Contacts, access_type: read, google_classification: sensitive; service: Forms, access_type: read, google_classification: sensitive; Offline refresh token",https://www.googleapis.com/auth/contacts.other.readonly; https://www.googleapis.com/auth/forms.responses.readonly,4,1,0,2,2,0,0,Medium
SC-0720,Strategy E: Plausable Cross Scope Combinations,"service: Contacts, access_type: read, google_classification: sensitive; service: Cloud, access_type: read, google_classification: sensitive; Online access only",https://www.googleapis.com/auth/user.emails.read; https://www.googleapis.com/auth/cloud-platform.read-only,4,0,0,2,2,0,0,Medium
SC-0721,Strategy E: Plausable Cross Scope Combinations,"service: Contacts, access_type: read, google_classification: sensitive; service: Tasks, access_type: read, google_classification: sensitive; Offline refresh token",https://www.googleapis.com/auth/user.organization.read; https://www.googleapis.com/auth/tasks.readonly,4,1,0,2,2,0,0,Medium
SC-0722,Strategy E: Plausable Cross Scope Combinations,"service: Contacts, access_type: read, google_classification: sensitive; service: Classroom, access_type: read_write, google_classification: sensitive; Online access only",https://www.googleapis.com/auth/contacts.readonly; https://www.googleapis.com/auth/classroom.coursework.students,4,0,1,2,2,0,1,Medium
SC-0723,Strategy J: Bool Switching of Medium Risk Combinations,"service: Contacts, access_type: read, google_classification: sensitive; service: Calendar, access_type: read_write, google_classification: non_sensitive; Offline refresh token",https://www.googleapis.com/auth/user.birthday.read; https://www.googleapis.com/auth/calendar.app.created,4,1,0,2,2,0,1,High
SC-0724,Strategy E: Plausable Cross Scope Combinations,"service: Contacts, access_type: read, google_classification: sensitive; service: Identity, access_type: read, google_classification: non_sensitive; Online access only",https://www.googleapis.com/auth/user.emails.read; https://www.googleapis.com/auth/userinfo.profile,4,0,0,2,2,0,0,Medium
SC-0725,Strategy E: Plausable Cross Scope Combinations,"service: Keep, access_type: full_access, google_classification: restricted; service: Chat, access_type: write, google_classification: sensitive; Online access only",https://www.googleapis.com/auth/keep; https://www.googleapis.com/auth/chat.delete,4,0,0,2,2,1,2,High
SC-0726,Strategy E: Plausable Cross Scope Combinations,"service: Keep, access_type: full_access, google_classification: restricted; service: Fitness, access_type: write, google_classification: sensitive; Online access only",https://www.googleapis.com/auth/keep; https://www.googleapis.com/auth/fitness.activity.write,4,0,0,2,2,1,2,High
SC-0727,Strategy E: Plausable Cross Scope Combinations,"service: Keep, access_type: full_access, google_classification: restricted; service: Drive, access_type: read_write, google_classification: non_sensitive; Online access only",https://www.googleapis.com/auth/keep; https://www.googleapis.com/auth/drive.file,4,0,0,2,2,1,2,High
SC-0728,Strategy E: Plausable Cross Scope Combinations,"service: Keep, access_type: full_access, google_classification: restricted; service: Docs, access_type: full_access, google_classification: sensitive; Online access only",https://www.googleapis.com/auth/keep; https://www.googleapis.com/auth/documents,4,0,0,2,2,1,2,High
SC-0729,Strategy E: Plausable Cross Scope Combinations,"service: Keep, access_type: read, google_classification: restricted; service: Sheets, access_type: full_access, google_classification: sensitive; Offline refresh token",https://www.googleapis.com/auth/keep.readonly; https://www.googleapis.com/auth/spreadsheets,4,1,0,2,2,1,2,High
SC-0730,Strategy E: Plausable Cross Scope Combinations,"service: Keep, access_type: read, google_classification: restricted; service: Groups, access_type: full_access, google_classification: sensitive; Offline refresh token",https://www.googleapis.com/auth/keep.readonly; https://www.googleapis.com/auth/groups,4,1,0,2,2,1,2,High
SC-0731,Strategy E: Plausable Cross Scope Combinations,"service: Keep, access_type: full_access, google_classification: restricted; service: Calendar, access_type: read, google_classification: sensitive; Offline refresh token",https://www.googleapis.com/auth/keep; https://www.googleapis.com/auth/calendar.calendars.readonly,4,1,0,2,2,1,2,High
SC-0732,Strategy E: Plausable Cross Scope Combinations,"service: Keep, access_type: full_access, google_classification: restricted; service: Tasks, access_type: read, google_classification: sensitive; Offline refresh token",https://www.googleapis.com/auth/keep; https://www.googleapis.com/auth/tasks.readonly,4,1,0,2,2,1,2,High
SC-0733,Strategy E: Plausable Cross Scope Combinations,"service: Keep, access_type: full_access, google_classification: restricted; service: Identity, access_type: read, google_classification: non_sensitive; Online access only",https://www.googleapis.com/auth/keep; https://www.googleapis.com/auth/userinfo.profile,4,0,0,2,2,1,2,High
SC-0734,Strategy J: Bool Switching of Medium Risk Combinations,"service: Chat, access_type: read_write, google_classification: sensitive; service: Drive, access_type: read_write, google_classification: non_sensitive; Offline refresh token",https://www.googleapis.com/auth/chat.memberships; https://www.googleapis.com/auth/drive.file,4,1,0,2,2,0,1,High
SC-0735,Strategy E: Plausable Cross Scope Combinations,"service: Chat, access_type: read_write, google_classification: sensitive; service: Docs, access_type: read, google_classification: sensitive; Offline refresh token",https://www.googleapis.com/auth/chat.memberships; https://www.googleapis.com/auth/documents.readonly,4,1,0,2,2,0,1,High
SC-0736,Strategy J: Bool Switching of Medium Risk Combinations,"service: Chat, access_type: read_write, google_classification: sensitive; service: Photos, access_type: read, google_classification: sensitive; Offline refresh token",https://www.googleapis.com/auth/chat.memberships; https://www.googleapis.com/auth/photoslibrary.readonly,4,1,0,2,2,0,1,High
SC-0737,Strategy E: Plausable Cross Scope Combinations,"service: Chat, access_type: read, google_classification: sensitive; service: Sheets, access_type: read, google_classification: sensitive; Online access only",https://www.googleapis.com/auth/chat.spaces.readonly; https://www.googleapis.com/auth/spreadsheets.readonly,4,0,0,2,2,0,0,Medium
SC-0738,Strategy E: Plausable Cross Scope Combinations,"service: Chat, access_type: read_write, google_classification: sensitive; service: Groups, access_type: full_access, google_classification: sensitive; Offline refresh token",https://www.googleapis.com/auth/chat.memberships; https://www.googleapis.com/auth/groups,4,1,0,2,2,0,2,High
SC-0739,Strategy E: Plausable Cross Scope Combinations,"service: Chat, access_type: read, google_classification: sensitive; service: Apps Script, access_type: write, google_classification: sensitive; Offline refresh token",https://www.googleapis.com/auth/chat.messages.readonly; https://www.googleapis.com/auth/script.projects,4,1,0,2,2,0,1,High
SC-0740,Strategy E: Plausable Cross Scope Combinations,"service: Chat, access_type: read_write, google_classification: sensitive; service: Forms, access_type: read_write, google_classification: sensitive; Offline refresh token",https://www.googleapis.com/auth/chat.spaces; https://www.googleapis.com/auth/forms,4,1,0,2,2,0,1,High
SC-0741,Strategy E: Plausable Cross Scope Combinations,"service: Chat, access_type: read_write, google_classification: sensitive; service: Classroom, access_type: read, google_classification: sensitive; Offline refresh token",https://www.googleapis.com/auth/chat.memberships; https://www.googleapis.com/auth/classroom.courses.readonly,4,1,0,2,2,0,1,High
SC-0742,Strategy E: Plausable Cross Scope Combinations,"service: Chat, access_type: full_access, google_classification: sensitive; service: Tasks, access_type: full_access, google_classification: sensitive; Offline refresh token",https://www.googleapis.com/auth/chat.messages; https://www.googleapis.com/auth/tasks,4,1,0,2,2,0,2,High
SC-0743,Strategy J: Bool Switching of Medium Risk Combinations,"service: Chat, access_type: full_access, google_classification: sensitive; service: Calendar, access_type: read_write, google_classification: sensitive; Offline refresh token",https://www.googleapis.com/auth/chat.messages; https://www.googleapis.com/auth/calendar.acls,4,1,0,2,2,0,2,High
SC-0744,Strategy E: Plausable Cross Scope Combinations,"service: Chat, access_type: full_access, google_classification: sensitive; service: Identity, access_type: read, google_classification: non_sensitive; Offline refresh token",https://www.googleapis.com/auth/chat.messages; email,4,1,0,2,2,0,2,High
SC-0745,Strategy E: Plausable Cross Scope Combinations,"service: Fitness, access_type: read, google_classification: sensitive; service: Drive, access_type: write, google_classification: sensitive; Offline refresh token",https://www.googleapis.com/auth/fitness.body.read; https://www.googleapis.com/auth/drive.scripts,4,1,0,2,2,0,1,High
SC-0746,Strategy E: Plausable Cross Scope Combinations,"service: Fitness, access_type: read, google_classification: sensitive; service: Photos, access_type: read, google_classification: non_sensitive; Offline refresh token",https://www.googleapis.com/auth/fitness.blood_glucose.read; https://www.googleapis.com/auth/photoslibrary.readonly.appcreateddata,4,1,0,2,2,0,0,Medium
SC-0747,Strategy E: Plausable Cross Scope Combinations,"service: Fitness, access_type: read, google_classification: sensitive; service: Sheets, access_type: read, google_classification: sensitive; Offline refresh token",https://www.googleapis.com/auth/fitness.sleep.read; https://www.googleapis.com/auth/spreadsheets.readonly,4,1,0,2,2,0,0,Medium
SC-0748,Strategy J: Bool Switching of Medium Risk Combinations,"service: Fitness, access_type: write, google_classification: sensitive; service: Apps Script, access_type: write, google_classification: sensitive; Offline refresh token",https://www.googleapis.com/auth/fitness.activity.write; https://www.googleapis.com/auth/script.projects,4,1,0,2,2,0,1,High
SC-0749,Strategy E: Plausable Cross Scope Combinations,"service: Fitness, access_type: read, google_classification: sensitive; service: Forms, access_type: read, google_classification: sensitive; Online access only",https://www.googleapis.com/auth/fitness.heart_rate.read; https://www.googleapis.com/auth/forms.responses.readonly,4,0,0,2,2,0,0,Medium
SC-0750,Strategy E: Plausable Cross Scope Combinations,"service: Fitness, access_type: read, google_classification: sensitive; service: Identity, access_type: read, google_classification: non_sensitive; Offline refresh token",https://www.googleapis.com/auth/fitness.sleep.read; https://www.googleapis.com/auth/userinfo.email,4,1,0,2,2,0,0,Medium
SC-0751,Strategy E: Plausable Cross Scope Combinations,"service: Drive, access_type: full_access, google_classification: restricted; service: Photos, access_type: read, google_classification: non_sensitive; Online access only",https://www.googleapis.com/auth/drive; https://www.googleapis.com/auth/photoslibrary.readonly.appcreateddata,4,0,0,2,2,1,2,High
SC-0752,Strategy E: Plausable Cross Scope Combinations,"service: Drive, access_type: read_write, google_classification: non_sensitive; service: Docs, access_type: full_access, google_classification: sensitive; Offline refresh token",https://www.googleapis.com/auth/drive.appdata; https://www.googleapis.com/auth/documents,4,1,0,2,2,0,2,High
SC-0753,Strategy E: Plausable Cross Scope Combinations,"service: Drive, access_type: read_write, google_classification: sensitive; service: Sheets, access_type: read, google_classification: sensitive; Offline refresh token",https://www.googleapis.com/auth/drive.metadata; https://www.googleapis.com/auth/spreadsheets.readonly,4,1,0,2,2,0,1,High
SC-0754,Strategy J: Bool Switching of Medium Risk Combinations,"service: Drive, access_type: read, google_classification: restricted; service: Apps Script, access_type: write, google_classification: sensitive; Offline refresh token",https://www.googleapis.com/auth/drive.readonly; https://www.googleapis.com/auth/script.projects,4,1,0,2,2,1,1,High
SC-0755,Strategy E: Plausable Cross Scope Combinations,"service: Drive, access_type: write, google_classification: sensitive; service: Firebase, access_type: full_access, google_classification: sensitive; Offline refresh token",https://www.googleapis.com/auth/drive.scripts; https://www.googleapis.com/auth/firebase,4,1,0,2,2,0,2,High
SC-0756,Strategy E: Plausable Cross Scope Combinations,"service: Drive, access_type: write, google_classification: sensitive; service: YouTube, access_type: full_access, google_classification: sensitive; Offline refresh token",https://www.googleapis.com/auth/drive.scripts; https://www.googleapis.com/auth/youtubepartner,4,1,0,2,2,0,2,High
SC-0757,Strategy E: Plausable Cross Scope Combinations,"service: Drive, access_type: full_access, google_classification: restricted; service: Slides, access_type: full_access, google_classification: sensitive; Offline refresh token",https://www.googleapis.com/auth/drive; https://www.googleapis.com/auth/presentations,4,1,0,2,2,1,2,High
SC-0758,Strategy E: Plausable Cross Scope Combinations,"service: Drive, access_type: read_write, google_classification: sensitive; service: Forms, access_type: full_access, google_classification: sensitive; Online access only",https://www.googleapis.com/auth/drive.metadata; https://www.googleapis.com/auth/forms.body,4,0,0,2,2,0,2,Medium
SC-0759,Strategy E: Plausable Cross Scope Combinations,"service: Drive, access_type: write, google_classification: sensitive; service: Classroom, access_type: read, google_classification: sensitive; Offline refresh token",https://www.googleapis.com/auth/drive.scripts; https://www.googleapis.com/auth/classroom.profile.emails,4,1,1,2,2,0,1,High
SC-0760,Strategy E: Plausable Cross Scope Combinations,"service: Drive, access_type: read, google_classification: restricted; service: Cloud, access_type: full_access, google_classification: sensitive; Offline refresh token",https://www.googleapis.com/auth/drive.readonly; https://www.googleapis.com/auth/cloud-platform,4,1,1,2,2,1,3,Critical
SC-0761,Strategy E: Plausable Cross Scope Combinations,"service: Drive, access_type: read, google_classification: restricted; service: BigQuery, access_type: full_access, google_classification: sensitive; Online access only",https://www.googleapis.com/auth/drive.readonly; https://www.googleapis.com/auth/bigquery,4,0,0,2,2,1,2,High
SC-0762,Strategy E: Plausable Cross Scope Combinations,"service: Drive, access_type: read, google_classification: sensitive; service: Compute, access_type: read, google_classification: sensitive; Online access only",https://www.googleapis.com/auth/drive.metadata.readonly; https://www.googleapis.com/auth/compute.readonly,4,0,0,2,2,0,0,Medium
SC-0763,Strategy E: Plausable Cross Scope Combinations,"service: Drive, access_type: read, google_classification: restricted; service: Blogger, access_type: read, google_classification: sensitive; Offline refresh token",https://www.googleapis.com/auth/drive.readonly; https://www.googleapis.com/auth/blogger.readonly,4,1,0,2,2,1,0,High
SC-0764,Strategy E: Plausable Cross Scope Combinations,"service: Drive, access_type: read_write, google_classification: sensitive; service: Analytics, access_type: write, google_classification: sensitive; Offline refresh token",https://www.googleapis.com/auth/drive.metadata; https://www.googleapis.com/auth/analytics.edit,4,1,0,2,2,0,1,High
SC-0765,Strategy E: Plausable Cross Scope Combinations,"service: Drive, access_type: full_access, google_classification: restricted; service: Cloud Storage, access_type: read_write, google_classification: sensitive; Offline refresh token",https://www.googleapis.com/auth/drive; https://www.googleapis.com/auth/devstorage.read_write,4,1,0,2,2,1,2,High
SC-0766,Strategy E: Plausable Cross Scope Combinations,"service: Drive, access_type: read, google_classification: sensitive; service: Identity, access_type: read, google_classification: non_sensitive; Offline refresh token",https://www.googleapis.com/auth/drive.photos.readonly; https://www.googleapis.com/auth/userinfo.email,4,1,0,2,2,0,0,Medium
SC-0767,Strategy E: Plausable Cross Scope Combinations,"service: Photos, access_type: read, google_classification: non_sensitive; service: Docs, access_type: full_access, google_classification: sensitive; Offline refresh token",https://www.googleapis.com/auth/photoslibrary.readonly.appcreateddata; https://www.googleapis.com/auth/documents,4,1,0,2,2,0,2,High
SC-0768,Strategy E: Plausable Cross Scope Combinations,"service: Photos, access_type: full_access, google_classification: sensitive; service: Apps Script, access_type: write, google_classification: sensitive; Offline refresh token",https://www.googleapis.com/auth/photoslibrary; https://www.googleapis.com/auth/script.projects,4,1,0,2,2,0,2,High
SC-0769,Strategy E: Plausable Cross Scope Combinations,"service: Photos, access_type: full_access, google_classification: sensitive; service: Firebase, access_type: write, google_classification: sensitive; Offline refresh token",https://www.googleapis.com/auth/photoslibrary; https://www.googleapis.com/auth/firebase.messaging,4,1,0,2,2,0,2,High
SC-0770,Strategy E: Plausable Cross Scope Combinations,"service: Photos, access_type: read, google_classification: non_sensitive; service: YouTube, access_type: full_access, google_classification: sensitive; Offline refresh token",https://www.googleapis.com/auth/photoslibrary.readonly.appcreateddata; https://www.googleapis.com/auth/youtube,4,1,0,2,2,0,2,High
SC-0771,Strategy J: Bool Switching of Medium Risk Combinations,"service: Photos, access_type: full_access, google_classification: sensitive; service: Slides, access_type: full_access, google_classification: sensitive; Offline refresh token",https://www.googleapis.com/auth/photoslibrary; https://www.googleapis.com/auth/presentations,4,1,0,2,2,0,2,High
SC-0772,Strategy E: Plausable Cross Scope Combinations,"service: Photos, access_type: write, google_classification: sensitive; service: Tasks, access_type: read, google_classification: sensitive; Offline refresh token",https://www.googleapis.com/auth/photoslibrary.appendonly; https://www.googleapis.com/auth/tasks.readonly,4,1,0,2,2,0,1,High
SC-0773,Strategy E: Plausable Cross Scope Combinations,"service: Photos, access_type: write, google_classification: sensitive; service: Blogger, access_type: full_access, google_classification: sensitive; Online access only",https://www.googleapis.com/auth/photoslibrary.appendonly; https://www.googleapis.com/auth/blogger,4,0,0,2,2,0,2,Medium
SC-0774,Strategy E: Plausable Cross Scope Combinations,"service: Photos, access_type: read, google_classification: non_sensitive; service: Identity, access_type: read, google_classification: non_sensitive; Online access only",https://www.googleapis.com/auth/photoslibrary.readonly.appcreateddata; https://www.googleapis.com/auth/userinfo.profile,4,0,0,2,2,0,0,Medium
SC-0775,Strategy E: Plausable Cross Scope Combinations,"service: Docs, access_type: read, google_classification: sensitive; service: Sheets, access_type: read, google_classification: sensitive; Offline refresh token",https://www.googleapis.com/auth/documents.readonly; https://www.googleapis.com/auth/spreadsheets.readonly,4,1,0,2,2,0,0,Medium
SC-0776,Strategy E: Plausable Cross Scope Combinations,"service: Docs, access_type: full_access, google_classification: sensitive; service: Apps Script, access_type: read, google_classification: sensitive; Offline refresh token",https://www.googleapis.com/auth/documents; https://www.googleapis.com/auth/script.projects.readonly,4,1,0,2,2,0,2,High
SC-0777,Strategy E: Plausable Cross Scope Combinations,"service: Docs, access_type: full_access, google_classification: sensitive; service: YouTube, access_type: full_access, google_classification: sensitive; Offline refresh token",https://www.googleapis.com/auth/documents; https://www.googleapis.com/auth/youtubepartner,4,1,0,2,2,0,2,High
SC-0778,Strategy J: Bool Switching of Medium Risk Combinations,"service: Docs, access_type: read, google_classification: sensitive; service: Slides, access_type: full_access, google_classification: sensitive; Offline refresh token",https://www.googleapis.com/auth/documents.readonly; https://www.googleapis.com/auth/presentations,4,1,0,2,2,0,2,High
SC-0779,Strategy J: Bool Switching of Medium Risk Combinations,"service: Docs, access_type: full_access, google_classification: sensitive; service: Forms, access_type: full_access, google_classification: sensitive; Offline refresh token",https://www.googleapis.com/auth/documents; https://www.googleapis.com/auth/forms.body,4,1,0,2,2,0,2,High
SC-0780,Strategy E: Plausable Cross Scope Combinations,"service: Docs, access_type: read, google_classification: sensitive; service: Classroom, access_type: read, google_classification: sensitive; Online access only",https://www.googleapis.com/auth/documents.readonly; https://www.googleapis.com/auth/classroom.courses.readonly,4,0,0,2,2,0,0,Medium
SC-0781,Strategy E: Plausable Cross Scope Combinations,"service: Docs, access_type: read, google_classification: sensitive; service: Calendar, access_type: read, google_classification: sensitive; Offline refresh token",https://www.googleapis.com/auth/documents.readonly; https://www.googleapis.com/auth/calendar.settings.readonly,4,1,0,2,2,0,0,Medium
SC-0782,Strategy E: Plausable Cross Scope Combinations,"service: Docs, access_type: read, google_classification: sensitive; service: Tasks, access_type: full_access, google_classification: sensitive; Offline refresh token",https://www.googleapis.com/auth/documents.readonly; https://www.googleapis.com/auth/tasks,4,1,0,2,2,0,2,High
SC-0783,Strategy E: Plausable Cross Scope Combinations,"service: Docs, access_type: read, google_classification: sensitive; service: Cloud, access_type: full_access, google_classification: sensitive; Offline refresh token",https://www.googleapis.com/auth/documents.readonly; https://www.googleapis.com/auth/cloud-platform,4,1,1,2,2,0,3,Critical
SC-0784,Strategy J: Bool Switching of Medium Risk Combinations,"service: Docs, access_type: full_access, google_classification: sensitive; service: BigQuery, access_type: write, google_classification: sensitive; Offline refresh token",https://www.googleapis.com/auth/documents; https://www.googleapis.com/auth/bigquery.insertdata,4,1,0,2,2,0,2,High
SC-0785,Strategy E: Plausable Cross Scope Combinations,"service: Docs, access_type: full_access, google_classification: sensitive; service: AdSense, access_type: read, google_classification: non_sensitive; Offline refresh token",https://www.googleapis.com/auth/documents; https://www.googleapis.com/auth/adsense.readonly,4,1,0,2,2,0,2,High
SC-0786,Strategy E: Plausable Cross Scope Combinations,"service: Docs, access_type: read, google_classification: sensitive; service: Identity, access_type: read, google_classification: non_sensitive; Online access only",https://www.googleapis.com/auth/documents.readonly; email,4,0,0,2,2,0,0,Medium
SC-0787,Strategy E: Plausable Cross Scope Combinations,"service: Sheets, access_type: read, google_classification: sensitive; service: Apps Script, access_type: write, google_classification: sensitive; Offline refresh token",https://www.googleapis.com/auth/spreadsheets.readonly; https://www.googleapis.com/auth/script.projects,4,1,0,2,2,0,1,High
SC-0788,Strategy E: Plausable Cross Scope Combinations,"service: Sheets, access_type: read, google_classification: sensitive; service: Firebase, access_type: read, google_classification: sensitive; Offline refresh token",https://www.googleapis.com/auth/spreadsheets.readonly; https://www.googleapis.com/auth/firebase.readonly,4,1,0,2,2,0,0,Medium
SC-0789,Strategy E: Plausable Cross Scope Combinations,"service: Sheets, access_type: full_access, google_classification: sensitive; service: YouTube, access_type: write, google_classification: sensitive; Offline refresh token",https://www.googleapis.com/auth/spreadsheets; https://www.googleapis.com/auth/youtube.upload,4,1,0,2,2,0,2,High
SC-0790,Strategy E: Plausable Cross Scope Combinations,"service: Sheets, access_type: read, google_classification: sensitive; service: Slides, access_type: full_access, google_classification: sensitive; Online access only",https://www.googleapis.com/auth/spreadsheets.readonly; https://www.googleapis.com/auth/presentations,4,0,0,2,2,0,2,Medium
SC-0791,Strategy E: Plausable Cross Scope Combinations,"service: Sheets, access_type: read, google_classification: sensitive; service: Forms, access_type: read_write, google_classification: sensitive; Offline refresh token",https://www.googleapis.com/auth/spreadsheets.readonly; https://www.googleapis.com/auth/forms.currentonly,4,1,0,2,2,0,1,High
SC-0792,Strategy E: Plausable Cross Scope Combinations,"service: Sheets, access_type: full_access, google_classification: sensitive; service: Classroom, access_type: full_access, google_classification: sensitive; Offline refresh token",https://www.googleapis.com/auth/spreadsheets; https://www.googleapis.com/auth/classroom.courses,4,1,0,2,2,0,2,High
SC-0793,Strategy E: Plausable Cross Scope Combinations,"service: Sheets, access_type: full_access, google_classification: sensitive; service: Calendar, access_type: read, google_classification: sensitive; Offline refresh token",https://www.googleapis.com/auth/spreadsheets; https://www.googleapis.com/auth/calendar.events.owned.readonly,4,1,0,2,2,0,2,High
SC-0794,Strategy E: Plausable Cross Scope Combinations,"service: Sheets, access_type: read, google_classification: sensitive; service: Tasks, access_type: full_access, google_classification: sensitive; Offline refresh token",https://www.googleapis.com/auth/spreadsheets.readonly; https://www.googleapis.com/auth/tasks,4,1,0,2,2,0,2,High
SC-0795,Strategy E: Plausable Cross Scope Combinations,"service: Sheets, access_type: read, google_classification: sensitive; service: Cloud, access_type: read, google_classification: sensitive; Offline refresh token",https://www.googleapis.com/auth/spreadsheets.readonly; https://www.googleapis.com/auth/cloud-platform.read-only,4,1,0,2,2,0,0,Medium
SC-0796,Strategy E: Plausable Cross Scope Combinations,"service: Sheets, access_type: read, google_classification: sensitive; service: BigQuery, access_type: full_access, google_classification: sensitive; Offline refresh token",https://www.googleapis.com/auth/spreadsheets.readonly; https://www.googleapis.com/auth/bigquery,4,1,0,2,2,0,2,High
SC-0797,Strategy E: Plausable Cross Scope Combinations,"service: Sheets, access_type: full_access, google_classification: sensitive; service: Compute, access_type: read, google_classification: sensitive; Online access only",https://www.googleapis.com/auth/spreadsheets; https://www.googleapis.com/auth/compute.readonly,4,0,0,2,2,0,2,Medium
SC-0798,Strategy E: Plausable Cross Scope Combinations,"service: Sheets, access_type: full_access, google_classification: sensitive; service: AdSense, access_type: full_access, google_classification: sensitive; Offline refresh token",https://www.googleapis.com/auth/spreadsheets; https://www.googleapis.com/auth/adsense,4,1,0,2,2,0,2,High
SC-0799,Strategy E: Plausable Cross Scope Combinations,"service: Sheets, access_type: full_access, google_classification: sensitive; service: Analytics, access_type: write, google_classification: sensitive; Offline refresh token",https://www.googleapis.com/auth/spreadsheets; https://www.googleapis.com/auth/analytics.manage.users,4,1,0,2,2,0,3,Critical
SC-0800,Strategy E: Plausable Cross Scope Combinations,"service: Sheets, access_type: full_access, google_classification: sensitive; service: Cloud Storage, access_type: read_write, google_classification: sensitive; Online access only",https://www.googleapis.com/auth/spreadsheets; https://www.googleapis.com/auth/devstorage.read_write,4,0,0,2,2,0,2,Medium
SC-0801,Strategy E: Plausable Cross Scope Combinations,"service: Sheets, access_type: read, google_classification: sensitive; service: Identity, access_type: read, google_classification: non_sensitive; Online access only",https://www.googleapis.com/auth/spreadsheets.readonly; https://www.googleapis.com/auth/userinfo.profile,4,0,0,2,2,0,0,Medium
SC-0802,Strategy E: Plausable Cross Scope Combinations,"service: Groups, access_type: full_access, google_classification: sensitive; service: Apps Script, access_type: write, google_classification: sensitive; Offline refresh token",https://www.googleapis.com/auth/groups; https://www.googleapis.com/auth/script.deployments,3,1,0,2,2,0,2,High
SC-0803,Strategy E: Plausable Cross Scope Combinations,"service: Apps Script, access_type: read, google_classification: sensitive; service: Firebase, access_type: full_access, google_classification: sensitive; Online access only",https://www.googleapis.com/auth/script.projects.readonly; https://www.googleapis.com/auth/firebase,3,0,0,2,2,0,2,Medium
SC-0804,Strategy E: Plausable Cross Scope Combinations,"service: Apps Script, access_type: write, google_classification: sensitive; service: YouTube, access_type: read, google_classification: sensitive; Online access only",https://www.googleapis.com/auth/script.projects; https://www.googleapis.com/auth/youtube.readonly,3,0,0,2,2,0,1,Medium
SC-0805,Strategy E: Plausable Cross Scope Combinations,"service: Apps Script, access_type: read, google_classification: sensitive; service: Classroom, access_type: read_write, google_classification: sensitive; Offline refresh token",https://www.googleapis.com/auth/script.projects.readonly; https://www.googleapis.com/auth/classroom.rosters,3,1,1,2,2,0,1,High
SC-0806,Strategy E: Plausable Cross Scope Combinations,"service: Apps Script, access_type: write, google_classification: sensitive; service: Calendar, access_type: full_access, google_classification: sensitive; Offline refresh token",https://www.googleapis.com/auth/script.projects; https://www.googleapis.com/auth/calendar,3,1,0,2,2,0,2,High
SC-0807,Strategy E: Plausable Cross Scope Combinations,"service: Apps Script, access_type: read, google_classification: sensitive; service: Tasks, access_type: read, google_classification: sensitive; Online access only",https://www.googleapis.com/auth/script.projects.readonly; https://www.googleapis.com/auth/tasks.readonly,3,0,0,2,2,0,0,Low
SC-0808,Strategy E: Plausable Cross Scope Combinations,"service: Apps Script, access_type: write, google_classification: sensitive; service: Cloud, access_type: read, google_classification: sensitive; Online access only",https://www.googleapis.com/auth/script.projects; https://www.googleapis.com/auth/cloud-platform.read-only,3,0,0,2,2,0,1,Medium
SC-0809,Strategy E: Plausable Cross Scope Combinations,"service: Apps Script, access_type: write, google_classification: sensitive; service: BigQuery, access_type: write, google_classification: sensitive; Online access only",https://www.googleapis.com/auth/script.deployments; https://www.googleapis.com/auth/bigquery.insertdata,3,0,0,2,2,0,1,Medium
SC-0810,Strategy J: Bool Switching of Medium Risk Combinations,"service: Apps Script, access_type: write, google_classification: sensitive; service: Compute, access_type: full_access, google_classification: sensitive; Offline refresh token",https://www.googleapis.com/auth/script.projects; https://www.googleapis.com/auth/compute,3,1,0,2,2,0,2,High
SC-0811,Strategy E: Plausable Cross Scope Combinations,"service: Apps Script, access_type: write, google_classification: sensitive; service: Blogger, access_type: read, google_classification: sensitive; Offline refresh token",https://www.googleapis.com/auth/script.projects; https://www.googleapis.com/auth/blogger.readonly,3,1,0,2,2,0,1,Medium
SC-0812,Strategy E: Plausable Cross Scope Combinations,"service: Apps Script, access_type: write, google_classification: sensitive; service: AdSense, access_type: read, google_classification: non_sensitive; Online access only",https://www.googleapis.com/auth/script.projects; https://www.googleapis.com/auth/adsense.readonly,3,0,0,2,2,0,1,Medium
SC-0813,Strategy E: Plausable Cross Scope Combinations,"service: Apps Script, access_type: write, google_classification: sensitive; service: Analytics, access_type: write, google_classification: sensitive; Online access only",https://www.googleapis.com/auth/script.deployments; https://www.googleapis.com/auth/analytics.edit,3,0,0,2,2,0,1,Medium
SC-0814,Strategy E: Plausable Cross Scope Combinations,"service: Apps Script, access_type: write, google_classification: sensitive; service: Cloud Storage, access_type: read_write, google_classification: sensitive; Offline refresh token",https://www.googleapis.com/auth/script.deployments; https://www.googleapis.com/auth/devstorage.read_write,3,1,0,2,2,0,1,Medium
SC-0815,Strategy E: Plausable Cross Scope Combinations,"service: Firebase, access_type: read, google_classification: sensitive; service: YouTube, access_type: full_access, google_classification: sensitive; Offline refresh token",https://www.googleapis.com/auth/firebase.readonly; https://www.googleapis.com/auth/youtubepartner,3,1,0,2,2,0,2,High
SC-0816,Strategy J: Bool Switching of Medium Risk Combinations,"service: Firebase, access_type: read, google_classification: sensitive; service: Forms, access_type: read_write, google_classification: sensitive; Offline refresh token",https://www.googleapis.com/auth/firebase.readonly; https://www.googleapis.com/auth/forms,3,1,0,2,2,0,1,Medium
SC-0817,Strategy E: Plausable Cross Scope Combinations,"service: Firebase, access_type: full_access, google_classification: sensitive; service: Cloud, access_type: full_access, google_classification: sensitive; Online access only",https://www.googleapis.com/auth/firebase; https://www.googleapis.com/auth/cloud-platform,3,0,1,2,2,0,3,High
SC-0818,Strategy J: Bool Switching of Medium Risk Combinations,"service: Firebase, access_type: read, google_classification: sensitive; service: BigQuery, access_type: full_access, google_classification: sensitive; Offline refresh token",https://www.googleapis.com/auth/firebase.readonly; https://www.googleapis.com/auth/bigquery,3,1,0,2,2,0,2,High
SC-0819,Strategy E: Plausable Cross Scope Combinations,"service: Firebase, access_type: write, google_classification: sensitive; service: Compute, access_type: read, google_classification: sensitive; Offline refresh token",https://www.googleapis.com/auth/firebase.messaging; https://www.googleapis.com/auth/compute.readonly,3,1,0,2,2,0,1,Medium
SC-0820,Strategy E: Plausable Cross Scope Combinations,"service: Firebase, access_type: write, google_classification: sensitive; service: AdSense, access_type: read, google_classification: non_sensitive; Online access only",https://www.googleapis.com/auth/firebase.messaging; https://www.googleapis.com/auth/adsense.readonly,3,0,0,2,2,0,1,Medium
SC-0821,Strategy E: Plausable Cross Scope Combinations,"service: Firebase, access_type: write, google_classification: sensitive; service: Analytics, access_type: write, google_classification: sensitive; Online access only",https://www.googleapis.com/auth/firebase.messaging; https://www.googleapis.com/auth/analytics.manage.users,3,0,0,2,2,0,3,High
SC-0822,Strategy J: Bool Switching of Medium Risk Combinations,"service: Firebase, access_type: read, google_classification: sensitive; service: Cloud Storage, access_type: read_write, google_classification: sensitive; Offline refresh token",https://www.googleapis.com/auth/firebase.readonly; https://www.googleapis.com/auth/devstorage.read_write,3,1,0,2,2,0,1,Medium
SC-0823,Strategy E: Plausable Cross Scope Combinations,"service: Firebase, access_type: write, google_classification: sensitive; service: Identity, access_type: read, google_classification: non_sensitive; Offline refresh token",https://www.googleapis.com/auth/firebase.messaging; https://www.googleapis.com/auth/userinfo.profile,3,1,0,2,2,0,1,Medium
SC-0824,Strategy E: Plausable Cross Scope Combinations,"service: YouTube, access_type: full_access, google_classification: sensitive; service: Calendar, access_type: read, google_classification: non_sensitive; Offline refresh token",https://www.googleapis.com/auth/youtube.force-ssl; https://www.googleapis.com/auth/calendar.events.public.readonly,3,1,0,2,2,0,2,High
SC-0825,Strategy J: Bool Switching of Medium Risk Combinations,"service: YouTube, access_type: full_access, google_classification: sensitive; service: Tasks, access_type: read, google_classification: sensitive; Offline refresh token",https://www.googleapis.com/auth/youtubepartner; https://www.googleapis.com/auth/tasks.readonly,3,1,0,2,2,0,2,High
SC-0826,Strategy E: Plausable Cross Scope Combinations,"service: YouTube, access_type: full_access, google_classification: sensitive; service: Cloud, access_type: full_access, google_classification: sensitive; Online access only",https://www.googleapis.com/auth/youtubepartner; https://www.googleapis.com/auth/cloud-platform,3,0,1,2,2,0,3,High
SC-0827,Strategy E: Plausable Cross Scope Combinations,"service: YouTube, access_type: write, google_classification: sensitive; service: AdSense, access_type: full_access, google_classification: sensitive; Online access only",https://www.googleapis.com/auth/youtube.upload; https://www.googleapis.com/auth/adsense,3,0,0,2,2,0,2,Medium
SC-0828,Strategy E: Plausable Cross Scope Combinations,"service: YouTube, access_type: full_access, google_classification: sensitive; service: Identity, access_type: read, google_classification: non_sensitive; Online access only",https://www.googleapis.com/auth/youtubepartner; email,3,0,0,2,2,0,2,Medium
SC-0829,Strategy E: Plausable Cross Scope Combinations,"service: Slides, access_type: read, google_classification: sensitive; service: Classroom, access_type: read, google_classification: sensitive; Online access only",https://www.googleapis.com/auth/presentations.readonly; https://www.googleapis.com/auth/classroom.profile.emails,3,0,1,2,2,0,0,Medium
SC-0830,Strategy E: Plausable Cross Scope Combinations,"service: Forms, access_type: full_access, google_classification: sensitive; service: Classroom, access_type: read_write, google_classification: sensitive; Online access only",https://www.googleapis.com/auth/forms.body; https://www.googleapis.com/auth/classroom.coursework.students,3,0,0,2,2,0,2,Medium
SC-0831,Strategy E: Plausable Cross Scope Combinations,"service: Forms, access_type: full_access, google_classification: sensitive; service: Cloud, access_type: full_access, google_classification: sensitive; Online access only",https://www.googleapis.com/auth/forms.body; https://www.googleapis.com/auth/cloud-platform,3,0,1,2,2,0,3,High
SC-0832,Strategy E: Plausable Cross Scope Combinations,"service: Forms, access_type: read_write, google_classification: sensitive; service: BigQuery, access_type: write, google_classification: sensitive; Offline refresh token",https://www.googleapis.com/auth/forms.currentonly; https://www.googleapis.com/auth/bigquery.insertdata,3,1,0,2,2,0,1,Medium
SC-0833,Strategy E: Plausable Cross Scope Combinations,"service: Forms, access_type: full_access, google_classification: sensitive; service: Identity, access_type: read, google_classification: non_sensitive; Offline refresh token",https://www.googleapis.com/auth/forms.body; openid,3,1,0,2,2,0,2,High
SC-0834,Strategy E: Plausable Cross Scope Combinations,"service: Classroom, access_type: read, google_classification: sensitive; service: Calendar, access_type: read_write, google_classification: sensitive; Offline refresh token",https://www.googleapis.com/auth/classroom.courses.readonly; https://www.googleapis.com/auth/calendar.calendarlist,3,1,0,2,2,0,1,Medium
SC-0835,Strategy J: Bool Switching of Medium Risk Combinations,"service: Classroom, access_type: full_access, google_classification: sensitive; service: Tasks, access_type: full_access, google_classification: sensitive; Offline refresh token",https://www.googleapis.com/auth/classroom.courses; https://www.googleapis.com/auth/tasks,3,1,0,2,2,0,2,High
SC-0836,Strategy E: Plausable Cross Scope Combinations,"service: Classroom, access_type: read_write, google_classification: sensitive; service: Cloud, access_type: full_access, google_classification: sensitive; Online access only",https://www.googleapis.com/auth/classroom.coursework.students; https://www.googleapis.com/auth/cloud-platform,3,0,1,2,2,0,3,High
SC-0837,Strategy E: Plausable Cross Scope Combinations,"service: Classroom, access_type: read, google_classification: sensitive; service: Identity, access_type: read, google_classification: non_sensitive; Offline refresh token",https://www.googleapis.com/auth/classroom.profile.emails; email,3,1,1,2,2,0,0,Medium
SC-0838,Strategy E: Plausable Cross Scope Combinations,"service: Calendar, access_type: read, google_classification: non_sensitive; service: Tasks, access_type: read, google_classification: sensitive; Online access only",https://www.googleapis.com/auth/calendar.events.public.readonly; https://www.googleapis.com/auth/tasks.readonly,3,0,0,2,2,0,0,Low
SC-0839,Strategy E: Plausable Cross Scope Combinations,"service: Calendar, access_type: read, google_classification: sensitive; service: Identity, access_type: read, google_classification: non_sensitive; Offline refresh token",https://www.googleapis.com/auth/calendar.calendars.readonly; https://www.googleapis.com/auth/userinfo.profile,3,1,0,2,2,0,0,Medium
SC-0840,Strategy E: Plausable Cross Scope Combinations,"service: Tasks, access_type: full_access, google_classification: sensitive; service: Identity, access_type: read, google_classification: non_sensitive; Offline refresh token",https://www.googleapis.com/auth/tasks; profile,3,1,0,2,2,0,2,High
SC-0841,Strategy E: Plausable Cross Scope Combinations,"service: Cloud, access_type: full_access, google_classification: sensitive; service: BigQuery, access_type: write, google_classification: sensitive; Offline refresh token",https://www.googleapis.com/auth/cloud-platform; https://www.googleapis.com/auth/bigquery.insertdata,3,1,1,2,2,0,3,Critical
SC-0842,Strategy E: Plausable Cross Scope Combinations,"service: Cloud, access_type: full_access, google_classification: sensitive; service: AdSense, access_type: read, google_classification: non_sensitive; Online access only",https://www.googleapis.com/auth/cloud-platform; https://www.googleapis.com/auth/adsense.readonly,3,0,1,2,2,0,3,High
SC-0843,Strategy E: Plausable Cross Scope Combinations,"service: Cloud, access_type: read, google_classification: sensitive; service: Analytics, access_type: write, google_classification: sensitive; Online access only",https://www.googleapis.com/auth/cloud-platform.read-only; https://www.googleapis.com/auth/analytics.manage.users,3,0,0,2,2,0,3,High
SC-0844,Strategy E: Plausable Cross Scope Combinations,"service: Cloud, access_type: full_access, google_classification: sensitive; service: Cloud Storage, access_type: read_write, google_classification: sensitive; Online access only",https://www.googleapis.com/auth/cloud-platform; https://www.googleapis.com/auth/devstorage.read_write,3,0,1,2,2,0,3,High
SC-0845,Strategy E: Plausable Cross Scope Combinations,"service: Cloud, access_type: read, google_classification: sensitive; service: Identity, access_type: read, google_classification: non_sensitive; Offline refresh token",https://www.googleapis.com/auth/cloud-platform.read-only; openid,3,1,0,2,2,0,0,Medium
SC-0846,Strategy E: Plausable Cross Scope Combinations,"service: BigQuery, access_type: write, google_classification: sensitive; service: Compute, access_type: read, google_classification: sensitive; Offline refresh token",https://www.googleapis.com/auth/bigquery.insertdata; https://www.googleapis.com/auth/compute.readonly,3,1,0,2,2,0,1,Medium
SC-0847,Strategy E: Plausable Cross Scope Combinations,"service: BigQuery, access_type: write, google_classification: sensitive; service: AdSense, access_type: read, google_classification: non_sensitive; Offline refresh token",https://www.googleapis.com/auth/bigquery.insertdata; https://www.googleapis.com/auth/adsense.readonly,3,1,0,2,2,0,1,Medium
SC-0848,Strategy J: Bool Switching of Medium Risk Combinations,"service: BigQuery, access_type: write, google_classification: sensitive; service: Analytics, access_type: read, google_classification: non_sensitive; Offline refresh token",https://www.googleapis.com/auth/bigquery.insertdata; https://www.googleapis.com/auth/analytics.readonly,3,1,0,2,2,0,1,Medium
SC-0849,Strategy E: Plausable Cross Scope Combinations,"service: BigQuery, access_type: write, google_classification: sensitive; service: Cloud Storage, access_type: read, google_classification: non_sensitive; Offline refresh token",https://www.googleapis.com/auth/bigquery.insertdata; https://www.googleapis.com/auth/devstorage.read_only,3,1,0,2,2,0,1,Medium
SC-0850,Strategy E: Plausable Cross Scope Combinations,"service: Compute, access_type: full_access, google_classification: sensitive; service: Cloud Storage, access_type: full_access, google_classification: sensitive; Offline refresh token",https://www.googleapis.com/auth/compute; https://www.googleapis.com/auth/devstorage.full_control,3,1,0,2,2,0,2,High
SC-0851,Strategy E: Plausable Cross Scope Combinations,"service: Blogger, access_type: read, google_classification: sensitive; service: Analytics, access_type: read, google_classification: non_sensitive; Offline refresh token",https://www.googleapis.com/auth/blogger.readonly; https://www.googleapis.com/auth/analytics.readonly,2,1,0,2,2,0,0,Medium
SC-0852,Strategy E: Plausable Cross Scope Combinations,"service: Blogger, access_type: full_access, google_classification: sensitive; service: Identity, access_type: read, google_classification: non_sensitive; Online access only",https://www.googleapis.com/auth/blogger; profile,2,0,0,2,2,0,2,Medium
SC-0853,Strategy E: Plausable Cross Scope Combinations,"service: AdSense, access_type: read, google_classification: non_sensitive; service: Analytics, access_type: write, google_classification: sensitive; Online access only",https://www.googleapis.com/auth/adsense.readonly; https://www.googleapis.com/auth/analytics.manage.users,2,0,0,2,2,0,3,High
SC-0854,Strategy J: Bool Switching of Medium Risk Combinations,"service: AdSense, access_type: full_access, google_classification: sensitive; service: Cloud Storage, access_type: full_access, google_classification: sensitive; Offline refresh token",https://www.googleapis.com/auth/adsense; https://www.googleapis.com/auth/devstorage.full_control,2,1,0,2,2,0,2,Medium
SC-0855,Strategy E: Plausable Cross Scope Combinations,"service: AdSense, access_type: read, google_classification: non_sensitive; service: Identity, access_type: read, google_classification: non_sensitive; Offline refresh token",https://www.googleapis.com/auth/adsense.readonly; email,2,1,0,2,2,0,0,Medium
SC-0856,Strategy E: Plausable Cross Scope Combinations,"service: Cloud Storage, access_type: read_write, google_classification: sensitive; service: Analytics, access_type: write, google_classification: sensitive; Online access only",https://www.googleapis.com/auth/devstorage.read_write; https://www.googleapis.com/auth/analytics.manage.users,2,0,0,2,2,0,3,High
SC-0857,Strategy F: Randomly Generated Scope Combinations,"service: Calendar, access_type: read_write, google_classification: sensitive; service: Gmail, access_type: write, google_classification: sensitive; service: Keep, access_type: read, google_classification: restricted; service: Forms, access_type: read_write, google_classification: sensitive; service: Docs, access_type: read, google_classification: sensitive; Offline refresh token",https://www.googleapis.com/auth/calendar.calendarlist; https://www.googleapis.com/auth/gmail.insert; https://www.googleapis.com/auth/keep.readonly; https://www.googleapis.com/auth/forms; https://www.googleapis.com/auth/documents.readonly,5,1,0,5,5,1,1,Critical
SC-0858,Strategy F: Randomly Generated Scope Combinations,"service: Calendar, access_type: read, google_classification: sensitive; service: Drive, access_type: read_write, google_classification: sensitive; service: Cloud Storage, access_type: read, google_classification: non_sensitive; service: Gmail, access_type: read, google_classification: sensitive; service: Gmail, access_type: read_write, google_classification: sensitive; Offline refresh token",https://www.googleapis.com/auth/calendar.acls.readonly; https://www.googleapis.com/auth/drive.activity; https://www.googleapis.com/auth/devstorage.read_only; https://www.googleapis.com/auth/gmail.metadata; https://www.googleapis.com/auth/gmail.labels,5,1,0,5,4,0,1,Critical
SC-0859,Strategy F: Randomly Generated Scope Combinations,"service: Sheets, access_type: read, google_classification: sensitive; service: Classroom, access_type: read, google_classification: sensitive; service: Gmail, access_type: write, google_classification: sensitive; Offline refresh token",https://www.googleapis.com/auth/spreadsheets.readonly; https://www.googleapis.com/auth/classroom.profile.emails; https://www.googleapis.com/auth/gmail.insert,5,1,1,3,3,0,1,Critical
SC-0860,Strategy F: Randomly Generated Scope Combinations,"service: Cloud Storage, access_type: full_access, google_classification: sensitive; service: Docs, access_type: full_access, google_classification: sensitive; service: Blogger, access_type: full_access, google_classification: sensitive; service: YouTube, access_type: full_access, google_classification: sensitive; service: Gmail, access_type: write, google_classification: sensitive; Offline refresh token",https://www.googleapis.com/auth/devstorage.full_control; https://www.googleapis.com/auth/documents; https://www.googleapis.com/auth/blogger; https://www.googleapis.com/auth/youtube; https://www.googleapis.com/auth/gmail.addons.current.action.compose,5,1,0,5,5,0,2,Critical
SC-0861,Strategy F: Randomly Generated Scope Combinations,"service: Cloud Storage, access_type: read, google_classification: non_sensitive; service: Photos, access_type: read, google_classification: non_sensitive; service: YouTube, access_type: full_access, google_classification: sensitive; service: Calendar, access_type: read, google_classification: sensitive; service: Identity, access_type: read, google_classification: non_sensitive; Online access only",https://www.googleapis.com/auth/devstorage.read_only; https://www.googleapis.com/auth/photoslibrary.readonly.appcreateddata; https://www.googleapis.com/auth/youtube; https://www.googleapis.com/auth/calendar.readonly; email,4,0,0,5,5,0,2,High
SC-0864,Strategy F: Randomly Generated Scope Combinations,"service: YouTube, access_type: full_access, google_classification: sensitive; service: Chat, access_type: read_write, google_classification: sensitive; service: Contacts, access_type: read, google_classification: sensitive; Offline refresh token",https://www.googleapis.com/auth/youtubepartner; https://www.googleapis.com/auth/chat.memberships; https://www.googleapis.com/auth/user.organization.read,4,1,0,3,3,0,2,High
SC-0867,Strategy F: Randomly Generated Scope Combinations,"service: Apps Script, access_type: write, google_classification: sensitive; service: Chat, access_type: read_write, google_classification: sensitive; service: Identity, access_type: read, google_classification: non_sensitive; Online access only",https://www.googleapis.com/auth/script.projects; https://www.googleapis.com/auth/chat.spaces; openid,4,0,0,3,3,0,1,Medium
SC-0870,Strategy F: Randomly Generated Scope Combinations,"service: Admin, access_type: full_access, google_classification: sensitive; service: Tasks, access_type: read, google_classification: sensitive; service: Drive, access_type: read_write, google_classification: non_sensitive; service: Identity, access_type: read, google_classification: non_sensitive; Online access only",https://www.googleapis.com/auth/admin.directory.rolemanagement; https://www.googleapis.com/auth/tasks.readonly; https://www.googleapis.com/auth/drive.file; profile,5,0,1,4,4,0,3,Critical
SC-0872,Strategy F: Randomly Generated Scope Combinations,"service: Calendar, access_type: read, google_classification: sensitive; service: Forms, access_type: full_access, google_classification: sensitive; service: Tasks, access_type: full_access, google_classification: sensitive; service: Cloud Storage, access_type: read_write, google_classification: sensitive; Online access only",https://www.googleapis.com/auth/calendar.events.owned.readonly; https://www.googleapis.com/auth/forms.body; https://www.googleapis.com/auth/tasks; https://www.googleapis.com/auth/devstorage.read_write,3,0,0,4,4,0,2,High
SC-0874,Strategy J: Bool Switching of Medium Risk Combinations,"service: Calendar, access_type: read_write, google_classification: sensitive; service: Calendar, access_type: read, google_classification: sensitive; service: Calendar, access_type: read, google_classification: sensitive; Offline refresh token",https://www.googleapis.com/auth/calendar.calendarlist; https://www.googleapis.com/auth/calendar.readonly; https://www.googleapis.com/auth/calendar.settings.readonly,3,1,0,3,1,0,1,Medium
SC-0875,Strategy F: Randomly Generated Scope Combinations,"service: Drive, access_type: read_write, google_classification: non_sensitive; service: Admin, access_type: read, google_classification: sensitive; service: Admin, access_type: full_access, google_classification: sensitive; service: Analytics, access_type: write, google_classification: sensitive; service: Forms, access_type: read, google_classification: sensitive; Offline refresh token",https://www.googleapis.com/auth/drive.file; https://www.googleapis.com/auth/admin.directory.user.readonly; https://www.googleapis.com/auth/admin.directory.user; https://www.googleapis.com/auth/analytics.manage.users; https://www.googleapis.com/auth/forms.body.readonly,5,1,1,5,4,0,3,Critical
SC-0878,Strategy F: Randomly Generated Scope Combinations,"service: Calendar, access_type: read_write, google_classification: non_sensitive; service: Fitness, access_type: read, google_classification: sensitive; service: Classroom, access_type: read, google_classification: sensitive; service: Contacts, access_type: read, google_classification: sensitive; service: Calendar, access_type: read, google_classification: sensitive; Online access only",https://www.googleapis.com/auth/calendar.app.created; https://www.googleapis.com/auth/fitness.activity.read; https://www.googleapis.com/auth/classroom.profile.emails; https://www.googleapis.com/auth/user.phonenumbers.read; https://www.googleapis.com/auth/calendar.readonly,4,0,1,5,4,0,1,High
SC-0879,Strategy F: Randomly Generated Scope Combinations,"service: Gmail, access_type: full_access, google_classification: restricted; service: Fitness, access_type: read, google_classification: sensitive; service: Firebase, access_type: write, google_classification: sensitive; Offline refresh token",https://mail.google.com/; https://www.googleapis.com/auth/fitness.location.read; https://www.googleapis.com/auth/firebase.messaging,5,1,0,3,3,1,2,Critical
SC-0883,Strategy F: Randomly Generated Scope Combinations,"service: Identity, access_type: read, google_classification: non_sensitive; service: Fitness, access_type: read, google_classification: sensitive; service: Admin, access_type: full_access, google_classification: sensitive; service: Apps Script, access_type: read, google_classification: sensitive; service: Compute, access_type: full_access, google_classification: sensitive; Online access only",https://www.googleapis.com/auth/userinfo.email; https://www.googleapis.com/auth/fitness.blood_pressure.read; https://www.googleapis.com/auth/admin.directory.rolemanagement; https://www.googleapis.com/auth/script.projects.readonly; https://www.googleapis.com/auth/compute,5,0,1,5,5,0,3,Critical
SC-0884,Strategy F: Randomly Generated Scope Combinations,"service: Forms, access_type: full_access, google_classification: sensitive; service: Docs, access_type: read, google_classification: sensitive; service: Drive, access_type: read_write, google_classification: non_sensitive; Online access only",https://www.googleapis.com/auth/forms.body; https://www.googleapis.com/auth/documents.readonly; https://www.googleapis.com/auth/drive.file,4,0,0,3,3,0,2,High
SC-0885,Strategy F: Randomly Generated Scope Combinations,"service: Sheets, access_type: full_access, google_classification: sensitive; service: Docs, access_type: full_access, google_classification: sensitive; service: Gmail, access_type: write, google_classification: sensitive; Offline refresh token",https://www.googleapis.com/auth/spreadsheets; https://www.googleapis.com/auth/documents; https://www.googleapis.com/auth/gmail.addons.current.action.compose,5,1,0,3,3,0,2,Critical
SC-0886,Strategy F: Randomly Generated Scope Combinations,"service: Drive, access_type: read_write, google_classification: non_sensitive; service: Sheets, access_type: full_access, google_classification: sensitive; service: Drive, access_type: read_write, google_classification: sensitive; service: Gmail, access_type: read, google_classification: sensitive; service: Photos, access_type: full_access, google_classification: sensitive; Offline refresh token",https://www.googleapis.com/auth/drive.appdata; https://www.googleapis.com/auth/spreadsheets; https://www.googleapis.com/auth/drive.metadata; https://www.googleapis.com/auth/gmail.metadata; https://www.googleapis.com/auth/photoslibrary,5,1,0,5,4,0,2,Critical
SC-0888,Strategy F: Randomly Generated Scope Combinations,"service: AdSense, access_type: read, google_classification: non_sensitive; service: Admin, access_type: read_write, google_classification: sensitive; service: Contacts, access_type: read, google_classification: sensitive; Offline refresh token",https://www.googleapis.com/auth/adsense.readonly; https://www.googleapis.com/auth/admin.datatransfer; https://www.googleapis.com/auth/user.gender.read,5,1,1,3,3,0,3,Critical
SC-0889,Strategy F: Randomly Generated Scope Combinations,"service: BigQuery, access_type: full_access, google_classification: sensitive; service: Chat, access_type: read_write, google_classification: sensitive; service: Cloud Storage, access_type: read, google_classification: non_sensitive; Online access only",https://www.googleapis.com/auth/bigquery; https://www.googleapis.com/auth/chat.spaces; https://www.googleapis.com/auth/devstorage.read_only,4,0,0,3,3,0,2,High
SC-0890,Strategy F: Randomly Generated Scope Combinations,"service: Gmail, access_type: write, google_classification: restricted; service: Calendar, access_type: read_write, google_classification: sensitive; service: Drive, access_type: read_write, google_classification: non_sensitive; service: Admin, access_type: read, google_classification: sensitive; Online access only",https://www.googleapis.com/auth/gmail.settings.sharing; https://www.googleapis.com/auth/calendar.acls; https://www.googleapis.com/auth/drive.appdata; https://www.googleapis.com/auth/admin.reports.audit.readonly,5,0,0,4,4,1,1,High
SC-0891,Strategy F: Randomly Generated Scope Combinations,"service: Forms, access_type: full_access, google_classification: sensitive; service: Contacts, access_type: read, google_classification: sensitive; service: Contacts, access_type: read, google_classification: sensitive; Online access only",https://www.googleapis.com/auth/forms.body; https://www.googleapis.com/auth/user.organization.read; https://www.googleapis.com/auth/user.gender.read,4,0,0,3,2,0,2,High
SC-0895,Strategy F: Randomly Generated Scope Combinations,"service: Identity, access_type: read, google_classification: non_sensitive; service: Admin, access_type: full_access, google_classification: sensitive; service: Drive, access_type: read_write, google_classification: non_sensitive; service: Contacts, access_type: read, google_classification: sensitive; Online access only",profile; https://www.googleapis.com/auth/admin.directory.rolemanagement; https://www.googleapis.com/auth/drive.appdata; https://www.googleapis.com/auth/contacts.readonly,5,0,1,4,4,0,3,Critical
SC-0896,Strategy F: Randomly Generated Scope Combinations,"service: Admin, access_type: full_access, google_classification: sensitive; service: Tasks, access_type: full_access, google_classification: sensitive; service: Analytics, access_type: full_access, google_classification: sensitive; Online access only",https://www.googleapis.com/auth/admin.directory.group; https://www.googleapis.com/auth/tasks; https://www.googleapis.com/auth/analytics,5,0,1,3,3,0,3,Critical
SC-0899,Strategy F: Randomly Generated Scope Combinations,"service: Groups, access_type: full_access, google_classification: sensitive; service: Classroom, access_type: read_write, google_classification: sensitive; service: Calendar, access_type: read, google_classification: sensitive; service: Drive, access_type: full_access, google_classification: restricted; service: Classroom, access_type: read_write, google_classification: sensitive; Offline refresh token",https://www.googleapis.com/auth/groups; https://www.googleapis.com/auth/classroom.rosters; https://www.googleapis.com/auth/calendar.settings.readonly; https://www.googleapis.com/auth/drive; https://www.googleapis.com/auth/classroom.coursework.students,4,1,1,5,4,1,2,Critical
SC-0900,Strategy F: Randomly Generated Scope Combinations,"service: Drive, access_type: read_write, google_classification: sensitive; service: Slides, access_type: full_access, google_classification: sensitive; service: Admin, access_type: read, google_classification: sensitive; Offline refresh token",https://www.googleapis.com/auth/drive.metadata; https://www.googleapis.com/auth/presentations; https://www.googleapis.com/auth/admin.reports.audit.readonly,5,1,0,3,3,0,2,Critical
SC-0903,Strategy F: Randomly Generated Scope Combinations,"service: Fitness, access_type: read, google_classification: sensitive; service: Analytics, access_type: read, google_classification: non_sensitive; service: Fitness, access_type: read, google_classification: sensitive; Offline refresh token",https://www.googleapis.com/auth/fitness.activity.read; https://www.googleapis.com/auth/analytics.readonly; https://www.googleapis.com/auth/fitness.body.read,4,1,0,3,2,0,0,Medium
SC-0904,Strategy F: Randomly Generated Scope Combinations,"service: Analytics, access_type: read, google_classification: non_sensitive; service: Calendar, access_type: read_write, google_classification: sensitive; service: Drive, access_type: read, google_classification: sensitive; Offline refresh token",https://www.googleapis.com/auth/analytics.readonly; https://www.googleapis.com/auth/calendar.acls; https://www.googleapis.com/auth/drive.metadata.readonly,4,1,0,3,3,0,1,High
SC-0905,Strategy F: Randomly Generated Scope Combinations,"service: Tasks, access_type: full_access, google_classification: sensitive; service: Calendar, access_type: read, google_classification: non_sensitive; service: Chat, access_type: read, google_classification: sensitive; service: Drive, access_type: read_write, google_classification: sensitive; service: Forms, access_type: read_write, google_classification: sensitive; Online access only",https://www.googleapis.com/auth/tasks; https://www.googleapis.com/auth/calendar.events.freebusy; https://www.googleapis.com/auth/chat.messages.readonly; https://www.googleapis.com/auth/drive.metadata; https://www.googleapis.com/auth/forms,4,0,0,5,5,0,2,High
SC-0906,Strategy F: Randomly Generated Scope Combinations,"service: Calendar, access_type: read, google_classification: sensitive; service: Compute, access_type: full_access, google_classification: sensitive; service: Fitness, access_type: write, google_classification: sensitive; service: Gmail, access_type: read, google_classification: sensitive; Online access only",https://www.googleapis.com/auth/calendar.settings.readonly; https://www.googleapis.com/auth/compute; https://www.googleapis.com/auth/fitness.activity.write; https://www.googleapis.com/auth/gmail.addons.current.message.action,5,0,0,4,4,0,2,Critical
SC-0907,Strategy F: Randomly Generated Scope Combinations,"service: Calendar, access_type: read, google_classification: sensitive; service: Calendar, access_type: read_write, google_classification: sensitive; service: Tasks, access_type: full_access, google_classification: sensitive; service: Calendar, access_type: read, google_classification: sensitive; service: Calendar, access_type: read_write, google_classification: non_sensitive; Offline refresh token",https://www.googleapis.com/auth/calendar.acls.readonly; https://www.googleapis.com/auth/calendar.events.owned; https://www.googleapis.com/auth/tasks; https://www.googleapis.com/auth/calendar.calendarlist.readonly; https://www.googleapis.com/auth/calendar.app.created,3,1,0,5,2,0,2,High
SC-0908,Strategy F: Randomly Generated Scope Combinations,"service: YouTube, access_type: read, google_classification: sensitive; service: Identity, access_type: read, google_classification: non_sensitive; service: Photos, access_type: read, google_classification: non_sensitive; service: Identity, access_type: read, google_classification: non_sensitive; Online access only",https://www.googleapis.com/auth/youtube.readonly; openid; https://www.googleapis.com/auth/photoslibrary.readonly.appcreateddata; https://www.googleapis.com/auth/userinfo.profile,4,0,0,4,3,0,0,Medium
SC-0910,Strategy F: Randomly Generated Scope Combinations,"service: Gmail, access_type: full_access, google_classification: restricted; service: Photos, access_type: read, google_classification: sensitive; service: Calendar, access_type: read, google_classification: non_sensitive; Online access only",https://mail.google.com/; https://www.googleapis.com/auth/photoslibrary.readonly; https://www.googleapis.com/auth/calendar.events.freebusy,5,0,0,3,3,1,2,Critical
SC-0912,Strategy F: Randomly Generated Scope Combinations,"service: Calendar, access_type: read, google_classification: non_sensitive; service: Gmail, access_type: read_write, google_classification: restricted; service: Apps Script, access_type: write, google_classification: sensitive; Offline refresh token",https://www.googleapis.com/auth/calendar.freebusy; https://www.googleapis.com/auth/gmail.modify; https://www.googleapis.com/auth/script.projects,5,1,0,3,3,1,1,Critical
SC-0913,Strategy F: Randomly Generated Scope Combinations,"service: Calendar, access_type: read_write, google_classification: sensitive; service: Gmail, access_type: read, google_classification: restricted; service: Fitness, access_type: read, google_classification: sensitive; service: Chat, access_type: write, google_classification: sensitive; Offline refresh token",https://www.googleapis.com/auth/calendar.events; https://www.googleapis.com/auth/gmail.readonly; https://www.googleapis.com/auth/fitness.blood_glucose.read; https://www.googleapis.com/auth/chat.delete,5,1,0,4,4,1,1,Critical
SC-0914,Strategy F: Randomly Generated Scope Combinations,"service: Identity, access_type: read, google_classification: non_sensitive; service: Forms, access_type: full_access, google_classification: sensitive; service: Calendar, access_type: read, google_classification: sensitive; service: Chat, access_type: read_write, google_classification: sensitive; Online access only",openid; https://www.googleapis.com/auth/forms.body; https://www.googleapis.com/auth/calendar.acls.readonly; https://www.googleapis.com/auth/chat.spaces,4,0,0,4,4,0,2,High
SC-0916,Strategy F: Randomly Generated Scope Combinations,"service: Photos, access_type: read, google_classification: sensitive; service: Cloud, access_type: full_access, google_classification: sensitive; service: Forms, access_type: full_access, google_classification: sensitive; Online access only",https://www.googleapis.com/auth/photoslibrary.readonly; https://www.googleapis.com/auth/cloud-platform; https://www.googleapis.com/auth/forms.body,4,0,1,3,3,0,3,High
SC-0917,Strategy F: Randomly Generated Scope Combinations,"service: Calendar, access_type: read_write, google_classification: non_sensitive; service: Admin, access_type: full_access, google_classification: sensitive; service: Gmail, access_type: read_write, google_classification: restricted; Online access only",https://www.googleapis.com/auth/calendar.app.created; https://www.googleapis.com/auth/admin.directory.user; https://www.googleapis.com/auth/gmail.modify,5,0,1,3,3,1,3,Critical
SC-0918,Strategy F: Randomly Generated Scope Combinations,"service: Identity, access_type: read, google_classification: non_sensitive; service: Analytics, access_type: read, google_classification: non_sensitive; service: Chat, access_type: read, google_classification: sensitive; Online access only",https://www.googleapis.com/auth/userinfo.email; https://www.googleapis.com/auth/analytics.readonly; https://www.googleapis.com/auth/chat.messages.readonly,4,0,0,3,3,0,0,Medium
SC-0919,Strategy F: Randomly Generated Scope Combinations,"service: Docs, access_type: read, google_classification: sensitive; service: Gmail, access_type: write, google_classification: sensitive; service: Contacts, access_type: read, google_classification: sensitive; Online access only",https://www.googleapis.com/auth/documents.readonly; https://www.googleapis.com/auth/gmail.insert; https://www.googleapis.com/auth/user.organization.read,5,0,0,3,3,0,1,High
SC-0922,Strategy F: Randomly Generated Scope Combinations,"service: Calendar, access_type: read_write, google_classification: non_sensitive; service: BigQuery, access_type: write, google_classification: sensitive; service: Chat, access_type: full_access, google_classification: sensitive; Online access only",https://www.googleapis.com/auth/calendar.app.created; https://www.googleapis.com/auth/bigquery.insertdata; https://www.googleapis.com/auth/chat.messages,4,0,0,3,3,0,2,High
SC-0924,Strategy F: Randomly Generated Scope Combinations,"service: BigQuery, access_type: write, google_classification: sensitive; service: Gmail, access_type: full_access, google_classification: restricted; service: Contacts, access_type: read, google_classification: sensitive; Online access only",https://www.googleapis.com/auth/bigquery.insertdata; https://mail.google.com/; https://www.googleapis.com/auth/user.phonenumbers.read,5,0,0,3,3,1,2,Critical
SC-0925,Strategy F: Randomly Generated Scope Combinations,"service: Drive, access_type: read_write, google_classification: sensitive; service: Photos, access_type: full_access, google_classification: sensitive; service: Fitness, access_type: read, google_classification: sensitive; service: Calendar, access_type: read, google_classification: sensitive; Online access only",https://www.googleapis.com/auth/drive.metadata; https://www.googleapis.com/auth/photoslibrary; https://www.googleapis.com/auth/fitness.body.read; https://www.googleapis.com/auth/calendar.calendars.readonly,4,0,0,4,4,0,2,High
SC-0928,Strategy F: Randomly Generated Scope Combinations,"service: Gmail, access_type: full_access, google_classification: restricted; service: Fitness, access_type: write, google_classification: sensitive; service: YouTube, access_type: write, google_classification: sensitive; service: Identity, access_type: read, google_classification: non_sensitive; Online access only",https://mail.google.com/; https://www.googleapis.com/auth/fitness.activity.write; https://www.googleapis.com/auth/youtube.upload; openid,5,0,0,4,4,1,2,Critical
SC-0929,Strategy F: Randomly Generated Scope Combinations,"service: Fitness, access_type: read, google_classification: sensitive; service: Analytics, access_type: write, google_classification: sensitive; service: Compute, access_type: read, google_classification: sensitive; service: Identity, access_type: read, google_classification: non_sensitive; service: Classroom, access_type: read_write, google_classification: sensitive; Online access only",https://www.googleapis.com/auth/fitness.location.read; https://www.googleapis.com/auth/analytics.manage.users; https://www.googleapis.com/auth/compute.readonly; profile; https://www.googleapis.com/auth/classroom.coursework.students,4,0,0,5,5,0,3,High
SC-0931,Strategy F: Randomly Generated Scope Combinations,"service: Fitness, access_type: read, google_classification: sensitive; service: Docs, access_type: read, google_classification: sensitive; service: Contacts, access_type: read, google_classification: sensitive; service: Calendar, access_type: read, google_classification: sensitive; service: Gmail, access_type: write, google_classification: sensitive; Offline refresh token",https://www.googleapis.com/auth/fitness.blood_pressure.read; https://www.googleapis.com/auth/documents.readonly; https://www.googleapis.com/auth/user.phonenumbers.read; https://www.googleapis.com/auth/calendar.events.readonly; https://www.googleapis.com/auth/gmail.insert,5,1,0,5,5,0,1,Critical
SC-0932,Strategy F: Randomly Generated Scope Combinations,"service: AdSense, access_type: read, google_classification: non_sensitive; service: Drive, access_type: read, google_classification: sensitive; service: Analytics, access_type: full_access, google_classification: sensitive; Online access only",https://www.googleapis.com/auth/adsense.readonly; https://www.googleapis.com/auth/drive.metadata.readonly; https://www.googleapis.com/auth/analytics,4,0,0,3,3,0,2,High
SC-0933,Strategy F: Randomly Generated Scope Combinations,"service: Contacts, access_type: read, google_classification: sensitive; service: Admin, access_type: read, google_classification: sensitive; service: Classroom, access_type: full_access, google_classification: sensitive; service: Admin, access_type: full_access, google_classification: sensitive; service: Forms, access_type: read_write, google_classification: sensitive; Offline refresh token",https://www.googleapis.com/auth/user.organization.read; https://www.googleapis.com/auth/admin.directory.user.readonly; https://www.googleapis.com/auth/classroom.courses; https://www.googleapis.com/auth/admin.directory.rolemanagement; https://www.googleapis.com/auth/forms,5,1,1,5,4,0,3,Critical
SC-0936,Strategy F: Randomly Generated Scope Combinations,"service: Fitness, access_type: read, google_classification: sensitive; service: Compute, access_type: read, google_classification: sensitive; service: Classroom, access_type: read, google_classification: sensitive; service: Cloud Storage, access_type: read_write, google_classification: sensitive; Online access only",https://www.googleapis.com/auth/fitness.heart_rate.read; https://www.googleapis.com/auth/compute.readonly; https://www.googleapis.com/auth/classroom.profile.emails; https://www.googleapis.com/auth/devstorage.read_write,4,0,1,4,4,0,1,High
SC-0937,Strategy F: Randomly Generated Scope Combinations,"service: AdSense, access_type: read, google_classification: non_sensitive; service: Blogger, access_type: read, google_classification: sensitive; service: Forms, access_type: read_write, google_classification: sensitive; Offline refresh token",https://www.googleapis.com/auth/adsense.readonly; https://www.googleapis.com/auth/blogger.readonly; https://www.googleapis.com/auth/forms.currentonly,3,1,0,3,3,0,1,High
SC-0938,Strategy F: Randomly Generated Scope Combinations,"service: Keep, access_type: read, google_classification: restricted; service: Firebase, access_type: read, google_classification: sensitive; service: Slides, access_type: read, google_classification: sensitive; service: Compute, access_type: full_access, google_classification: sensitive; service: Drive, access_type: read, google_classification: sensitive; Online access only",https://www.googleapis.com/auth/keep.readonly; https://www.googleapis.com/auth/firebase.readonly; https://www.googleapis.com/auth/presentations.readonly; https://www.googleapis.com/auth/compute; https://www.googleapis.com/auth/drive.photos.readonly,4,0,0,5,5,1,2,High
SC-0944,Strategy F: Randomly Generated Scope Combinations,"service: Docs, access_type: full_access, google_classification: sensitive; service: Firebase, access_type: read, google_classification: sensitive; service: Keep, access_type: full_access, google_classification: restricted; service: BigQuery, access_type: write, google_classification: sensitive; Online access only",https://www.googleapis.com/auth/documents; https://www.googleapis.com/auth/firebase.readonly; https://www.googleapis.com/auth/keep; https://www.googleapis.com/auth/bigquery.insertdata,4,0,0,4,4,1,2,High
SC-0945,Strategy F: Randomly Generated Scope Combinations,"service: Admin, access_type: full_access, google_classification: sensitive; service: Photos, access_type: write, google_classification: sensitive; service: Admin, access_type: read, google_classification: sensitive; Offline refresh token",https://www.googleapis.com/auth/admin.directory.group; https://www.googleapis.com/auth/photoslibrary.appendonly; https://www.googleapis.com/auth/admin.reports.audit.readonly,5,1,1,3,2,0,3,Critical
SC-0947,Strategy F: Randomly Generated Scope Combinations,"service: Analytics, access_type: write, google_classification: sensitive; service: Contacts, access_type: read, google_classification: sensitive; service: Gmail, access_type: read_write, google_classification: sensitive; Online access only",https://www.googleapis.com/auth/analytics.edit; https://www.googleapis.com/auth/user.birthday.read; https://www.googleapis.com/auth/gmail.settings.basic,5,0,0,3,3,0,1,High
SC-0951,Strategy F: Randomly Generated Scope Combinations,"service: Identity, access_type: read, google_classification: non_sensitive; service: Gmail, access_type: write, google_classification: sensitive; service: Calendar, access_type: read, google_classification: sensitive; Offline refresh token",https://www.googleapis.com/auth/userinfo.email; https://www.googleapis.com/auth/gmail.compose; https://www.googleapis.com/auth/calendar.readonly,5,1,0,3,3,0,1,High
SC-0953,Strategy F: Randomly Generated Scope Combinations,"service: Forms, access_type: read, google_classification: sensitive; service: Apps Script, access_type: write, google_classification: sensitive; service: Contacts, access_type: read, google_classification: sensitive; service: Calendar, access_type: read, google_classification: sensitive; service: Contacts, access_type: full_access, google_classification: restricted; Online access only",https://www.googleapis.com/auth/forms.responses.readonly; https://www.googleapis.com/auth/script.projects; https://www.googleapis.com/auth/contacts.readonly; https://www.googleapis.com/auth/calendar.calendarlist.readonly; https://www.googleapis.com/auth/contacts,4,0,1,5,4,1,2,Critical
SC-0955,Strategy F: Randomly Generated Scope Combinations,"service: Contacts, access_type: read, google_classification: sensitive; service: Drive, access_type: read, google_classification: sensitive; service: Forms, access_type: read_write, google_classification: sensitive; service: Calendar, access_type: read, google_classification: sensitive; service: Fitness, access_type: write, google_classification: sensitive; Offline refresh token",https://www.googleapis.com/auth/user.phonenumbers.read; https://www.googleapis.com/auth/drive.photos.readonly; https://www.googleapis.com/auth/forms; https://www.googleapis.com/auth/calendar.acls.readonly; https://www.googleapis.com/auth/fitness.activity.write,4,1,0,5,5,0,1,High
SC-0956,Strategy F: Randomly Generated Scope Combinations,"service: Gmail, access_type: read, google_classification: restricted; service: Chat, access_type: full_access, google_classification: sensitive; service: Cloud Storage, access_type: read_write, google_classification: sensitive; service: Apps Script, access_type: write, google_classification: sensitive; service: Drive, access_type: read_write, google_classification: sensitive; Online access only",https://www.googleapis.com/auth/gmail.readonly; https://www.googleapis.com/auth/chat.messages; https://www.googleapis.com/auth/devstorage.read_write; https://www.googleapis.com/auth/script.projects; https://www.googleapis.com/auth/drive.metadata,5,0,0,5,5,1,2,Critical
SC-0958,Strategy F: Randomly Generated Scope Combinations,"service: Analytics, access_type: read, google_classification: non_sensitive; service: Calendar, access_type: read, google_classification: sensitive; service: BigQuery, access_type: write, google_classification: sensitive; service: Contacts, access_type: read, google_classification: sensitive; Online access only",https://www.googleapis.com/auth/analytics.readonly; https://www.googleapis.com/auth/calendar.readonly; https://www.googleapis.com/auth/bigquery.insertdata; https://www.googleapis.com/auth/user.addresses.read,4,0,0,4,4,0,1,High
SC-0959,Strategy F: Randomly Generated Scope Combinations,"service: Firebase, access_type: full_access, google_classification: sensitive; service: Analytics, access_type: write, google_classification: sensitive; service: BigQuery, access_type: write, google_classification: sensitive; service: Tasks, access_type: read, google_classification: sensitive; service: Fitness, access_type: read, google_classification: sensitive; Offline refresh token",https://www.googleapis.com/auth/firebase; https://www.googleapis.com/auth/analytics.manage.users; https://www.googleapis.com/auth/bigquery.insertdata; https://www.googleapis.com/auth/tasks.readonly; https://www.googleapis.com/auth/fitness.location.read,4,1,0,5,5,0,3,Critical
SC-0960,Strategy J: Bool Switching of Medium Risk Combinations,"service: YouTube, access_type: full_access, google_classification: sensitive; service: Blogger, access_type: read, google_classification: sensitive; service: Forms, access_type: read_write, google_classification: sensitive; Offline refresh token",https://www.googleapis.com/auth/youtube; https://www.googleapis.com/auth/blogger.readonly; https://www.googleapis.com/auth/forms,3,1,0,3,3,0,2,High
SC-0968,Strategy F: Randomly Generated Scope Combinations,"service: Contacts, access_type: read, google_classification: sensitive; service: Fitness, access_type: read, google_classification: sensitive; service: Calendar, access_type: read_write, google_classification: sensitive; Offline refresh token",https://www.googleapis.com/auth/user.organization.read; https://www.googleapis.com/auth/fitness.body.read; https://www.googleapis.com/auth/calendar.calendars,4,1,0,3,3,0,1,High
SC-0973,Strategy F: Randomly Generated Scope Combinations,"service: Gmail, access_type: read, google_classification: sensitive; service: YouTube, access_type: read, google_classification: sensitive; service: AdSense, access_type: full_access, google_classification: sensitive; Online access only",https://www.googleapis.com/auth/gmail.addons.current.message.metadata; https://www.googleapis.com/auth/youtube.readonly; https://www.googleapis.com/auth/adsense,5,0,0,3,3,0,2,Critical
SC-0976,Strategy F: Randomly Generated Scope Combinations,"service: Gmail, access_type: write, google_classification: restricted; service: Calendar, access_type: read, google_classification: non_sensitive; service: Fitness, access_type: write, google_classification: sensitive; service: Drive, access_type: write, google_classification: sensitive; service: Forms, access_type: full_access, google_classification: sensitive; Offline refresh token",https://www.googleapis.com/auth/gmail.settings.sharing; https://www.googleapis.com/auth/calendar.freebusy; https://www.googleapis.com/auth/fitness.activity.write; https://www.googleapis.com/auth/drive.scripts; https://www.googleapis.com/auth/forms.body,5,1,0,5,5,1,2,Critical
SC-0977,Strategy F: Randomly Generated Scope Combinations,"service: Cloud, access_type: read, google_classification: sensitive; service: Docs, access_type: read, google_classification: sensitive; service: Admin, access_type: full_access, google_classification: sensitive; service: Blogger, access_type: read, google_classification: sensitive; service: Compute, access_type: read, google_classification: sensitive; Online access only",https://www.googleapis.com/auth/cloud-platform.read-only; https://www.googleapis.com/auth/documents.readonly; https://www.googleapis.com/auth/admin.directory.user; https://www.googleapis.com/auth/blogger.readonly; https://www.googleapis.com/auth/compute.readonly,5,0,1,5,5,0,3,Critical
SC-0978,Strategy F: Randomly Generated Scope Combinations,"service: Cloud Storage, access_type: read_write, google_classification: sensitive; service: Fitness, access_type: read, google_classification: sensitive; service: Drive, access_type: read_write, google_classification: non_sensitive; service: Calendar, access_type: read_write, google_classification: sensitive; service: Identity, access_type: read, google_classification: non_sensitive; Offline refresh token",https://www.googleapis.com/auth/devstorage.read_write; https://www.googleapis.com/auth/fitness.blood_glucose.read; https://www.googleapis.com/auth/drive.appdata; https://www.googleapis.com/auth/calendar.acls; openid,4,1,0,5,5,0,1,High
SC-0980,Strategy F: Randomly Generated Scope Combinations,"service: Gmail, access_type: full_access, google_classification: restricted; service: Admin, access_type: read_write, google_classification: sensitive; service: Blogger, access_type: read, google_classification: sensitive; Online access only",https://mail.google.com/; https://www.googleapis.com/auth/admin.datatransfer; https://www.googleapis.com/auth/blogger.readonly,5,0,1,3,3,1,3,Critical
SC-0981,Strategy F: Randomly Generated Scope Combinations,"service: Gmail, access_type: read, google_classification: sensitive; service: Sheets, access_type: read, google_classification: sensitive; service: YouTube, access_type: write, google_classification: sensitive; service: YouTube, access_type: read, google_classification: sensitive; Online access only",https://www.googleapis.com/auth/gmail.metadata; https://www.googleapis.com/auth/spreadsheets.readonly; https://www.googleapis.com/auth/youtube.upload; https://www.googleapis.com/auth/youtube.readonly,5,0,0,4,3,0,1,High
SC-0983,Strategy F: Randomly Generated Scope Combinations,"service: Docs, access_type: read, google_classification: sensitive; service: Calendar, access_type: read, google_classification: non_sensitive; service: Tasks, access_type: read, google_classification: sensitive; Offline refresh token",https://www.googleapis.com/auth/documents.readonly; https://www.googleapis.com/auth/calendar.freebusy; https://www.googleapis.com/auth/tasks.readonly,4,1,0,3,3,0,0,High
SC-0984,Strategy F: Randomly Generated Scope Combinations,"service: Drive, access_type: read_write, google_classification: non_sensitive; service: Contacts, access_type: read, google_classification: sensitive; service: Fitness, access_type: read, google_classification: sensitive; Online access only",https://www.googleapis.com/auth/drive.appdata; https://www.googleapis.com/auth/contacts.readonly; https://www.googleapis.com/auth/fitness.blood_glucose.read,4,0,1,3,3,0,1,High
SC-0986,Strategy F: Randomly Generated Scope Combinations,"service: Classroom, access_type: full_access, google_classification: sensitive; service: Compute, access_type: full_access, google_classification: sensitive; service: Drive, access_type: read, google_classification: restricted; service: Gmail, access_type: read, google_classification: restricted; service: BigQuery, access_type: full_access, google_classification: sensitive; Online access only",https://www.googleapis.com/auth/classroom.courses; https://www.googleapis.com/auth/compute; https://www.googleapis.com/auth/drive.readonly; https://www.googleapis.com/auth/gmail.readonly; https://www.googleapis.com/auth/bigquery,5,0,0,5,5,1,2,Critical
SC-0987,Strategy F: Randomly Generated Scope Combinations,"service: Forms, access_type: read, google_classification: sensitive; service: Gmail, access_type: write, google_classification: sensitive; service: Drive, access_type: read, google_classification: sensitive; service: Sheets, access_type: full_access, google_classification: sensitive; service: Gmail, access_type: write, google_classification: sensitive; Online access only",https://www.googleapis.com/auth/forms.body.readonly; https://www.googleapis.com/auth/gmail.insert; https://www.googleapis.com/auth/drive.activity.readonly; https://www.googleapis.com/auth/spreadsheets; https://www.googleapis.com/auth/gmail.compose,5,0,0,5,4,0,2,Critical
SC-0988,Strategy F: Randomly Generated Scope Combinations,"service: Gmail, access_type: read, google_classification: restricted; service: Contacts, access_type: read, google_classification: sensitive; service: AdSense, access_type: full_access, google_classification: sensitive; service: Compute, access_type: read, google_classification: sensitive; service: YouTube, access_type: full_access, google_classification: sensitive; Offline refresh token",https://www.googleapis.com/auth/gmail.readonly; https://www.googleapis.com/auth/directory.readonly; https://www.googleapis.com/auth/adsense; https://www.googleapis.com/auth/compute.readonly; https://www.googleapis.com/auth/youtube,5,1,1,5,5,1,2,Critical
SC-0989,Strategy F: Randomly Generated Scope Combinations,"service: BigQuery, access_type: write, google_classification: sensitive; service: Firebase, access_type: write, google_classification: sensitive; service: Drive, access_type: read, google_classification: sensitive; service: AdSense, access_type: full_access, google_classification: sensitive; service: Chat, access_type: read, google_classification: sensitive; Online access only",https://www.googleapis.com/auth/bigquery.insertdata; https://www.googleapis.com/auth/firebase.messaging; https://www.googleapis.com/auth/drive.activity.readonly; https://www.googleapis.com/auth/adsense; https://www.googleapis.com/auth/chat.messages.readonly,4,0,0,5,5,0,2,High
SC-0991,Strategy F: Randomly Generated Scope Combinations,"service: Classroom, access_type: full_access, google_classification: sensitive; service: YouTube, access_type: write, google_classification: sensitive; service: Admin, access_type: full_access, google_classification: sensitive; service: Gmail, access_type: read_write, google_classification: restricted; service: Analytics, access_type: full_access, google_classification: sensitive; Offline refresh token",https://www.googleapis.com/auth/classroom.courses; https://www.googleapis.com/auth/youtube.upload; https://www.googleapis.com/auth/admin.directory.rolemanagement; https://www.googleapis.com/auth/gmail.modify; https://www.googleapis.com/auth/analytics,5,1,1,5,5,1,3,Critical
SC-0992,Strategy F: Randomly Generated Scope Combinations,"service: Forms, access_type: read, google_classification: sensitive; service: Fitness, access_type: read, google_classification: sensitive; service: Calendar, access_type: read, google_classification: sensitive; service: Admin, access_type: read, google_classification: sensitive; Offline refresh token",https://www.googleapis.com/auth/forms.body.readonly; https://www.googleapis.com/auth/fitness.location.read; https://www.googleapis.com/auth/calendar.calendarlist.readonly; https://www.googleapis.com/auth/admin.reports.audit.readonly,5,1,0,4,4,0,0,High
SC-0995,Strategy F: Randomly Generated Scope Combinations,"service: Firebase, access_type: read, google_classification: sensitive; service: Calendar, access_type: read, google_classification: sensitive; service: Gmail, access_type: read_write, google_classification: sensitive; service: Slides, access_type: read, google_classification: sensitive; Offline refresh token",https://www.googleapis.com/auth/firebase.readonly; https://www.googleapis.com/auth/calendar.calendars.readonly; https://www.googleapis.com/auth/gmail.labels; https://www.googleapis.com/auth/presentations.readonly,5,1,0,4,4,0,1,Critical
SC-0997,Strategy F: Randomly Generated Scope Combinations,"service: Calendar, access_type: read_write, google_classification: sensitive; service: Calendar, access_type: read, google_classification: sensitive; service: Classroom, access_type: read, google_classification: sensitive; service: YouTube, access_type: full_access, google_classification: sensitive; Online access only",https://www.googleapis.com/auth/calendar.calendars; https://www.googleapis.com/auth/calendar.readonly; https://www.googleapis.com/auth/classroom.courses.readonly; https://www.googleapis.com/auth/youtube.force-ssl,3,0,0,4,3,0,2,High
SC-1000,Strategy G: Plausable Cross Scope Combinations With Random Common Scope Addition,"service: Admin, access_type: full_access, google_classification: sensitive; service: Gmail, access_type: read, google_classification: sensitive; service: Gmail, access_type: read, google_classification: sensitive; service: Contacts, access_type: read, google_classification: sensitive; Offline refresh token",https://www.googleapis.com/auth/admin.directory.user; https://www.googleapis.com/auth/gmail.addons.current.message.metadata; https://www.googleapis.com/auth/gmail.addons.current.message.action; https://www.googleapis.com/auth/contacts.readonly,5,1,1,4,3,0,3,Critical
SC-1001,Strategy G: Plausable Cross Scope Combinations With Random Common Scope Addition,"service: Admin, access_type: full_access, google_classification: sensitive; service: Admin, access_type: read, google_classification: sensitive; service: Contacts, access_type: read, google_classification: sensitive; service: Identity, access_type: read, google_classification: non_sensitive; Offline refresh token",https://www.googleapis.com/auth/admin.directory.user; https://www.googleapis.com/auth/admin.directory.user.readonly; https://www.googleapis.com/auth/directory.readonly; profile,5,1,1,4,3,0,3,Critical
SC-1002,Strategy G: Plausable Cross Scope Combinations With Random Common Scope Addition,"service: Admin, access_type: read, google_classification: sensitive; service: Drive, access_type: write, google_classification: sensitive; service: Identity, access_type: read, google_classification: non_sensitive; Online access only",https://www.googleapis.com/auth/admin.reports.audit.readonly; https://www.googleapis.com/auth/drive.scripts; openid,5,0,0,3,3,0,1,High
SC-1003,Strategy G: Plausable Cross Scope Combinations With Random Common Scope Addition,"service: Admin, access_type: full_access, google_classification: sensitive; service: Apps Script, access_type: read, google_classification: sensitive; service: Apps Script, access_type: write, google_classification: sensitive; service: Calendar, access_type: read, google_classification: sensitive; Online access only",https://www.googleapis.com/auth/admin.directory.group; https://www.googleapis.com/auth/script.projects.readonly; https://www.googleapis.com/auth/script.projects; https://www.googleapis.com/auth/calendar.events.readonly,5,0,1,4,3,0,3,Critical
SC-1004,Strategy G: Plausable Cross Scope Combinations With Random Common Scope Addition,"service: Admin, access_type: read, google_classification: sensitive; service: Sheets, access_type: full_access, google_classification: sensitive; service: Sheets, access_type: read, google_classification: sensitive; service: Identity, access_type: read, google_classification: non_sensitive; Online access only",https://www.googleapis.com/auth/admin.directory.user.readonly; https://www.googleapis.com/auth/spreadsheets; https://www.googleapis.com/auth/spreadsheets.readonly; openid,5,0,1,4,3,0,2,Critical
SC-1005,Strategy G: Plausable Cross Scope Combinations With Random Common Scope Addition,"service: Admin, access_type: read_write, google_classification: sensitive; service: Firebase, access_type: read, google_classification: sensitive; service: Contacts, access_type: read, google_classification: sensitive; Online access only",https://www.googleapis.com/auth/admin.datatransfer; https://www.googleapis.com/auth/firebase.readonly; https://www.googleapis.com/auth/contacts.readonly,5,0,1,3,3,0,3,Critical
SC-1006,Strategy G: Plausable Cross Scope Combinations With Random Common Scope Addition,"service: Admin, access_type: full_access, google_classification: sensitive; service: Admin, access_type: read, google_classification: sensitive; service: Classroom, access_type: read, google_classification: sensitive; service: Tasks, access_type: full_access, google_classification: sensitive; Offline refresh token",https://www.googleapis.com/auth/admin.directory.domain; https://www.googleapis.com/auth/admin.directory.user.readonly; https://www.googleapis.com/auth/classroom.courses.readonly; https://www.googleapis.com/auth/tasks,5,1,1,4,3,0,3,Critical
SC-1007,Strategy G: Plausable Cross Scope Combinations With Random Common Scope Addition,"service: Admin, access_type: read, google_classification: sensitive; service: Cloud, access_type: read, google_classification: sensitive; service: Cloud, access_type: full_access, google_classification: sensitive; service: Sheets, access_type: full_access, google_classification: sensitive; Online access only",https://www.googleapis.com/auth/admin.directory.user.readonly; https://www.googleapis.com/auth/cloud-platform.read-only; https://www.googleapis.com/auth/cloud-platform; https://www.googleapis.com/auth/spreadsheets,5,0,1,4,3,0,3,Critical
SC-1008,Strategy G: Plausable Cross Scope Combinations With Random Common Scope Addition,"service: Admin, access_type: write, google_classification: sensitive; service: BigQuery, access_type: full_access, google_classification: sensitive; service: Identity, access_type: read, google_classification: non_sensitive; Offline refresh token",https://www.googleapis.com/auth/admin.directory.user.security; https://www.googleapis.com/auth/bigquery; profile,5,1,0,3,3,0,3,Critical
SC-1009,Strategy G: Plausable Cross Scope Combinations With Random Common Scope Addition,"service: Admin, access_type: read_write, google_classification: sensitive; service: Compute, access_type: read, google_classification: sensitive; service: Compute, access_type: full_access, google_classification: sensitive; service: Sheets, access_type: full_access, google_classification: sensitive; Offline refresh token",https://www.googleapis.com/auth/admin.datatransfer; https://www.googleapis.com/auth/compute.readonly; https://www.googleapis.com/auth/compute; https://www.googleapis.com/auth/spreadsheets,5,1,1,4,3,0,3,Critical
SC-1010,Strategy G: Plausable Cross Scope Combinations With Random Common Scope Addition,"service: Admin, access_type: full_access, google_classification: sensitive; service: Identity, access_type: read, google_classification: non_sensitive; service: Identity, access_type: read, google_classification: non_sensitive; service: Contacts, access_type: read, google_classification: sensitive; Offline refresh token",https://www.googleapis.com/auth/admin.directory.user; profile; openid; https://www.googleapis.com/auth/contacts.readonly,5,1,1,4,3,0,3,Critical
SC-1011,Strategy G: Plausable Cross Scope Combinations With Random Common Scope Addition,"service: Gmail, access_type: read, google_classification: sensitive; service: Gmail, access_type: read, google_classification: restricted; service: Contacts, access_type: read, google_classification: sensitive; service: Contacts, access_type: read, google_classification: sensitive; service: Drive, access_type: read_write, google_classification: non_sensitive; Online access only",https://www.googleapis.com/auth/gmail.addons.current.message.metadata; https://www.googleapis.com/auth/gmail.readonly; https://www.googleapis.com/auth/user.emails.read; https://www.googleapis.com/auth/user.gender.read; https://www.googleapis.com/auth/drive.file,5,0,0,5,3,1,1,High
SC-1012,Strategy G: Plausable Cross Scope Combinations With Random Common Scope Addition,"service: Gmail, access_type: read, google_classification: sensitive; service: Drive, access_type: read, google_classification: sensitive; service: Drive, access_type: read, google_classification: restricted; service: Identity, access_type: read, google_classification: non_sensitive; Online access only",https://www.googleapis.com/auth/gmail.addons.current.message.metadata; https://www.googleapis.com/auth/drive.activity.readonly; https://www.googleapis.com/auth/drive.readonly; openid,5,0,0,4,3,1,0,High
SC-1013,Strategy G: Plausable Cross Scope Combinations With Random Common Scope Addition,"service: Gmail, access_type: read, google_classification: sensitive; service: Gmail, access_type: read, google_classification: sensitive; service: Photos, access_type: full_access, google_classification: sensitive; service: Photos, access_type: read, google_classification: sensitive; service: Drive, access_type: read_write, google_classification: non_sensitive; Online access only",https://www.googleapis.com/auth/gmail.addons.current.message.metadata; https://www.googleapis.com/auth/gmail.addons.current.message.action; https://www.googleapis.com/auth/photoslibrary; https://www.googleapis.com/auth/photoslibrary.readonly; https://www.googleapis.com/auth/drive.file,5,0,0,5,3,0,2,Critical
SC-1014,Strategy G: Plausable Cross Scope Combinations With Random Common Scope Addition,"service: Gmail, access_type: write, google_classification: sensitive; service: Docs, access_type: read, google_classification: sensitive; service: Docs, access_type: full_access, google_classification: sensitive; service: Contacts, access_type: read, google_classification: sensitive; Online access only",https://www.googleapis.com/auth/gmail.insert; https://www.googleapis.com/auth/documents.readonly; https://www.googleapis.com/auth/documents; https://www.googleapis.com/auth/contacts.readonly,5,0,1,4,3,0,2,Critical
SC-1015,Strategy G: Plausable Cross Scope Combinations With Random Common Scope Addition,"service: Gmail, access_type: write, google_classification: sensitive; service: Gmail, access_type: read, google_classification: sensitive; service: Sheets, access_type: full_access, google_classification: sensitive; service: Sheets, access_type: read, google_classification: sensitive; service: Gmail, access_type: write, google_classification: restricted; Online access only",https://www.googleapis.com/auth/gmail.addons.current.action.compose; https://www.googleapis.com/auth/gmail.addons.current.message.readonly; https://www.googleapis.com/auth/spreadsheets; https://www.googleapis.com/auth/spreadsheets.readonly; https://www.googleapis.com/auth/gmail.send,5,0,0,5,2,1,2,Critical
SC-1016,Strategy G: Plausable Cross Scope Combinations With Random Common Scope Addition,"service: Gmail, access_type: read, google_classification: sensitive; service: Apps Script, access_type: write, google_classification: sensitive; service: Tasks, access_type: full_access, google_classification: sensitive; Offline refresh token",https://www.googleapis.com/auth/gmail.metadata; https://www.googleapis.com/auth/script.deployments; https://www.googleapis.com/auth/tasks,5,1,0,3,3,0,2,Critical
SC-1017,Strategy G: Plausable Cross Scope Combinations With Random Common Scope Addition,"service: Gmail, access_type: write, google_classification: sensitive; service: Firebase, access_type: write, google_classification: sensitive; service: Identity, access_type: read, google_classification: non_sensitive; Offline refresh token",https://www.googleapis.com/auth/gmail.compose; https://www.googleapis.com/auth/firebase.messaging; profile,5,1,0,3,3,0,1,High
SC-1018,Strategy G: Plausable Cross Scope Combinations With Random Common Scope Addition,"service: Gmail, access_type: read_write, google_classification: sensitive; service: Gmail, access_type: full_access, google_classification: restricted; service: YouTube, access_type: write, google_classification: sensitive; service: Tasks, access_type: full_access, google_classification: sensitive; Offline refresh token",https://www.googleapis.com/auth/gmail.labels; https://mail.google.com/; https://www.googleapis.com/auth/youtube.upload; https://www.googleapis.com/auth/tasks,5,1,0,4,3,1,2,Critical
SC-1019,Strategy G: Plausable Cross Scope Combinations With Random Common Scope Addition,"service: Gmail, access_type: read, google_classification: sensitive; service: Forms, access_type: read_write, google_classification: sensitive; service: Identity, access_type: read, google_classification: non_sensitive; Offline refresh token",https://www.googleapis.com/auth/gmail.addons.current.message.metadata; https://www.googleapis.com/auth/forms; email,5,1,0,3,3,0,1,High
SC-1020,Strategy G: Plausable Cross Scope Combinations With Random Common Scope Addition,"service: Gmail, access_type: read, google_classification: sensitive; service: Classroom, access_type: read_write, google_classification: sensitive; service: Classroom, access_type: read, google_classification: sensitive; service: Tasks, access_type: full_access, google_classification: sensitive; Online access only",https://www.googleapis.com/auth/gmail.addons.current.message.action; https://www.googleapis.com/auth/classroom.coursework.students; https://www.googleapis.com/auth/classroom.courses.readonly; https://www.googleapis.com/auth/tasks,5,0,0,4,3,0,2,Critical
SC-1021,Strategy G: Plausable Cross Scope Combinations With Random Common Scope Addition,"service: Gmail, access_type: read, google_classification: sensitive; service: Calendar, access_type: read, google_classification: non_sensitive; service: Chat, access_type: full_access, google_classification: sensitive; Online access only",https://www.googleapis.com/auth/gmail.metadata; https://www.googleapis.com/auth/calendar.events.freebusy; https://www.googleapis.com/auth/chat.messages,5,0,0,3,3,0,2,Critical
SC-1022,Strategy G: Plausable Cross Scope Combinations With Random Common Scope Addition,"service: Gmail, access_type: read, google_classification: sensitive; service: Gmail, access_type: read_write, google_classification: sensitive; service: Cloud, access_type: full_access, google_classification: sensitive; service: Calendar, access_type: read, google_classification: sensitive; Offline refresh token",https://www.googleapis.com/auth/gmail.metadata; https://www.googleapis.com/auth/gmail.labels; https://www.googleapis.com/auth/cloud-platform; https://www.googleapis.com/auth/calendar.events.readonly,5,1,1,4,3,0,3,Critical
SC-1023,Strategy G: Plausable Cross Scope Combinations With Random Common Scope Addition,"service: Gmail, access_type: full_access, google_classification: restricted; service: Gmail, access_type: read_write, google_classification: restricted; service: BigQuery, access_type: full_access, google_classification: sensitive; service: Gmail, access_type: write, google_classification: restricted; Offline refresh token",https://mail.google.com/; https://www.googleapis.com/auth/gmail.modify; https://www.googleapis.com/auth/bigquery; https://www.googleapis.com/auth/gmail.send,5,1,0,4,2,1,2,Critical
SC-1024,Strategy G: Plausable Cross Scope Combinations With Random Common Scope Addition,"service: Gmail, access_type: read, google_classification: sensitive; service: Compute, access_type: full_access, google_classification: sensitive; service: Sheets, access_type: full_access, google_classification: sensitive; Offline refresh token",https://www.googleapis.com/auth/gmail.addons.current.message.metadata; https://www.googleapis.com/auth/compute; https://www.googleapis.com/auth/spreadsheets,5,1,0,3,3,0,2,Critical
SC-1025,Strategy G: Plausable Cross Scope Combinations With Random Common Scope Addition,"service: Gmail, access_type: read, google_classification: sensitive; service: Blogger, access_type: full_access, google_classification: sensitive; service: Blogger, access_type: read, google_classification: sensitive; service: Calendar, access_type: read, google_classification: sensitive; Online access only",https://www.googleapis.com/auth/gmail.addons.current.message.readonly; https://www.googleapis.com/auth/blogger; https://www.googleapis.com/auth/blogger.readonly; https://www.googleapis.com/auth/calendar.events.readonly,5,0,0,4,3,0,2,Critical
SC-1026,Strategy G: Plausable Cross Scope Combinations With Random Common Scope Addition,"service: Gmail, access_type: read, google_classification: sensitive; service: Gmail, access_type: write, google_classification: sensitive; service: AdSense, access_type: read, google_classification: non_sensitive; service: Sheets, access_type: full_access, google_classification: sensitive; Online access only",https://www.googleapis.com/auth/gmail.addons.current.message.metadata; https://www.googleapis.com/auth/gmail.addons.current.action.compose; https://www.googleapis.com/auth/adsense.readonly; https://www.googleapis.com/auth/spreadsheets,5,0,0,4,3,0,2,Critical
SC-1027,Strategy G: Plausable Cross Scope Combinations With Random Common Scope Addition,"service: Gmail, access_type: read_write, google_classification: sensitive; service: Gmail, access_type: write, google_classification: restricted; service: Identity, access_type: read, google_classification: non_sensitive; service: Gmail, access_type: write, google_classification: restricted; Online access only",https://www.googleapis.com/auth/gmail.labels; https://www.googleapis.com/auth/gmail.settings.sharing; https://www.googleapis.com/auth/userinfo.email; https://www.googleapis.com/auth/gmail.send,5,0,0,4,2,1,1,High
SC-1028,Strategy G: Plausable Cross Scope Combinations With Random Common Scope Addition,"service: Contacts, access_type: read, google_classification: sensitive; service: Contacts, access_type: read, google_classification: sensitive; service: Keep, access_type: full_access, google_classification: restricted; service: Identity, access_type: read, google_classification: non_sensitive; Online access only",https://www.googleapis.com/auth/contacts.readonly; https://www.googleapis.com/auth/directory.readonly; https://www.googleapis.com/auth/keep; profile,4,0,1,4,3,1,2,Critical
SC-1029,Strategy G: Plausable Cross Scope Combinations With Random Common Scope Addition,"service: Contacts, access_type: read, google_classification: sensitive; service: Chat, access_type: read_write, google_classification: sensitive; service: Identity, access_type: read, google_classification: non_sensitive; Offline refresh token",https://www.googleapis.com/auth/user.emails.read; https://www.googleapis.com/auth/chat.spaces; email,4,1,0,3,3,0,1,High
SC-1030,Strategy G: Plausable Cross Scope Combinations With Random Common Scope Addition,"service: Contacts, access_type: read, google_classification: sensitive; service: Drive, access_type: full_access, google_classification: restricted; service: Identity, access_type: read, google_classification: non_sensitive; Offline refresh token",https://www.googleapis.com/auth/user.gender.read; https://www.googleapis.com/auth/drive; profile,4,1,0,3,3,1,2,Critical
SC-1031,Strategy J: Bool Switching of Medium Risk Combinations,"service: Contacts, access_type: read, google_classification: sensitive; service: Photos, access_type: read, google_classification: non_sensitive; service: Identity, access_type: read, google_classification: non_sensitive; Offline refresh token",https://www.googleapis.com/auth/directory.readonly; https://www.googleapis.com/auth/photoslibrary.readonly.appcreateddata; email,4,1,1,3,3,0,0,High
SC-1032,Strategy G: Plausable Cross Scope Combinations With Random Common Scope Addition,"service: Contacts, access_type: read, google_classification: sensitive; service: Docs, access_type: full_access, google_classification: sensitive; service: Chat, access_type: full_access, google_classification: sensitive; Offline refresh token",https://www.googleapis.com/auth/user.emails.read; https://www.googleapis.com/auth/documents; https://www.googleapis.com/auth/chat.messages,4,1,0,3,3,0,2,High
SC-1033,Strategy G: Plausable Cross Scope Combinations With Random Common Scope Addition,"service: Contacts, access_type: read, google_classification: sensitive; service: Contacts, access_type: read, google_classification: sensitive; service: Sheets, access_type: read, google_classification: sensitive; service: Sheets, access_type: full_access, google_classification: sensitive; service: Calendar, access_type: read, google_classification: sensitive; Online access only",https://www.googleapis.com/auth/user.addresses.read; https://www.googleapis.com/auth/user.gender.read; https://www.googleapis.com/auth/spreadsheets.readonly; https://www.googleapis.com/auth/spreadsheets; https://www.googleapis.com/auth/calendar.events.readonly,4,0,0,5,3,0,2,High
SC-1034,Strategy G: Plausable Cross Scope Combinations With Random Common Scope Addition,"service: Contacts, access_type: full_access, google_classification: restricted; service: Groups, access_type: full_access, google_classification: sensitive; service: Sheets, access_type: full_access, google_classification: sensitive; Offline refresh token",https://www.googleapis.com/auth/contacts; https://www.googleapis.com/auth/groups; https://www.googleapis.com/auth/spreadsheets,4,1,1,3,3,1,2,Critical
SC-1035,Strategy G: Plausable Cross Scope Combinations With Random Common Scope Addition,"service: Contacts, access_type: read, google_classification: sensitive; service: Apps Script, access_type: write, google_classification: sensitive; service: Apps Script, access_type: write, google_classification: sensitive; service: Gmail, access_type: write, google_classification: restricted; Offline refresh token",https://www.googleapis.com/auth/user.phonenumbers.read; https://www.googleapis.com/auth/script.deployments; https://www.googleapis.com/auth/script.projects; https://www.googleapis.com/auth/gmail.send,5,1,0,4,3,1,1,Critical
SC-1036,Strategy G: Plausable Cross Scope Combinations With Random Common Scope Addition,"service: Contacts, access_type: read, google_classification: sensitive; service: Firebase, access_type: write, google_classification: sensitive; service: Calendar, access_type: read, google_classification: sensitive; Online access only",https://www.googleapis.com/auth/contacts.readonly; https://www.googleapis.com/auth/firebase.messaging; https://www.googleapis.com/auth/calendar.events.readonly,4,0,1,3,3,0,1,High
SC-1037,Strategy G: Plausable Cross Scope Combinations With Random Common Scope Addition,"service: Contacts, access_type: read, google_classification: sensitive; service: Forms, access_type: read_write, google_classification: sensitive; service: Identity, access_type: read, google_classification: non_sensitive; Offline refresh token",https://www.googleapis.com/auth/user.phonenumbers.read; https://www.googleapis.com/auth/forms.currentonly; openid,4,1,0,3,3,0,1,High
SC-1038,Strategy G: Plausable Cross Scope Combinations With Random Common Scope Addition,"service: Contacts, access_type: read, google_classification: sensitive; service: Cloud, access_type: read, google_classification: sensitive; service: Cloud, access_type: full_access, google_classification: sensitive; service: Sheets, access_type: full_access, google_classification: sensitive; Offline refresh token",https://www.googleapis.com/auth/user.emails.read; https://www.googleapis.com/auth/cloud-platform.read-only; https://www.googleapis.com/auth/cloud-platform; https://www.googleapis.com/auth/spreadsheets,4,1,1,4,3,0,3,Critical
SC-1039,Strategy G: Plausable Cross Scope Combinations With Random Common Scope Addition,"service: Contacts, access_type: read, google_classification: sensitive; service: Contacts, access_type: read, google_classification: sensitive; service: Tasks, access_type: read, google_classification: sensitive; service: Tasks, access_type: full_access, google_classification: sensitive; service: Gmail, access_type: write, google_classification: restricted; Online access only",https://www.googleapis.com/auth/user.emails.read; https://www.googleapis.com/auth/contacts.other.readonly; https://www.googleapis.com/auth/tasks.readonly; https://www.googleapis.com/auth/tasks; https://www.googleapis.com/auth/gmail.send,5,0,0,5,3,1,2,Critical
SC-1040,Strategy G: Plausable Cross Scope Combinations With Random Common Scope Addition,"service: Contacts, access_type: read, google_classification: sensitive; service: Classroom, access_type: read_write, google_classification: sensitive; service: Tasks, access_type: full_access, google_classification: sensitive; Offline refresh token",https://www.googleapis.com/auth/contacts.readonly; https://www.googleapis.com/auth/classroom.coursework.students; https://www.googleapis.com/auth/tasks,4,1,1,3,3,0,2,Critical
SC-1041,Strategy G: Plausable Cross Scope Combinations With Random Common Scope Addition,"service: Contacts, access_type: read, google_classification: sensitive; service: Contacts, access_type: read, google_classification: sensitive; service: Calendar, access_type: read, google_classification: non_sensitive; service: Calendar, access_type: read, google_classification: sensitive; service: Identity, access_type: read, google_classification: non_sensitive; Online access only",https://www.googleapis.com/auth/contacts.readonly; https://www.googleapis.com/auth/directory.readonly; https://www.googleapis.com/auth/calendar.events.freebusy; https://www.googleapis.com/auth/calendar.calendarlist.readonly; email,4,0,1,5,3,0,0,High
SC-1042,Strategy G: Plausable Cross Scope Combinations With Random Common Scope Addition,"service: Contacts, access_type: read, google_classification: sensitive; service: Identity, access_type: read, google_classification: non_sensitive; service: Identity, access_type: read, google_classification: non_sensitive; service: Tasks, access_type: full_access, google_classification: sensitive; Offline refresh token",https://www.googleapis.com/auth/user.organization.read; https://www.googleapis.com/auth/userinfo.email; https://www.googleapis.com/auth/userinfo.profile; https://www.googleapis.com/auth/tasks,4,1,0,4,3,0,2,High
SC-1043,Strategy G: Plausable Cross Scope Combinations With Random Common Scope Addition,"service: Keep, access_type: full_access, google_classification: restricted; service: Chat, access_type: read_write, google_classification: sensitive; service: Chat, access_type: read_write, google_classification: sensitive; service: Calendar, access_type: read, google_classification: sensitive; Online access only",https://www.googleapis.com/auth/keep; https://www.googleapis.com/auth/chat.spaces; https://www.googleapis.com/auth/chat.memberships; https://www.googleapis.com/auth/calendar.events.readonly,4,0,0,4,3,1,2,High
SC-1044,Strategy G: Plausable Cross Scope Combinations With Random Common Scope Addition,"service: Keep, access_type: read, google_classification: restricted; service: Fitness, access_type: read, google_classification: sensitive; service: Fitness, access_type: read, google_classification: sensitive; service: Contacts, access_type: read, google_classification: sensitive; Online access only",https://www.googleapis.com/auth/keep.readonly; https://www.googleapis.com/auth/fitness.body.read; https://www.googleapis.com/auth/fitness.activity.read; https://www.googleapis.com/auth/contacts.readonly,4,0,1,4,3,1,0,High
SC-1045,Strategy G: Plausable Cross Scope Combinations With Random Common Scope Addition,"service: Keep, access_type: full_access, google_classification: restricted; service: Keep, access_type: read, google_classification: restricted; service: Drive, access_type: read, google_classification: sensitive; service: Drive, access_type: read_write, google_classification: non_sensitive; Online access only",https://www.googleapis.com/auth/keep; https://www.googleapis.com/auth/keep.readonly; https://www.googleapis.com/auth/drive.metadata.readonly; https://www.googleapis.com/auth/drive.file,4,0,0,4,2,1,2,High
SC-1046,Strategy G: Plausable Cross Scope Combinations With Random Common Scope Addition,"service: Keep, access_type: full_access, google_classification: restricted; service: Keep, access_type: read, google_classification: restricted; service: Docs, access_type: read, google_classification: sensitive; service: Drive, access_type: read_write, google_classification: non_sensitive; Offline refresh token",https://www.googleapis.com/auth/keep; https://www.googleapis.com/auth/keep.readonly; https://www.googleapis.com/auth/documents.readonly; https://www.googleapis.com/auth/drive.file,4,1,0,4,3,1,2,Critical
SC-1047,Strategy G: Plausable Cross Scope Combinations With Random Common Scope Addition,"service: Keep, access_type: read, google_classification: restricted; service: Keep, access_type: full_access, google_classification: restricted; service: Sheets, access_type: full_access, google_classification: sensitive; service: Sheets, access_type: read, google_classification: sensitive; service: Identity, access_type: read, google_classification: non_sensitive; Online access only",https://www.googleapis.com/auth/keep.readonly; https://www.googleapis.com/auth/keep; https://www.googleapis.com/auth/spreadsheets; https://www.googleapis.com/auth/spreadsheets.readonly; profile,4,0,0,5,3,1,2,High
SC-1048,Strategy G: Plausable Cross Scope Combinations With Random Common Scope Addition,"service: Keep, access_type: full_access, google_classification: restricted; service: Groups, access_type: full_access, google_classification: sensitive; service: Drive, access_type: read_write, google_classification: non_sensitive; Online access only",https://www.googleapis.com/auth/keep; https://www.googleapis.com/auth/groups; https://www.googleapis.com/auth/drive.file,4,0,0,3,3,1,2,High
SC-1049,Strategy G: Plausable Cross Scope Combinations With Random Common Scope Addition,"service: Keep, access_type: full_access, google_classification: restricted; service: Calendar, access_type: read, google_classification: sensitive; service: Calendar, access_type: read, google_classification: sensitive; service: Tasks, access_type: full_access, google_classification: sensitive; Offline refresh token",https://www.googleapis.com/auth/keep; https://www.googleapis.com/auth/calendar.events.readonly; https://www.googleapis.com/auth/calendar.calendars.readonly; https://www.googleapis.com/auth/tasks,4,1,0,4,3,1,2,Critical
SC-1050,Strategy G: Plausable Cross Scope Combinations With Random Common Scope Addition,"service: Keep, access_type: read, google_classification: restricted; service: Tasks, access_type: read, google_classification: sensitive; service: Calendar, access_type: read, google_classification: sensitive; Offline refresh token",https://www.googleapis.com/auth/keep.readonly; https://www.googleapis.com/auth/tasks.readonly; https://www.googleapis.com/auth/calendar.events.readonly,4,1,0,3,3,1,0,High
SC-1051,Strategy G: Plausable Cross Scope Combinations With Random Common Scope Addition,"service: Keep, access_type: read, google_classification: restricted; service: Keep, access_type: full_access, google_classification: restricted; service: Identity, access_type: read, google_classification: non_sensitive; service: Calendar, access_type: read, google_classification: sensitive; Online access only",https://www.googleapis.com/auth/keep.readonly; https://www.googleapis.com/auth/keep; https://www.googleapis.com/auth/userinfo.email; https://www.googleapis.com/auth/calendar.events.readonly,4,0,0,4,3,1,2,High
SC-1052,Strategy G: Plausable Cross Scope Combinations With Random Common Scope Addition,"service: Chat, access_type: read_write, google_classification: sensitive; service: Chat, access_type: full_access, google_classification: sensitive; service: Drive, access_type: read, google_classification: sensitive; service: Drive, access_type: read_write, google_classification: sensitive; service: Identity, access_type: read, google_classification: non_sensitive; Online access only",https://www.googleapis.com/auth/chat.spaces; https://www.googleapis.com/auth/chat.messages; https://www.googleapis.com/auth/drive.photos.readonly; https://www.googleapis.com/auth/drive.activity; profile,4,0,0,5,3,0,2,High
SC-1053,Strategy G: Plausable Cross Scope Combinations With Random Common Scope Addition,"service: Chat, access_type: full_access, google_classification: sensitive; service: Docs, access_type: full_access, google_classification: sensitive; service: Docs, access_type: read, google_classification: sensitive; service: Gmail, access_type: write, google_classification: restricted; Offline refresh token",https://www.googleapis.com/auth/chat.messages; https://www.googleapis.com/auth/documents; https://www.googleapis.com/auth/documents.readonly; https://www.googleapis.com/auth/gmail.send,5,1,0,4,3,1,2,Critical
SC-1054,Strategy G: Plausable Cross Scope Combinations With Random Common Scope Addition,"service: Chat, access_type: read_write, google_classification: sensitive; service: Chat, access_type: write, google_classification: sensitive; service: Photos, access_type: read, google_classification: non_sensitive; service: Photos, access_type: full_access, google_classification: sensitive; service: Chat, access_type: full_access, google_classification: sensitive; Offline refresh token",https://www.googleapis.com/auth/chat.spaces; https://www.googleapis.com/auth/chat.delete; https://www.googleapis.com/auth/photoslibrary.readonly.appcreateddata; https://www.googleapis.com/auth/photoslibrary; https://www.googleapis.com/auth/chat.messages,4,1,0,5,2,0,2,High
SC-1055,Strategy G: Plausable Cross Scope Combinations With Random Common Scope Addition,"service: Chat, access_type: full_access, google_classification: sensitive; service: Chat, access_type: write, google_classification: sensitive; service: Sheets, access_type: full_access, google_classification: sensitive; service: Sheets, access_type: read, google_classification: sensitive; service: Contacts, access_type: read, google_classification: sensitive; Online access only",https://www.googleapis.com/auth/chat.messages; https://www.googleapis.com/auth/chat.delete; https://www.googleapis.com/auth/spreadsheets; https://www.googleapis.com/auth/spreadsheets.readonly; https://www.googleapis.com/auth/contacts.readonly,4,0,1,5,3,0,2,High
SC-1056,Strategy G: Plausable Cross Scope Combinations With Random Common Scope Addition,"service: Chat, access_type: write, google_classification: sensitive; service: Chat, access_type: full_access, google_classification: sensitive; service: Groups, access_type: full_access, google_classification: sensitive; service: Identity, access_type: read, google_classification: non_sensitive; Online access only",https://www.googleapis.com/auth/chat.delete; https://www.googleapis.com/auth/chat.messages; https://www.googleapis.com/auth/groups; profile,4,0,0,4,3,0,2,High
SC-1057,Strategy G: Plausable Cross Scope Combinations With Random Common Scope Addition,"service: Chat, access_type: read_write, google_classification: sensitive; service: Chat, access_type: read, google_classification: sensitive; service: Apps Script, access_type: write, google_classification: sensitive; service: Apps Script, access_type: write, google_classification: sensitive; service: Calendar, access_type: read, google_classification: sensitive; Online access only",https://www.googleapis.com/auth/chat.spaces; https://www.googleapis.com/auth/chat.spaces.readonly; https://www.googleapis.com/auth/script.deployments; https://www.googleapis.com/auth/script.projects; https://www.googleapis.com/auth/calendar.events.readonly,4,0,0,5,3,0,1,High
SC-1058,Strategy G: Plausable Cross Scope Combinations With Random Common Scope Addition,"service: Chat, access_type: write, google_classification: sensitive; service: Chat, access_type: read, google_classification: sensitive; service: Forms, access_type: read, google_classification: sensitive; service: Forms, access_type: read_write, google_classification: sensitive; service: Gmail, access_type: write, google_classification: restricted; Online access only",https://www.googleapis.com/auth/chat.delete; https://www.googleapis.com/auth/chat.messages.readonly; https://www.googleapis.com/auth/forms.responses.readonly; https://www.googleapis.com/auth/forms.currentonly; https://www.googleapis.com/auth/gmail.send,5,0,0,5,3,1,1,High
SC-1059,Strategy G: Plausable Cross Scope Combinations With Random Common Scope Addition,"service: Chat, access_type: read, google_classification: sensitive; service: Chat, access_type: read, google_classification: sensitive; service: Classroom, access_type: read, google_classification: sensitive; service: Classroom, access_type: read, google_classification: sensitive; service: Identity, access_type: read, google_classification: non_sensitive; Online access only",https://www.googleapis.com/auth/chat.messages.readonly; https://www.googleapis.com/auth/chat.spaces.readonly; https://www.googleapis.com/auth/classroom.profile.emails; https://www.googleapis.com/auth/classroom.courses.readonly; profile,4,0,1,5,3,0,0,High
SC-1060,Strategy G: Plausable Cross Scope Combinations With Random Common Scope Addition,"service: Chat, access_type: write, google_classification: sensitive; service: Tasks, access_type: read, google_classification: sensitive; service: Identity, access_type: read, google_classification: non_sensitive; Online access only",https://www.googleapis.com/auth/chat.delete; https://www.googleapis.com/auth/tasks.readonly; profile,4,0,0,3,3,0,1,Medium
SC-1061,Strategy G: Plausable Cross Scope Combinations With Random Common Scope Addition,"service: Chat, access_type: read, google_classification: sensitive; service: Calendar, access_type: read, google_classification: sensitive; service: Calendar, access_type: read_write, google_classification: sensitive; service: Drive, access_type: read_write, google_classification: non_sensitive; Offline refresh token",https://www.googleapis.com/auth/chat.messages.readonly; https://www.googleapis.com/auth/calendar.calendars.readonly; https://www.googleapis.com/auth/calendar.calendars; https://www.googleapis.com/auth/drive.file,4,1,0,4,3,0,1,High
SC-1062,Strategy G: Plausable Cross Scope Combinations With Random Common Scope Addition,"service: Chat, access_type: read, google_classification: sensitive; service: Identity, access_type: read, google_classification: non_sensitive; service: Identity, access_type: read, google_classification: non_sensitive; service: Chat, access_type: full_access, google_classification: sensitive; Offline refresh token",https://www.googleapis.com/auth/chat.messages.readonly; email; https://www.googleapis.com/auth/userinfo.email; https://www.googleapis.com/auth/chat.messages,4,1,0,4,2,0,2,High
SC-1063,Strategy G: Plausable Cross Scope Combinations With Random Common Scope Addition,"service: Fitness, access_type: read, google_classification: sensitive; service: Fitness, access_type: read, google_classification: sensitive; service: Drive, access_type: read_write, google_classification: non_sensitive; service: Gmail, access_type: write, google_classification: restricted; Offline refresh token",https://www.googleapis.com/auth/fitness.sleep.read; https://www.googleapis.com/auth/fitness.location.read; https://www.googleapis.com/auth/drive.file; https://www.googleapis.com/auth/gmail.send,5,1,0,4,3,1,1,Critical
SC-1064,Strategy G: Plausable Cross Scope Combinations With Random Common Scope Addition,"service: Fitness, access_type: read, google_classification: sensitive; service: Fitness, access_type: read, google_classification: sensitive; service: Photos, access_type: full_access, google_classification: sensitive; service: Photos, access_type: read, google_classification: sensitive; service: Contacts, access_type: read, google_classification: sensitive; Online access only",https://www.googleapis.com/auth/fitness.blood_pressure.read; https://www.googleapis.com/auth/fitness.blood_glucose.read; https://www.googleapis.com/auth/photoslibrary; https://www.googleapis.com/auth/photoslibrary.readonly; https://www.googleapis.com/auth/contacts.readonly,4,0,1,5,3,0,2,High
SC-1065,Strategy G: Plausable Cross Scope Combinations With Random Common Scope Addition,"service: Fitness, access_type: read, google_classification: sensitive; service: Sheets, access_type: read, google_classification: sensitive; service: Sheets, access_type: full_access, google_classification: sensitive; service: Identity, access_type: read, google_classification: non_sensitive; Online access only",https://www.googleapis.com/auth/fitness.sleep.read; https://www.googleapis.com/auth/spreadsheets.readonly; https://www.googleapis.com/auth/spreadsheets; email,4,0,0,4,3,0,2,High
SC-1066,Strategy G: Plausable Cross Scope Combinations With Random Common Scope Addition,"service: Fitness, access_type: read, google_classification: sensitive; service: Fitness, access_type: read, google_classification: sensitive; service: Apps Script, access_type: write, google_classification: sensitive; service: Apps Script, access_type: write, google_classification: sensitive; service: Tasks, access_type: full_access, google_classification: sensitive; Online access only",https://www.googleapis.com/auth/fitness.blood_pressure.read; https://www.googleapis.com/auth/fitness.body.read; https://www.googleapis.com/auth/script.deployments; https://www.googleapis.com/auth/script.projects; https://www.googleapis.com/auth/tasks,4,0,0,5,3,0,2,High
SC-1067,Strategy G: Plausable Cross Scope Combinations With Random Common Scope Addition,"service: Fitness, access_type: read, google_classification: sensitive; service: Forms, access_type: read, google_classification: sensitive; service: Sheets, access_type: full_access, google_classification: sensitive; Online access only",https://www.googleapis.com/auth/fitness.body.read; https://www.googleapis.com/auth/forms.body.readonly; https://www.googleapis.com/auth/spreadsheets,4,0,0,3,3,0,2,High
SC-1068,Strategy G: Plausable Cross Scope Combinations With Random Common Scope Addition,"service: Fitness, access_type: read, google_classification: sensitive; service: Identity, access_type: read, google_classification: non_sensitive; service: Chat, access_type: full_access, google_classification: sensitive; Offline refresh token",https://www.googleapis.com/auth/fitness.blood_glucose.read; https://www.googleapis.com/auth/userinfo.profile; https://www.googleapis.com/auth/chat.messages,4,1,0,3,3,0,2,High
SC-1069,Strategy G: Plausable Cross Scope Combinations With Random Common Scope Addition,"service: Drive, access_type: read_write, google_classification: non_sensitive; service: Photos, access_type: read, google_classification: non_sensitive; service: Photos, access_type: write, google_classification: sensitive; service: Identity, access_type: read, google_classification: non_sensitive; Online access only",https://www.googleapis.com/auth/drive.appdata; https://www.googleapis.com/auth/photoslibrary.readonly.appcreateddata; https://www.googleapis.com/auth/photoslibrary.appendonly; profile,4,0,0,4,3,0,1,High
SC-1070,Strategy G: Plausable Cross Scope Combinations With Random Common Scope Addition,"service: Drive, access_type: full_access, google_classification: restricted; service: Drive, access_type: read_write, google_classification: sensitive; service: Docs, access_type: read, google_classification: sensitive; service: Docs, access_type: full_access, google_classification: sensitive; service: Identity, access_type: read, google_classification: non_sensitive; Online access only",https://www.googleapis.com/auth/drive; https://www.googleapis.com/auth/drive.metadata; https://www.googleapis.com/auth/documents.readonly; https://www.googleapis.com/auth/documents; openid,4,0,0,5,3,1,2,High
SC-1071,Strategy G: Plausable Cross Scope Combinations With Random Common Scope Addition,"service: Drive, access_type: full_access, google_classification: restricted; service: Drive, access_type: read, google_classification: sensitive; service: Sheets, access_type: read, google_classification: sensitive; service: Sheets, access_type: full_access, google_classification: sensitive; service: Identity, access_type: read, google_classification: non_sensitive; Offline refresh token",https://www.googleapis.com/auth/drive; https://www.googleapis.com/auth/drive.photos.readonly; https://www.googleapis.com/auth/spreadsheets.readonly; https://www.googleapis.com/auth/spreadsheets; email,4,1,0,5,3,1,2,Critical
SC-1072,Strategy G: Plausable Cross Scope Combinations With Random Common Scope Addition,"service: Drive, access_type: read, google_classification: restricted; service: Drive, access_type: write, google_classification: sensitive; service: Apps Script, access_type: read, google_classification: sensitive; service: Sheets, access_type: full_access, google_classification: sensitive; Online access only",https://www.googleapis.com/auth/drive.readonly; https://www.googleapis.com/auth/drive.scripts; https://www.googleapis.com/auth/script.projects.readonly; https://www.googleapis.com/auth/spreadsheets,4,0,0,4,3,1,2,High
SC-1073,Strategy G: Plausable Cross Scope Combinations With Random Common Scope Addition,"service: Drive, access_type: write, google_classification: sensitive; service: Firebase, access_type: write, google_classification: sensitive; service: Identity, access_type: read, google_classification: non_sensitive; Offline refresh token",https://www.googleapis.com/auth/drive.scripts; https://www.googleapis.com/auth/firebase.messaging; profile,4,1,0,3,3,0,1,High
SC-1074,Strategy G: Plausable Cross Scope Combinations With Random Common Scope Addition,"service: Drive, access_type: read, google_classification: sensitive; service: Drive, access_type: full_access, google_classification: restricted; service: YouTube, access_type: full_access, google_classification: sensitive; service: Drive, access_type: read_write, google_classification: non_sensitive; Online access only",https://www.googleapis.com/auth/drive.activity.readonly; https://www.googleapis.com/auth/drive; https://www.googleapis.com/auth/youtube.force-ssl; https://www.googleapis.com/auth/drive.file,4,0,0,4,2,1,2,High
SC-1075,Strategy G: Plausable Cross Scope Combinations With Random Common Scope Addition,"service: Drive, access_type: full_access, google_classification: restricted; service: Slides, access_type: read, google_classification: sensitive; service: Slides, access_type: full_access, google_classification: sensitive; service: Identity, access_type: read, google_classification: non_sensitive; Online access only",https://www.googleapis.com/auth/drive; https://www.googleapis.com/auth/presentations.readonly; https://www.googleapis.com/auth/presentations; email,4,0,0,4,3,1,2,High
SC-1076,Strategy G: Plausable Cross Scope Combinations With Random Common Scope Addition,"service: Drive, access_type: read, google_classification: restricted; service: Drive, access_type: read, google_classification: sensitive; service: Forms, access_type: read, google_classification: sensitive; service: Forms, access_type: read_write, google_classification: sensitive; service: Identity, access_type: read, google_classification: non_sensitive; Offline refresh token",https://www.googleapis.com/auth/drive.readonly; https://www.googleapis.com/auth/drive.metadata.readonly; https://www.googleapis.com/auth/forms.body.readonly; https://www.googleapis.com/auth/forms; email,4,1,0,5,3,1,1,High
SC-1077,Strategy G: Plausable Cross Scope Combinations With Random Common Scope Addition,"service: Drive, access_type: read, google_classification: sensitive; service: Classroom, access_type: full_access, google_classification: sensitive; service: Gmail, access_type: write, google_classification: restricted; Offline refresh token",https://www.googleapis.com/auth/drive.photos.readonly; https://www.googleapis.com/auth/classroom.courses; https://www.googleapis.com/auth/gmail.send,5,1,0,3,3,1,2,Critical
SC-1078,Strategy G: Plausable Cross Scope Combinations With Random Common Scope Addition,"service: Drive, access_type: read_write, google_classification: sensitive; service: Cloud, access_type: full_access, google_classification: sensitive; service: Calendar, access_type: read, google_classification: sensitive; Offline refresh token",https://www.googleapis.com/auth/drive.metadata; https://www.googleapis.com/auth/cloud-platform; https://www.googleapis.com/auth/calendar.events.readonly,4,1,1,3,3,0,3,Critical
SC-1079,Strategy G: Plausable Cross Scope Combinations With Random Common Scope Addition,"service: Drive, access_type: read_write, google_classification: non_sensitive; service: Drive, access_type: read, google_classification: sensitive; service: BigQuery, access_type: write, google_classification: sensitive; service: Tasks, access_type: full_access, google_classification: sensitive; Online access only",https://www.googleapis.com/auth/drive.appdata; https://www.googleapis.com/auth/drive.activity.readonly; https://www.googleapis.com/auth/bigquery.insertdata; https://www.googleapis.com/auth/tasks,4,0,0,4,3,0,2,High
SC-1080,Strategy G: Plausable Cross Scope Combinations With Random Common Scope Addition,"service: Drive, access_type: read, google_classification: sensitive; service: Compute, access_type: full_access, google_classification: sensitive; service: Tasks, access_type: full_access, google_classification: sensitive; Offline refresh token",https://www.googleapis.com/auth/drive.activity.readonly; https://www.googleapis.com/auth/compute; https://www.googleapis.com/auth/tasks,4,1,0,3,3,0,2,High
SC-1081,Strategy G: Plausable Cross Scope Combinations With Random Common Scope Addition,"service: Drive, access_type: read, google_classification: sensitive; service: Blogger, access_type: read, google_classification: sensitive; service: Blogger, access_type: full_access, google_classification: sensitive; service: Contacts, access_type: read, google_classification: sensitive; Offline refresh token",https://www.googleapis.com/auth/drive.metadata.readonly; https://www.googleapis.com/auth/blogger.readonly; https://www.googleapis.com/auth/blogger; https://www.googleapis.com/auth/contacts.readonly,4,1,1,4,3,0,2,Critical
SC-1082,Strategy G: Plausable Cross Scope Combinations With Random Common Scope Addition,"service: Drive, access_type: read, google_classification: sensitive; service: Analytics, access_type: full_access, google_classification: sensitive; service: Sheets, access_type: full_access, google_classification: sensitive; Online access only",https://www.googleapis.com/auth/drive.metadata.readonly; https://www.googleapis.com/auth/analytics; https://www.googleapis.com/auth/spreadsheets,4,0,0,3,3,0,2,High
SC-1083,Strategy G: Plausable Cross Scope Combinations With Random Common Scope Addition,"service: Drive, access_type: read_write, google_classification: non_sensitive; service: Drive, access_type: read_write, google_classification: sensitive; service: Cloud Storage, access_type: full_access, google_classification: sensitive; service: Cloud Storage, access_type: read, google_classification: non_sensitive; service: Identity, access_type: read, google_classification: non_sensitive; Offline refresh token",https://www.googleapis.com/auth/drive.appdata; https://www.googleapis.com/auth/drive.activity; https://www.googleapis.com/auth/devstorage.full_control; https://www.googleapis.com/auth/devstorage.read_only; email,4,1,0,5,3,0,2,High
SC-1084,Strategy G: Plausable Cross Scope Combinations With Random Common Scope Addition,"service: Drive, access_type: read, google_classification: sensitive; service: Drive, access_type: write, google_classification: sensitive; service: Identity, access_type: read, google_classification: non_sensitive; service: Drive, access_type: read_write, google_classification: non_sensitive; Online access only",https://www.googleapis.com/auth/drive.photos.readonly; https://www.googleapis.com/auth/drive.scripts; profile; https://www.googleapis.com/auth/drive.file,4,0,0,4,2,0,1,Medium
SC-1085,Strategy G: Plausable Cross Scope Combinations With Random Common Scope Addition,"service: Photos, access_type: read, google_classification: non_sensitive; service: Photos, access_type: write, google_classification: sensitive; service: Docs, access_type: full_access, google_classification: sensitive; service: Docs, access_type: read, google_classification: sensitive; service: Identity, access_type: read, google_classification: non_sensitive; Offline refresh token",https://www.googleapis.com/auth/photoslibrary.readonly.appcreateddata; https://www.googleapis.com/auth/photoslibrary.appendonly; https://www.googleapis.com/auth/documents; https://www.googleapis.com/auth/documents.readonly; email,4,1,0,5,3,0,2,High
SC-1086,Strategy G: Plausable Cross Scope Combinations With Random Common Scope Addition,"service: Photos, access_type: read, google_classification: non_sensitive; service: Photos, access_type: write, google_classification: sensitive; service: Apps Script, access_type: read, google_classification: sensitive; service: Sheets, access_type: full_access, google_classification: sensitive; Offline refresh token",https://www.googleapis.com/auth/photoslibrary.readonly.appcreateddata; https://www.googleapis.com/auth/photoslibrary.appendonly; https://www.googleapis.com/auth/script.projects.readonly; https://www.googleapis.com/auth/spreadsheets,4,1,0,4,3,0,2,High
SC-1087,Strategy G: Plausable Cross Scope Combinations With Random Common Scope Addition,"service: Photos, access_type: read, google_classification: sensitive; service: Photos, access_type: write, google_classification: sensitive; service: Firebase, access_type: read, google_classification: sensitive; service: Firebase, access_type: write, google_classification: sensitive; service: Tasks, access_type: full_access, google_classification: sensitive; Offline refresh token",https://www.googleapis.com/auth/photoslibrary.readonly; https://www.googleapis.com/auth/photoslibrary.appendonly; https://www.googleapis.com/auth/firebase.readonly; https://www.googleapis.com/auth/firebase.messaging; https://www.googleapis.com/auth/tasks,4,1,0,5,3,0,2,High
SC-1088,Strategy G: Plausable Cross Scope Combinations With Random Common Scope Addition,"service: Photos, access_type: full_access, google_classification: sensitive; service: YouTube, access_type: full_access, google_classification: sensitive; service: Identity, access_type: read, google_classification: non_sensitive; Offline refresh token",https://www.googleapis.com/auth/photoslibrary; https://www.googleapis.com/auth/youtube.force-ssl; email,4,1,0,3,3,0,2,High
SC-1089,Strategy G: Plausable Cross Scope Combinations With Random Common Scope Addition,"service: Photos, access_type: read, google_classification: non_sensitive; service: Photos, access_type: full_access, google_classification: sensitive; service: Slides, access_type: read, google_classification: sensitive; service: Calendar, access_type: read, google_classification: sensitive; Online access only",https://www.googleapis.com/auth/photoslibrary.readonly.appcreateddata; https://www.googleapis.com/auth/photoslibrary; https://www.googleapis.com/auth/presentations.readonly; https://www.googleapis.com/auth/calendar.events.readonly,4,0,0,4,3,0,2,High
SC-1090,Strategy G: Plausable Cross Scope Combinations With Random Common Scope Addition,"service: Photos, access_type: write, google_classification: sensitive; service: Tasks, access_type: read, google_classification: sensitive; service: Tasks, access_type: full_access, google_classification: sensitive; service: Contacts, access_type: read, google_classification: sensitive; Offline refresh token",https://www.googleapis.com/auth/photoslibrary.appendonly; https://www.googleapis.com/auth/tasks.readonly; https://www.googleapis.com/auth/tasks; https://www.googleapis.com/auth/contacts.readonly,4,1,1,4,3,0,2,Critical
SC-1091,Strategy G: Plausable Cross Scope Combinations With Random Common Scope Addition,"service: Photos, access_type: full_access, google_classification: sensitive; service: Photos, access_type: read, google_classification: sensitive; service: Blogger, access_type: full_access, google_classification: sensitive; service: Identity, access_type: read, google_classification: non_sensitive; Online access only",https://www.googleapis.com/auth/photoslibrary; https://www.googleapis.com/auth/photoslibrary.readonly; https://www.googleapis.com/auth/blogger; email,4,0,0,4,3,0,2,High
SC-1092,Strategy G: Plausable Cross Scope Combinations With Random Common Scope Addition,"service: Photos, access_type: full_access, google_classification: sensitive; service: Photos, access_type: read, google_classification: sensitive; service: Identity, access_type: read, google_classification: non_sensitive; service: Identity, access_type: read, google_classification: non_sensitive; service: Drive, access_type: read_write, google_classification: non_sensitive; Online access only",https://www.googleapis.com/auth/photoslibrary; https://www.googleapis.com/auth/photoslibrary.readonly; https://www.googleapis.com/auth/userinfo.profile; openid; https://www.googleapis.com/auth/drive.file,4,0,0,5,3,0,2,High
SC-1093,Strategy G: Plausable Cross Scope Combinations With Random Common Scope Addition,"service: Docs, access_type: full_access, google_classification: sensitive; service: Sheets, access_type: full_access, google_classification: sensitive; service: Sheets, access_type: read, google_classification: sensitive; service: Drive, access_type: read_write, google_classification: non_sensitive; Online access only",https://www.googleapis.com/auth/documents; https://www.googleapis.com/auth/spreadsheets; https://www.googleapis.com/auth/spreadsheets.readonly; https://www.googleapis.com/auth/drive.file,4,0,0,4,3,0,2,High
SC-1094,Strategy G: Plausable Cross Scope Combinations With Random Common Scope Addition,"service: Docs, access_type: full_access, google_classification: sensitive; service: Apps Script, access_type: read, google_classification: sensitive; service: Apps Script, access_type: write, google_classification: sensitive; service: Gmail, access_type: write, google_classification: restricted; Online access only",https://www.googleapis.com/auth/documents; https://www.googleapis.com/auth/script.projects.readonly; https://www.googleapis.com/auth/script.projects; https://www.googleapis.com/auth/gmail.send,5,0,0,4,3,1,2,Critical
SC-1095,Strategy G: Plausable Cross Scope Combinations With Random Common Scope Addition,"service: Docs, access_type: full_access, google_classification: sensitive; service: Docs, access_type: read, google_classification: sensitive; service: YouTube, access_type: full_access, google_classification: sensitive; service: YouTube, access_type: full_access, google_classification: sensitive; service: Gmail, access_type: write, google_classification: restricted; Offline refresh token",https://www.googleapis.com/auth/documents; https://www.googleapis.com/auth/documents.readonly; https://www.googleapis.com/auth/youtube; https://www.googleapis.com/auth/youtubepartner; https://www.googleapis.com/auth/gmail.send,5,1,0,5,3,1,2,Critical
SC-1096,Strategy G: Plausable Cross Scope Combinations With Random Common Scope Addition,"service: Docs, access_type: read, google_classification: sensitive; service: Slides, access_type: full_access, google_classification: sensitive; service: Contacts, access_type: read, google_classification: sensitive; Online access only",https://www.googleapis.com/auth/documents.readonly; https://www.googleapis.com/auth/presentations; https://www.googleapis.com/auth/contacts.readonly,4,0,1,3,3,0,2,High
SC-1097,Strategy G: Plausable Cross Scope Combinations With Random Common Scope Addition,"service: Docs, access_type: read, google_classification: sensitive; service: Forms, access_type: read, google_classification: sensitive; service: Forms, access_type: read, google_classification: sensitive; service: Identity, access_type: read, google_classification: non_sensitive; Online access only",https://www.googleapis.com/auth/documents.readonly; https://www.googleapis.com/auth/forms.responses.readonly; https://www.googleapis.com/auth/forms.body.readonly; openid,4,0,0,4,3,0,0,Medium
SC-1098,Strategy G: Plausable Cross Scope Combinations With Random Common Scope Addition,"service: Docs, access_type: full_access, google_classification: sensitive; service: Docs, access_type: read, google_classification: sensitive; service: Classroom, access_type: read, google_classification: sensitive; service: Calendar, access_type: read, google_classification: sensitive; Offline refresh token",https://www.googleapis.com/auth/documents; https://www.googleapis.com/auth/documents.readonly; https://www.googleapis.com/auth/classroom.courses.readonly; https://www.googleapis.com/auth/calendar.events.readonly,4,1,0,4,3,0,2,High
SC-1099,Strategy G: Plausable Cross Scope Combinations With Random Common Scope Addition,"service: Docs, access_type: full_access, google_classification: sensitive; service: Calendar, access_type: read, google_classification: sensitive; service: Identity, access_type: read, google_classification: non_sensitive; Online access only",https://www.googleapis.com/auth/documents; https://www.googleapis.com/auth/calendar.events.readonly; email,4,0,0,3,3,0,2,High
SC-1100,Strategy G: Plausable Cross Scope Combinations With Random Common Scope Addition,"service: Docs, access_type: full_access, google_classification: sensitive; service: Docs, access_type: read, google_classification: sensitive; service: Tasks, access_type: read, google_classification: sensitive; service: Tasks, access_type: full_access, google_classification: sensitive; service: Calendar, access_type: read, google_classification: sensitive; Online access only",https://www.googleapis.com/auth/documents; https://www.googleapis.com/auth/documents.readonly; https://www.googleapis.com/auth/tasks.readonly; https://www.googleapis.com/auth/tasks; https://www.googleapis.com/auth/calendar.events.readonly,4,0,0,5,3,0,2,High
SC-1101,Strategy G: Plausable Cross Scope Combinations With Random Common Scope Addition,"service: Docs, access_type: read, google_classification: sensitive; service: Cloud, access_type: full_access, google_classification: sensitive; service: Drive, access_type: read_write, google_classification: non_sensitive; Online access only",https://www.googleapis.com/auth/documents.readonly; https://www.googleapis.com/auth/cloud-platform; https://www.googleapis.com/auth/drive.file,4,0,1,3,3,0,3,High
SC-1102,Strategy G: Plausable Cross Scope Combinations With Random Common Scope Addition,"service: Docs, access_type: full_access, google_classification: sensitive; service: BigQuery, access_type: full_access, google_classification: sensitive; service: Tasks, access_type: full_access, google_classification: sensitive; Online access only",https://www.googleapis.com/auth/documents; https://www.googleapis.com/auth/bigquery; https://www.googleapis.com/auth/tasks,4,0,0,3,3,0,2,High
SC-1103,Strategy G: Plausable Cross Scope Combinations With Random Common Scope Addition,"service: Docs, access_type: full_access, google_classification: sensitive; service: Docs, access_type: read, google_classification: sensitive; service: AdSense, access_type: read, google_classification: non_sensitive; service: AdSense, access_type: full_access, google_classification: sensitive; service: Identity, access_type: read, google_classification: non_sensitive; Offline refresh token",https://www.googleapis.com/auth/documents; https://www.googleapis.com/auth/documents.readonly; https://www.googleapis.com/auth/adsense.readonly; https://www.googleapis.com/auth/adsense; openid,4,1,0,5,3,0,2,High
SC-1104,Strategy G: Plausable Cross Scope Combinations With Random Common Scope Addition,"service: Docs, access_type: read, google_classification: sensitive; service: Docs, access_type: full_access, google_classification: sensitive; service: Identity, access_type: read, google_classification: non_sensitive; service: Identity, access_type: read, google_classification: non_sensitive; Offline refresh token",https://www.googleapis.com/auth/documents.readonly; https://www.googleapis.com/auth/documents; https://www.googleapis.com/auth/userinfo.profile; openid,4,1,0,4,2,0,2,High
SC-1105,Strategy G: Plausable Cross Scope Combinations With Random Common Scope Addition,"service: Sheets, access_type: full_access, google_classification: sensitive; service: Sheets, access_type: read, google_classification: sensitive; service: Apps Script, access_type: read, google_classification: sensitive; service: Apps Script, access_type: write, google_classification: sensitive; service: Identity, access_type: read, google_classification: non_sensitive; Online access only",https://www.googleapis.com/auth/spreadsheets; https://www.googleapis.com/auth/spreadsheets.readonly; https://www.googleapis.com/auth/script.projects.readonly; https://www.googleapis.com/auth/script.projects; openid,4,0,0,5,3,0,2,High
SC-1106,Strategy G: Plausable Cross Scope Combinations With Random Common Scope Addition,"service: Sheets, access_type: full_access, google_classification: sensitive; service: Sheets, access_type: read, google_classification: sensitive; service: Firebase, access_type: read, google_classification: sensitive; service: Firebase, access_type: write, google_classification: sensitive; service: Contacts, access_type: read, google_classification: sensitive; Offline refresh token",https://www.googleapis.com/auth/spreadsheets; https://www.googleapis.com/auth/spreadsheets.readonly; https://www.googleapis.com/auth/firebase.readonly; https://www.googleapis.com/auth/firebase.messaging; https://www.googleapis.com/auth/contacts.readonly,4,1,1,5,3,0,2,Critical
SC-1107,Strategy G: Plausable Cross Scope Combinations With Random Common Scope Addition,"service: Sheets, access_type: read, google_classification: sensitive; service: Sheets, access_type: full_access, google_classification: sensitive; service: YouTube, access_type: full_access, google_classification: sensitive; service: YouTube, access_type: write, google_classification: sensitive; service: Tasks, access_type: full_access, google_classification: sensitive; Online access only",https://www.googleapis.com/auth/spreadsheets.readonly; https://www.googleapis.com/auth/spreadsheets; https://www.googleapis.com/auth/youtube; https://www.googleapis.com/auth/youtube.upload; https://www.googleapis.com/auth/tasks,4,0,0,5,3,0,2,High
SC-1108,Strategy G: Plausable Cross Scope Combinations With Random Common Scope Addition,"service: Sheets, access_type: read, google_classification: sensitive; service: Slides, access_type: read, google_classification: sensitive; service: Chat, access_type: full_access, google_classification: sensitive; Offline refresh token",https://www.googleapis.com/auth/spreadsheets.readonly; https://www.googleapis.com/auth/presentations.readonly; https://www.googleapis.com/auth/chat.messages,4,1,0,3,3,0,2,High
SC-1109,Strategy G: Plausable Cross Scope Combinations With Random Common Scope Addition,"service: Sheets, access_type: read, google_classification: sensitive; service: Forms, access_type: read, google_classification: sensitive; service: Forms, access_type: read_write, google_classification: sensitive; service: Calendar, access_type: read, google_classification: sensitive; Online access only",https://www.googleapis.com/auth/spreadsheets.readonly; https://www.googleapis.com/auth/forms.responses.readonly; https://www.googleapis.com/auth/forms; https://www.googleapis.com/auth/calendar.events.readonly,4,0,0,4,3,0,1,High
SC-1110,Strategy G: Plausable Cross Scope Combinations With Random Common Scope Addition,"service: Sheets, access_type: read, google_classification: sensitive; service: Classroom, access_type: read, google_classification: sensitive; service: Classroom, access_type: full_access, google_classification: sensitive; service: Gmail, access_type: write, google_classification: restricted; Offline refresh token",https://www.googleapis.com/auth/spreadsheets.readonly; https://www.googleapis.com/auth/classroom.profile.emails; https://www.googleapis.com/auth/classroom.courses; https://www.googleapis.com/auth/gmail.send,5,1,1,4,3,1,2,Critical
SC-1111,Strategy G: Plausable Cross Scope Combinations With Random Common Scope Addition,"service: Sheets, access_type: read, google_classification: sensitive; service: Calendar, access_type: read, google_classification: sensitive; service: Contacts, access_type: read, google_classification: sensitive; Offline refresh token",https://www.googleapis.com/auth/spreadsheets.readonly; https://www.googleapis.com/auth/calendar.events.readonly; https://www.googleapis.com/auth/contacts.readonly,4,1,1,3,3,0,0,High
SC-1112,Strategy G: Plausable Cross Scope Combinations With Random Common Scope Addition,"service: Sheets, access_type: read, google_classification: sensitive; service: Tasks, access_type: full_access, google_classification: sensitive; service: Identity, access_type: read, google_classification: non_sensitive; Online access only",https://www.googleapis.com/auth/spreadsheets.readonly; https://www.googleapis.com/auth/tasks; email,4,0,0,3,3,0,2,High
SC-1113,Strategy G: Plausable Cross Scope Combinations With Random Common Scope Addition,"service: Sheets, access_type: read, google_classification: sensitive; service: Sheets, access_type: full_access, google_classification: sensitive; service: Cloud, access_type: full_access, google_classification: sensitive; service: Cloud, access_type: read, google_classification: sensitive; service: Calendar, access_type: read, google_classification: sensitive; Offline refresh token",https://www.googleapis.com/auth/spreadsheets.readonly; https://www.googleapis.com/auth/spreadsheets; https://www.googleapis.com/auth/cloud-platform; https://www.googleapis.com/auth/cloud-platform.read-only; https://www.googleapis.com/auth/calendar.events.readonly,4,1,1,5,3,0,3,Critical
SC-1114,Strategy G: Plausable Cross Scope Combinations With Random Common Scope Addition,"service: Sheets, access_type: read, google_classification: sensitive; service: BigQuery, access_type: write, google_classification: sensitive; service: BigQuery, access_type: full_access, google_classification: sensitive; service: Tasks, access_type: full_access, google_classification: sensitive; Online access only",https://www.googleapis.com/auth/spreadsheets.readonly; https://www.googleapis.com/auth/bigquery.insertdata; https://www.googleapis.com/auth/bigquery; https://www.googleapis.com/auth/tasks,4,0,0,4,3,0,2,High
SC-1115,Strategy G: Plausable Cross Scope Combinations With Random Common Scope Addition,"service: Sheets, access_type: full_access, google_classification: sensitive; service: Sheets, access_type: read, google_classification: sensitive; service: Compute, access_type: read, google_classification: sensitive; service: Compute, access_type: full_access, google_classification: sensitive; service: Calendar, access_type: read, google_classification: sensitive; Online access only",https://www.googleapis.com/auth/spreadsheets; https://www.googleapis.com/auth/spreadsheets.readonly; https://www.googleapis.com/auth/compute.readonly; https://www.googleapis.com/auth/compute; https://www.googleapis.com/auth/calendar.events.readonly,4,0,0,5,3,0,2,High
SC-1116,Strategy G: Plausable Cross Scope Combinations With Random Common Scope Addition,"service: Sheets, access_type: read, google_classification: sensitive; service: AdSense, access_type: read, google_classification: non_sensitive; service: Identity, access_type: read, google_classification: non_sensitive; Online access only",https://www.googleapis.com/auth/spreadsheets.readonly; https://www.googleapis.com/auth/adsense.readonly; email,4,0,0,3,3,0,0,Medium
SC-1117,Strategy G: Plausable Cross Scope Combinations With Random Common Scope Addition,"service: Sheets, access_type: full_access, google_classification: sensitive; service: Sheets, access_type: read, google_classification: sensitive; service: Analytics, access_type: read, google_classification: non_sensitive; service: Identity, access_type: read, google_classification: non_sensitive; Online access only",https://www.googleapis.com/auth/spreadsheets; https://www.googleapis.com/auth/spreadsheets.readonly; https://www.googleapis.com/auth/analytics.readonly; profile,4,0,0,4,3,0,2,High
SC-1118,Strategy G: Plausable Cross Scope Combinations With Random Common Scope Addition,"service: Sheets, access_type: read, google_classification: sensitive; service: Cloud Storage, access_type: read_write, google_classification: sensitive; service: Identity, access_type: read, google_classification: non_sensitive; Offline refresh token",https://www.googleapis.com/auth/spreadsheets.readonly; https://www.googleapis.com/auth/devstorage.read_write; email,4,1,0,3,3,0,1,High
SC-1119,Strategy J: Bool Switching of Medium Risk Combinations,"service: Sheets, access_type: read, google_classification: sensitive; service: Identity, access_type: read, google_classification: non_sensitive; service: Identity, access_type: read, google_classification: non_sensitive; Offline refresh token",https://www.googleapis.com/auth/spreadsheets.readonly; https://www.googleapis.com/auth/userinfo.email; email,4,1,0,3,2,0,0,Medium
SC-1120,Strategy G: Plausable Cross Scope Combinations With Random Common Scope Addition,"service: Groups, access_type: full_access, google_classification: sensitive; service: Apps Script, access_type: write, google_classification: sensitive; service: Apps Script, access_type: write, google_classification: sensitive; service: Sheets, access_type: full_access, google_classification: sensitive; Online access only",https://www.googleapis.com/auth/groups; https://www.googleapis.com/auth/script.deployments; https://www.googleapis.com/auth/script.projects; https://www.googleapis.com/auth/spreadsheets,4,0,0,4,3,0,2,High
SC-1121,Strategy G: Plausable Cross Scope Combinations With Random Common Scope Addition,"service: Apps Script, access_type: write, google_classification: sensitive; service: Apps Script, access_type: read, google_classification: sensitive; service: Firebase, access_type: write, google_classification: sensitive; service: Contacts, access_type: read, google_classification: sensitive; Offline refresh token",https://www.googleapis.com/auth/script.deployments; https://www.googleapis.com/auth/script.projects.readonly; https://www.googleapis.com/auth/firebase.messaging; https://www.googleapis.com/auth/contacts.readonly,4,1,1,4,3,0,1,High
SC-1122,Strategy G: Plausable Cross Scope Combinations With Random Common Scope Addition,"service: Apps Script, access_type: write, google_classification: sensitive; service: Apps Script, access_type: write, google_classification: sensitive; service: YouTube, access_type: full_access, google_classification: sensitive; service: Contacts, access_type: read, google_classification: sensitive; Offline refresh token",https://www.googleapis.com/auth/script.projects; https://www.googleapis.com/auth/script.deployments; https://www.googleapis.com/auth/youtube.force-ssl; https://www.googleapis.com/auth/contacts.readonly,4,1,1,4,3,0,2,Critical
SC-1123,Strategy G: Plausable Cross Scope Combinations With Random Common Scope Addition,"service: Apps Script, access_type: write, google_classification: sensitive; service: Apps Script, access_type: write, google_classification: sensitive; service: Classroom, access_type: full_access, google_classification: sensitive; service: Classroom, access_type: read_write, google_classification: sensitive; service: Gmail, access_type: write, google_classification: restricted; Online access only",https://www.googleapis.com/auth/script.projects; https://www.googleapis.com/auth/script.deployments; https://www.googleapis.com/auth/classroom.courses; https://www.googleapis.com/auth/classroom.rosters; https://www.googleapis.com/auth/gmail.send,5,0,1,5,3,1,2,Critical
SC-1124,Strategy G: Plausable Cross Scope Combinations With Random Common Scope Addition,"service: Apps Script, access_type: read, google_classification: sensitive; service: Apps Script, access_type: write, google_classification: sensitive; service: Calendar, access_type: read, google_classification: sensitive; service: Chat, access_type: full_access, google_classification: sensitive; Offline refresh token",https://www.googleapis.com/auth/script.projects.readonly; https://www.googleapis.com/auth/script.projects; https://www.googleapis.com/auth/calendar.settings.readonly; https://www.googleapis.com/auth/chat.messages,4,1,0,4,3,0,2,High
SC-1125,Strategy G: Plausable Cross Scope Combinations With Random Common Scope Addition,"service: Apps Script, access_type: write, google_classification: sensitive; service: Tasks, access_type: read, google_classification: sensitive; service: Identity, access_type: read, google_classification: non_sensitive; Offline refresh token",https://www.googleapis.com/auth/script.projects; https://www.googleapis.com/auth/tasks.readonly; openid,3,1,0,3,3,0,1,High
SC-1126,Strategy G: Plausable Cross Scope Combinations With Random Common Scope Addition,"service: Apps Script, access_type: write, google_classification: sensitive; service: Apps Script, access_type: write, google_classification: sensitive; service: Cloud, access_type: read, google_classification: sensitive; service: Tasks, access_type: full_access, google_classification: sensitive; Online access only",https://www.googleapis.com/auth/script.deployments; https://www.googleapis.com/auth/script.projects; https://www.googleapis.com/auth/cloud-platform.read-only; https://www.googleapis.com/auth/tasks,3,0,0,4,3,0,2,High
SC-1127,Strategy G: Plausable Cross Scope Combinations With Random Common Scope Addition,"service: Apps Script, access_type: write, google_classification: sensitive; service: Apps Script, access_type: write, google_classification: sensitive; service: BigQuery, access_type: write, google_classification: sensitive; service: BigQuery, access_type: full_access, google_classification: sensitive; service: Contacts, access_type: read, google_classification: sensitive; Online access only",https://www.googleapis.com/auth/script.deployments; https://www.googleapis.com/auth/script.projects; https://www.googleapis.com/auth/bigquery.insertdata; https://www.googleapis.com/auth/bigquery; https://www.googleapis.com/auth/contacts.readonly,4,0,1,5,3,0,2,High
SC-1128,Strategy G: Plausable Cross Scope Combinations With Random Common Scope Addition,"service: Apps Script, access_type: write, google_classification: sensitive; service: Apps Script, access_type: read, google_classification: sensitive; service: Compute, access_type: read, google_classification: sensitive; service: Compute, access_type: full_access, google_classification: sensitive; service: Chat, access_type: full_access, google_classification: sensitive; Online access only",https://www.googleapis.com/auth/script.deployments; https://www.googleapis.com/auth/script.projects.readonly; https://www.googleapis.com/auth/compute.readonly; https://www.googleapis.com/auth/compute; https://www.googleapis.com/auth/chat.messages,4,0,0,5,3,0,2,High
SC-1129,Strategy G: Plausable Cross Scope Combinations With Random Common Scope Addition,"service: Apps Script, access_type: write, google_classification: sensitive; service: Blogger, access_type: read, google_classification: sensitive; service: Blogger, access_type: full_access, google_classification: sensitive; service: Chat, access_type: full_access, google_classification: sensitive; Online access only",https://www.googleapis.com/auth/script.projects; https://www.googleapis.com/auth/blogger.readonly; https://www.googleapis.com/auth/blogger; https://www.googleapis.com/auth/chat.messages,4,0,0,4,3,0,2,High
SC-1130,Strategy G: Plausable Cross Scope Combinations With Random Common Scope Addition,"service: Apps Script, access_type: write, google_classification: sensitive; service: AdSense, access_type: read, google_classification: non_sensitive; service: Tasks, access_type: full_access, google_classification: sensitive; Offline refresh token",https://www.googleapis.com/auth/script.deployments; https://www.googleapis.com/auth/adsense.readonly; https://www.googleapis.com/auth/tasks,3,1,0,3,3,0,2,High
SC-1131,Strategy G: Plausable Cross Scope Combinations With Random Common Scope Addition,"service: Apps Script, access_type: write, google_classification: sensitive; service: Apps Script, access_type: write, google_classification: sensitive; service: Analytics, access_type: write, google_classification: sensitive; service: Drive, access_type: read_write, google_classification: non_sensitive; Offline refresh token",https://www.googleapis.com/auth/script.projects; https://www.googleapis.com/auth/script.deployments; https://www.googleapis.com/auth/analytics.edit; https://www.googleapis.com/auth/drive.file,4,1,0,4,3,0,1,High
SC-1132,Strategy G: Plausable Cross Scope Combinations With Random Common Scope Addition,"service: Apps Script, access_type: read, google_classification: sensitive; service: Cloud Storage, access_type: full_access, google_classification: sensitive; service: Cloud Storage, access_type: read_write, google_classification: sensitive; service: Sheets, access_type: full_access, google_classification: sensitive; Offline refresh token",https://www.googleapis.com/auth/script.projects.readonly; https://www.googleapis.com/auth/devstorage.full_control; https://www.googleapis.com/auth/devstorage.read_write; https://www.googleapis.com/auth/spreadsheets,4,1,0,4,3,0,2,High
SC-1133,Strategy G: Plausable Cross Scope Combinations With Random Common Scope Addition,"service: Firebase, access_type: read, google_classification: sensitive; service: YouTube, access_type: full_access, google_classification: sensitive; service: YouTube, access_type: read, google_classification: sensitive; service: Calendar, access_type: read, google_classification: sensitive; Offline refresh token",https://www.googleapis.com/auth/firebase.readonly; https://www.googleapis.com/auth/youtube.force-ssl; https://www.googleapis.com/auth/youtube.readonly; https://www.googleapis.com/auth/calendar.events.readonly,3,1,0,4,3,0,2,High
SC-1134,Strategy G: Plausable Cross Scope Combinations With Random Common Scope Addition,"service: Firebase, access_type: write, google_classification: sensitive; service: Firebase, access_type: read, google_classification: sensitive; service: Forms, access_type: read, google_classification: sensitive; service: Identity, access_type: read, google_classification: non_sensitive; Online access only",https://www.googleapis.com/auth/firebase.messaging; https://www.googleapis.com/auth/firebase.readonly; https://www.googleapis.com/auth/forms.body.readonly; email,3,0,0,4,3,0,1,Medium
SC-1135,Strategy G: Plausable Cross Scope Combinations With Random Common Scope Addition,"service: Firebase, access_type: full_access, google_classification: sensitive; service: Firebase, access_type: read, google_classification: sensitive; service: Cloud, access_type: full_access, google_classification: sensitive; service: Calendar, access_type: read, google_classification: sensitive; Online access only",https://www.googleapis.com/auth/firebase; https://www.googleapis.com/auth/firebase.readonly; https://www.googleapis.com/auth/cloud-platform; https://www.googleapis.com/auth/calendar.events.readonly,3,0,1,4,3,0,3,High
SC-1136,Strategy G: Plausable Cross Scope Combinations With Random Common Scope Addition,"service: Firebase, access_type: full_access, google_classification: sensitive; service: Firebase, access_type: read, google_classification: sensitive; service: BigQuery, access_type: write, google_classification: sensitive; service: Identity, access_type: read, google_classification: non_sensitive; Offline refresh token",https://www.googleapis.com/auth/firebase; https://www.googleapis.com/auth/firebase.readonly; https://www.googleapis.com/auth/bigquery.insertdata; profile,3,1,0,4,3,0,2,High
SC-1137,Strategy G: Plausable Cross Scope Combinations With Random Common Scope Addition,"service: Firebase, access_type: read, google_classification: sensitive; service: Firebase, access_type: write, google_classification: sensitive; service: Compute, access_type: read, google_classification: sensitive; service: Compute, access_type: full_access, google_classification: sensitive; service: Calendar, access_type: read, google_classification: sensitive; Online access only",https://www.googleapis.com/auth/firebase.readonly; https://www.googleapis.com/auth/firebase.messaging; https://www.googleapis.com/auth/compute.readonly; https://www.googleapis.com/auth/compute; https://www.googleapis.com/auth/calendar.events.readonly,3,0,0,5,3,0,2,High
SC-1138,Strategy G: Plausable Cross Scope Combinations With Random Common Scope Addition,"service: Firebase, access_type: write, google_classification: sensitive; service: AdSense, access_type: full_access, google_classification: sensitive; service: AdSense, access_type: read, google_classification: non_sensitive; service: Tasks, access_type: full_access, google_classification: sensitive; Online access only",https://www.googleapis.com/auth/firebase.messaging; https://www.googleapis.com/auth/adsense; https://www.googleapis.com/auth/adsense.readonly; https://www.googleapis.com/auth/tasks,3,0,0,4,3,0,2,High
SC-1139,Strategy J: Bool Switching of Medium Risk Combinations,"service: Firebase, access_type: full_access, google_classification: sensitive; service: Analytics, access_type: full_access, google_classification: sensitive; service: Tasks, access_type: full_access, google_classification: sensitive; Offline refresh token",https://www.googleapis.com/auth/firebase; https://www.googleapis.com/auth/analytics; https://www.googleapis.com/auth/tasks,3,1,0,3,3,0,2,High
SC-1140,Strategy G: Plausable Cross Scope Combinations With Random Common Scope Addition,"service: Firebase, access_type: full_access, google_classification: sensitive; service: Cloud Storage, access_type: read_write, google_classification: sensitive; service: Drive, access_type: read_write, google_classification: non_sensitive; Online access only",https://www.googleapis.com/auth/firebase; https://www.googleapis.com/auth/devstorage.read_write; https://www.googleapis.com/auth/drive.file,4,0,0,3,3,0,2,High
SC-1141,Strategy G: Plausable Cross Scope Combinations With Random Common Scope Addition,"service: Firebase, access_type: read, google_classification: sensitive; service: Firebase, access_type: write, google_classification: sensitive; service: Identity, access_type: read, google_classification: non_sensitive; service: Identity, access_type: read, google_classification: non_sensitive; service: Chat, access_type: full_access, google_classification: sensitive; Offline refresh token",https://www.googleapis.com/auth/firebase.readonly; https://www.googleapis.com/auth/firebase.messaging; email; https://www.googleapis.com/auth/userinfo.profile; https://www.googleapis.com/auth/chat.messages,4,1,0,5,3,0,2,High
SC-1142,Strategy G: Plausable Cross Scope Combinations With Random Common Scope Addition,"service: YouTube, access_type: full_access, google_classification: sensitive; service: YouTube, access_type: full_access, google_classification: sensitive; service: Calendar, access_type: read_write, google_classification: sensitive; service: Calendar, access_type: read, google_classification: sensitive; service: Calendar, access_type: read, google_classification: sensitive; Online access only",https://www.googleapis.com/auth/youtubepartner; https://www.googleapis.com/auth/youtube.force-ssl; https://www.googleapis.com/auth/calendar.acls; https://www.googleapis.com/auth/calendar.events.owned.readonly; https://www.googleapis.com/auth/calendar.events.readonly,3,0,0,5,2,0,2,Medium
SC-1143,Strategy J: Bool Switching of Medium Risk Combinations,"service: YouTube, access_type: read, google_classification: sensitive; service: YouTube, access_type: write, google_classification: sensitive; service: Tasks, access_type: read, google_classification: sensitive; service: Identity, access_type: read, google_classification: non_sensitive; Offline refresh token",https://www.googleapis.com/auth/youtube.readonly; https://www.googleapis.com/auth/youtube.upload; https://www.googleapis.com/auth/tasks.readonly; profile,3,1,0,4,3,0,1,High
SC-1144,Strategy G: Plausable Cross Scope Combinations With Random Common Scope Addition,"service: YouTube, access_type: full_access, google_classification: sensitive; service: Cloud, access_type: full_access, google_classification: sensitive; service: Cloud, access_type: read, google_classification: sensitive; service: Contacts, access_type: read, google_classification: sensitive; Offline refresh token",https://www.googleapis.com/auth/youtube.force-ssl; https://www.googleapis.com/auth/cloud-platform; https://www.googleapis.com/auth/cloud-platform.read-only; https://www.googleapis.com/auth/contacts.readonly,4,1,1,4,3,0,3,Critical
SC-1145,Strategy G: Plausable Cross Scope Combinations With Random Common Scope Addition,"service: YouTube, access_type: full_access, google_classification: sensitive; service: AdSense, access_type: full_access, google_classification: sensitive; service: AdSense, access_type: read, google_classification: non_sensitive; service: Drive, access_type: read_write, google_classification: non_sensitive; Offline refresh token",https://www.googleapis.com/auth/youtube; https://www.googleapis.com/auth/adsense; https://www.googleapis.com/auth/adsense.readonly; https://www.googleapis.com/auth/drive.file,4,1,0,4,3,0,2,High
SC-1146,Strategy G: Plausable Cross Scope Combinations With Random Common Scope Addition,"service: YouTube, access_type: read, google_classification: sensitive; service: YouTube, access_type: full_access, google_classification: sensitive; service: Identity, access_type: read, google_classification: non_sensitive; service: Identity, access_type: read, google_classification: non_sensitive; service: Gmail, access_type: write, google_classification: restricted; Offline refresh token",https://www.googleapis.com/auth/youtube.readonly; https://www.googleapis.com/auth/youtubepartner; https://www.googleapis.com/auth/userinfo.profile; https://www.googleapis.com/auth/userinfo.email; https://www.googleapis.com/auth/gmail.send,5,1,0,5,3,1,2,Critical
SC-1147,Strategy G: Plausable Cross Scope Combinations With Random Common Scope Addition,"service: Slides, access_type: read, google_classification: sensitive; service: Classroom, access_type: read_write, google_classification: sensitive; service: Sheets, access_type: full_access, google_classification: sensitive; Offline refresh token",https://www.googleapis.com/auth/presentations.readonly; https://www.googleapis.com/auth/classroom.coursework.students; https://www.googleapis.com/auth/spreadsheets,4,1,0,3,3,0,2,High
SC-1148,Strategy G: Plausable Cross Scope Combinations With Random Common Scope Addition,"service: Forms, access_type: read, google_classification: sensitive; service: Classroom, access_type: read, google_classification: sensitive; service: Chat, access_type: full_access, google_classification: sensitive; Offline refresh token",https://www.googleapis.com/auth/forms.body.readonly; https://www.googleapis.com/auth/classroom.courses.readonly; https://www.googleapis.com/auth/chat.messages,4,1,0,3,3,0,2,High
SC-1149,Strategy G: Plausable Cross Scope Combinations With Random Common Scope Addition,"service: Forms, access_type: read, google_classification: sensitive; service: Cloud, access_type: read, google_classification: sensitive; service: Cloud, access_type: full_access, google_classification: sensitive; service: Identity, access_type: read, google_classification: non_sensitive; Offline refresh token",https://www.googleapis.com/auth/forms.responses.readonly; https://www.googleapis.com/auth/cloud-platform.read-only; https://www.googleapis.com/auth/cloud-platform; email,3,1,1,4,3,0,3,Critical
SC-1150,Strategy G: Plausable Cross Scope Combinations With Random Common Scope Addition,"service: Forms, access_type: read_write, google_classification: sensitive; service: BigQuery, access_type: write, google_classification: sensitive; service: BigQuery, access_type: full_access, google_classification: sensitive; service: Gmail, access_type: write, google_classification: restricted; Online access only",https://www.googleapis.com/auth/forms.currentonly; https://www.googleapis.com/auth/bigquery.insertdata; https://www.googleapis.com/auth/bigquery; https://www.googleapis.com/auth/gmail.send,5,0,0,4,3,1,2,Critical
SC-1151,Strategy G: Plausable Cross Scope Combinations With Random Common Scope Addition,"service: Forms, access_type: read, google_classification: sensitive; service: Forms, access_type: read_write, google_classification: sensitive; service: Identity, access_type: read, google_classification: non_sensitive; service: Identity, access_type: read, google_classification: non_sensitive; service: Contacts, access_type: read, google_classification: sensitive; Online access only",https://www.googleapis.com/auth/forms.responses.readonly; https://www.googleapis.com/auth/forms; profile; https://www.googleapis.com/auth/userinfo.email; https://www.googleapis.com/auth/contacts.readonly,4,0,1,5,3,0,1,High
SC-1152,Strategy G: Plausable Cross Scope Combinations With Random Common Scope Addition,"service: Classroom, access_type: full_access, google_classification: sensitive; service: Calendar, access_type: read_write, google_classification: sensitive; service: Identity, access_type: read, google_classification: non_sensitive; Online access only",https://www.googleapis.com/auth/classroom.courses; https://www.googleapis.com/auth/calendar.events; openid,3,0,0,3,3,0,2,Medium
SC-1153,Strategy G: Plausable Cross Scope Combinations With Random Common Scope Addition,"service: Classroom, access_type: read_write, google_classification: sensitive; service: Classroom, access_type: read_write, google_classification: sensitive; service: Tasks, access_type: read, google_classification: sensitive; service: Tasks, access_type: full_access, google_classification: sensitive; service: Contacts, access_type: read, google_classification: sensitive; Offline refresh token",https://www.googleapis.com/auth/classroom.coursework.students; https://www.googleapis.com/auth/classroom.rosters; https://www.googleapis.com/auth/tasks.readonly; https://www.googleapis.com/auth/tasks; https://www.googleapis.com/auth/contacts.readonly,4,1,1,5,3,0,2,Critical
SC-1154,Strategy G: Plausable Cross Scope Combinations With Random Common Scope Addition,"service: Classroom, access_type: read, google_classification: sensitive; service: Classroom, access_type: read, google_classification: sensitive; service: Cloud, access_type: read, google_classification: sensitive; service: Cloud, access_type: full_access, google_classification: sensitive; service: Sheets, access_type: full_access, google_classification: sensitive; Online access only",https://www.googleapis.com/auth/classroom.profile.emails; https://www.googleapis.com/auth/classroom.courses.readonly; https://www.googleapis.com/auth/cloud-platform.read-only; https://www.googleapis.com/auth/cloud-platform; https://www.googleapis.com/auth/spreadsheets,4,0,1,5,3,0,3,Critical
SC-1155,Strategy G: Plausable Cross Scope Combinations With Random Common Scope Addition,"service: Classroom, access_type: read_write, google_classification: sensitive; service: Classroom, access_type: read, google_classification: sensitive; service: Identity, access_type: read, google_classification: non_sensitive; service: Identity, access_type: read, google_classification: non_sensitive; service: Contacts, access_type: read, google_classification: sensitive; Online access only",https://www.googleapis.com/auth/classroom.rosters; https://www.googleapis.com/auth/classroom.courses.readonly; https://www.googleapis.com/auth/userinfo.email; profile; https://www.googleapis.com/auth/contacts.readonly,4,0,1,5,3,0,1,High
SC-1156,Strategy G: Plausable Cross Scope Combinations With Random Common Scope Addition,"service: Calendar, access_type: read_write, google_classification: sensitive; service: Tasks, access_type: full_access, google_classification: sensitive; service: Tasks, access_type: read, google_classification: sensitive; service: Sheets, access_type: full_access, google_classification: sensitive; Online access only",https://www.googleapis.com/auth/calendar.acls; https://www.googleapis.com/auth/tasks; https://www.googleapis.com/auth/tasks.readonly; https://www.googleapis.com/auth/spreadsheets,4,0,0,4,3,0,2,High
SC-1157,Strategy G: Plausable Cross Scope Combinations With Random Common Scope Addition,"service: Calendar, access_type: read, google_classification: non_sensitive; service: Identity, access_type: read, google_classification: non_sensitive; service: Identity, access_type: read, google_classification: non_sensitive; service: Identity, access_type: read, google_classification: non_sensitive; Offline refresh token",https://www.googleapis.com/auth/calendar.events.freebusy; openid; https://www.googleapis.com/auth/userinfo.email; profile,3,1,0,4,2,0,0,Medium
SC-1158,Strategy G: Plausable Cross Scope Combinations With Random Common Scope Addition,"service: Tasks, access_type: read, google_classification: sensitive; service: Identity, access_type: read, google_classification: non_sensitive; service: Sheets, access_type: full_access, google_classification: sensitive; Online access only",https://www.googleapis.com/auth/tasks.readonly; https://www.googleapis.com/auth/userinfo.email; https://www.googleapis.com/auth/spreadsheets,4,0,0,3,3,0,2,High
SC-1159,Strategy G: Plausable Cross Scope Combinations With Random Common Scope Addition,"service: Cloud, access_type: read, google_classification: sensitive; service: BigQuery, access_type: write, google_classification: sensitive; service: Identity, access_type: read, google_classification: non_sensitive; Offline refresh token",https://www.googleapis.com/auth/cloud-platform.read-only; https://www.googleapis.com/auth/bigquery.insertdata; profile,3,1,0,3,3,0,1,High
SC-1160,Strategy G: Plausable Cross Scope Combinations With Random Common Scope Addition,"service: Cloud, access_type: full_access, google_classification: sensitive; service: Cloud, access_type: read, google_classification: sensitive; service: Compute, access_type: read, google_classification: sensitive; service: Compute, access_type: full_access, google_classification: sensitive; service: Drive, access_type: read_write, google_classification: non_sensitive; Offline refresh token",https://www.googleapis.com/auth/cloud-platform; https://www.googleapis.com/auth/cloud-platform.read-only; https://www.googleapis.com/auth/compute.readonly; https://www.googleapis.com/auth/compute; https://www.googleapis.com/auth/drive.file,4,1,1,5,3,0,3,Critical
SC-1161,Strategy G: Plausable Cross Scope Combinations With Random Common Scope Addition,"service: Cloud, access_type: full_access, google_classification: sensitive; service: Cloud, access_type: read, google_classification: sensitive; service: AdSense, access_type: read, google_classification: non_sensitive; service: AdSense, access_type: full_access, google_classification: sensitive; service: Sheets, access_type: full_access, google_classification: sensitive; Online access only",https://www.googleapis.com/auth/cloud-platform; https://www.googleapis.com/auth/cloud-platform.read-only; https://www.googleapis.com/auth/adsense.readonly; https://www.googleapis.com/auth/adsense; https://www.googleapis.com/auth/spreadsheets,4,0,1,5,3,0,3,Critical
SC-1162,Strategy G: Plausable Cross Scope Combinations With Random Common Scope Addition,"service: Cloud, access_type: full_access, google_classification: sensitive; service: Cloud, access_type: read, google_classification: sensitive; service: Analytics, access_type: write, google_classification: sensitive; service: Analytics, access_type: write, google_classification: sensitive; service: Calendar, access_type: read, google_classification: sensitive; Offline refresh token",https://www.googleapis.com/auth/cloud-platform; https://www.googleapis.com/auth/cloud-platform.read-only; https://www.googleapis.com/auth/analytics.manage.users; https://www.googleapis.com/auth/analytics.edit; https://www.googleapis.com/auth/calendar.events.readonly,3,1,1,5,3,0,3,Critical
SC-1163,Strategy G: Plausable Cross Scope Combinations With Random Common Scope Addition,"service: Cloud, access_type: read, google_classification: sensitive; service: Cloud, access_type: full_access, google_classification: sensitive; service: Cloud Storage, access_type: read_write, google_classification: sensitive; service: Cloud Storage, access_type: read, google_classification: non_sensitive; service: Identity, access_type: read, google_classification: non_sensitive; Online access only",https://www.googleapis.com/auth/cloud-platform.read-only; https://www.googleapis.com/auth/cloud-platform; https://www.googleapis.com/auth/devstorage.read_write; https://www.googleapis.com/auth/devstorage.read_only; profile,3,0,1,5,3,0,3,High
SC-1164,Strategy G: Plausable Cross Scope Combinations With Random Common Scope Addition,"service: Cloud, access_type: full_access, google_classification: sensitive; service: Identity, access_type: read, google_classification: non_sensitive; service: Identity, access_type: read, google_classification: non_sensitive; service: Gmail, access_type: write, google_classification: restricted; Offline refresh token",https://www.googleapis.com/auth/cloud-platform; email; https://www.googleapis.com/auth/userinfo.email; https://www.googleapis.com/auth/gmail.send,5,1,1,4,3,1,3,Critical
SC-1165,Strategy G: Plausable Cross Scope Combinations With Random Common Scope Addition,"service: BigQuery, access_type: full_access, google_classification: sensitive; service: BigQuery, access_type: write, google_classification: sensitive; service: Compute, access_type: read, google_classification: sensitive; service: Compute, access_type: full_access, google_classification: sensitive; service: Gmail, access_type: write, google_classification: restricted; Online access only",https://www.googleapis.com/auth/bigquery; https://www.googleapis.com/auth/bigquery.insertdata; https://www.googleapis.com/auth/compute.readonly; https://www.googleapis.com/auth/compute; https://www.googleapis.com/auth/gmail.send,5,0,0,5,3,1,2,Critical
SC-1166,Strategy G: Plausable Cross Scope Combinations With Random Common Scope Addition,"service: BigQuery, access_type: full_access, google_classification: sensitive; service: BigQuery, access_type: write, google_classification: sensitive; service: AdSense, access_type: read, google_classification: non_sensitive; service: Contacts, access_type: read, google_classification: sensitive; Online access only",https://www.googleapis.com/auth/bigquery; https://www.googleapis.com/auth/bigquery.insertdata; https://www.googleapis.com/auth/adsense.readonly; https://www.googleapis.com/auth/contacts.readonly,4,0,1,4,3,0,2,High
SC-1167,Strategy G: Plausable Cross Scope Combinations With Random Common Scope Addition,"service: BigQuery, access_type: write, google_classification: sensitive; service: Analytics, access_type: write, google_classification: sensitive; service: Contacts, access_type: read, google_classification: sensitive; Online access only",https://www.googleapis.com/auth/bigquery.insertdata; https://www.googleapis.com/auth/analytics.manage.users; https://www.googleapis.com/auth/contacts.readonly,4,0,1,3,3,0,3,High
SC-1168,Strategy G: Plausable Cross Scope Combinations With Random Common Scope Addition,"service: BigQuery, access_type: write, google_classification: sensitive; service: BigQuery, access_type: full_access, google_classification: sensitive; service: Cloud Storage, access_type: full_access, google_classification: sensitive; service: Cloud Storage, access_type: read, google_classification: non_sensitive; service: Drive, access_type: read_write, google_classification: non_sensitive; Online access only",https://www.googleapis.com/auth/bigquery.insertdata; https://www.googleapis.com/auth/bigquery; https://www.googleapis.com/auth/devstorage.full_control; https://www.googleapis.com/auth/devstorage.read_only; https://www.googleapis.com/auth/drive.file,4,0,0,5,3,0,2,High
SC-1169,Strategy G: Plausable Cross Scope Combinations With Random Common Scope Addition,"service: Compute, access_type: full_access, google_classification: sensitive; service: Compute, access_type: read, google_classification: sensitive; service: Cloud Storage, access_type: full_access, google_classification: sensitive; service: Chat, access_type: full_access, google_classification: sensitive; Online access only",https://www.googleapis.com/auth/compute; https://www.googleapis.com/auth/compute.readonly; https://www.googleapis.com/auth/devstorage.full_control; https://www.googleapis.com/auth/chat.messages,4,0,0,4,3,0,2,High
SC-1170,Strategy G: Plausable Cross Scope Combinations With Random Common Scope Addition,"service: Blogger, access_type: read, google_classification: sensitive; service: Analytics, access_type: write, google_classification: sensitive; service: Analytics, access_type: read, google_classification: non_sensitive; service: Sheets, access_type: full_access, google_classification: sensitive; Offline refresh token",https://www.googleapis.com/auth/blogger.readonly; https://www.googleapis.com/auth/analytics.edit; https://www.googleapis.com/auth/analytics.readonly; https://www.googleapis.com/auth/spreadsheets,4,1,0,4,3,0,2,High
SC-1171,Strategy G: Plausable Cross Scope Combinations With Random Common Scope Addition,"service: Blogger, access_type: full_access, google_classification: sensitive; service: Identity, access_type: read, google_classification: non_sensitive; service: Sheets, access_type: full_access, google_classification: sensitive; Offline refresh token",https://www.googleapis.com/auth/blogger; openid; https://www.googleapis.com/auth/spreadsheets,4,1,0,3,3,0,2,High
SC-1172,Strategy G: Plausable Cross Scope Combinations With Random Common Scope Addition,"service: AdSense, access_type: full_access, google_classification: sensitive; service: Analytics, access_type: write, google_classification: sensitive; service: Calendar, access_type: read, google_classification: sensitive; Offline refresh token",https://www.googleapis.com/auth/adsense; https://www.googleapis.com/auth/analytics.edit; https://www.googleapis.com/auth/calendar.events.readonly,3,1,0,3,3,0,2,High
SC-1173,Strategy G: Plausable Cross Scope Combinations With Random Common Scope Addition,"service: AdSense, access_type: full_access, google_classification: sensitive; service: Cloud Storage, access_type: read_write, google_classification: sensitive; service: Identity, access_type: read, google_classification: non_sensitive; Online access only",https://www.googleapis.com/auth/adsense; https://www.googleapis.com/auth/devstorage.read_write; email,2,0,0,3,3,0,2,Medium
SC-1174,Strategy G: Plausable Cross Scope Combinations With Random Common Scope Addition,"service: AdSense, access_type: read, google_classification: non_sensitive; service: AdSense, access_type: full_access, google_classification: sensitive; service: Identity, access_type: read, google_classification: non_sensitive; service: Identity, access_type: read, google_classification: non_sensitive; service: Identity, access_type: read, google_classification: non_sensitive; Online access only",https://www.googleapis.com/auth/adsense.readonly; https://www.googleapis.com/auth/adsense; https://www.googleapis.com/auth/userinfo.email; profile; email,2,0,0,5,2,0,2,Medium
SC-1175,Strategy J: Bool Switching of Medium Risk Combinations,"service: Cloud Storage, access_type: read_write, google_classification: sensitive; service: Cloud Storage, access_type: full_access, google_classification: sensitive; service: Analytics, access_type: full_access, google_classification: sensitive; service: Analytics, access_type: write, google_classification: sensitive; service: Identity, access_type: read, google_classification: non_sensitive; Offline refresh token",https://www.googleapis.com/auth/devstorage.read_write; https://www.googleapis.com/auth/devstorage.full_control; https://www.googleapis.com/auth/analytics; https://www.googleapis.com/auth/analytics.edit; email,2,1,0,5,3,0,2,High
SC-1176,Strategy H: Base Scope Combinations With Random Scope Addition,"service: Identity, access_type: read, google_classification: non_sensitive; service: Identity, access_type: read, google_classification: non_sensitive; service: Identity, access_type: read, google_classification: non_sensitive; service: Fitness, access_type: read, google_classification: sensitive; service: Fitness, access_type: read, google_classification: sensitive; service: Sheets, access_type: full_access, google_classification: sensitive; service: Calendar, access_type: read_write, google_classification: sensitive; Offline refresh token",openid; profile; email; https://www.googleapis.com/auth/fitness.activity.read; https://www.googleapis.com/auth/fitness.body.read; https://www.googleapis.com/auth/spreadsheets; https://www.googleapis.com/auth/calendar.calendarlist,4,1,0,7,4,0,2,Critical
SC-1178,Strategy H: Base Scope Combinations With Random Scope Addition,"service: Identity, access_type: read, google_classification: non_sensitive; service: Identity, access_type: read, google_classification: non_sensitive; service: Identity, access_type: read, google_classification: non_sensitive; service: Contacts, access_type: read, google_classification: sensitive; service: Gmail, access_type: write, google_classification: sensitive; service: Docs, access_type: read, google_classification: sensitive; Offline refresh token",openid; profile; email; https://www.googleapis.com/auth/contacts.readonly; https://www.googleapis.com/auth/gmail.compose; https://www.googleapis.com/auth/documents.readonly,5,1,1,6,4,0,1,Critical
SC-1180,Strategy H: Base Scope Combinations With Random Scope Addition,"service: Identity, access_type: read, google_classification: non_sensitive; service: Identity, access_type: read, google_classification: non_sensitive; service: Identity, access_type: read, google_classification: non_sensitive; service: Photos, access_type: full_access, google_classification: sensitive; service: Cloud Storage, access_type: read, google_classification: non_sensitive; Offline refresh token",openid; profile; email; https://www.googleapis.com/auth/photoslibrary; https://www.googleapis.com/auth/devstorage.read_only,4,1,0,5,3,0,2,High
SC-1181,Strategy H: Base Scope Combinations With Random Scope Addition,"service: Identity, access_type: read, google_classification: non_sensitive; service: Identity, access_type: read, google_classification: non_sensitive; service: Identity, access_type: read, google_classification: non_sensitive; service: Slides, access_type: full_access, google_classification: sensitive; service: Docs, access_type: full_access, google_classification: sensitive; service: Gmail, access_type: read_write, google_classification: sensitive; Offline refresh token",openid; profile; email; https://www.googleapis.com/auth/presentations; https://www.googleapis.com/auth/documents; https://www.googleapis.com/auth/gmail.labels,5,1,0,6,4,0,2,Critical
SC-1182,Strategy H: Base Scope Combinations With Random Scope Addition,"service: Identity, access_type: read, google_classification: non_sensitive; service: Identity, access_type: read, google_classification: non_sensitive; service: Identity, access_type: read, google_classification: non_sensitive; service: Tasks, access_type: read, google_classification: sensitive; service: Calendar, access_type: read, google_classification: sensitive; service: Sheets, access_type: read, google_classification: sensitive; Offline refresh token",openid; profile; email; https://www.googleapis.com/auth/tasks.readonly; https://www.googleapis.com/auth/calendar.events.readonly; https://www.googleapis.com/auth/spreadsheets.readonly,4,1,0,6,4,0,0,High
SC-1183,Strategy H: Base Scope Combinations With Random Scope Addition,"service: Identity, access_type: read, google_classification: non_sensitive; service: Identity, access_type: read, google_classification: non_sensitive; service: Identity, access_type: read, google_classification: non_sensitive; service: Firebase, access_type: full_access, google_classification: sensitive; service: Compute, access_type: full_access, google_classification: sensitive; service: Contacts, access_type: read, google_classification: sensitive; Online access only",openid; profile; email; https://www.googleapis.com/auth/firebase; https://www.googleapis.com/auth/compute; https://www.googleapis.com/auth/user.phonenumbers.read,4,0,0,6,4,0,2,High
SC-1184,Strategy H: Base Scope Combinations With Random Scope Addition,"service: Identity, access_type: read, google_classification: non_sensitive; service: Identity, access_type: read, google_classification: non_sensitive; service: Identity, access_type: read, google_classification: non_sensitive; service: AdSense, access_type: read, google_classification: non_sensitive; service: YouTube, access_type: read, google_classification: sensitive; service: Docs, access_type: full_access, google_classification: sensitive; Online access only",openid; profile; email; https://www.googleapis.com/auth/adsense.readonly; https://www.googleapis.com/auth/youtube.readonly; https://www.googleapis.com/auth/documents,4,0,0,6,4,0,2,High
SC-1188,Strategy H: Base Scope Combinations With Random Scope Addition,"service: Identity, access_type: read, google_classification: non_sensitive; service: Identity, access_type: read, google_classification: non_sensitive; service: Identity, access_type: read, google_classification: non_sensitive; service: Classroom, access_type: read, google_classification: sensitive; service: Gmail, access_type: write, google_classification: restricted; service: Calendar, access_type: read, google_classification: sensitive; Offline refresh token",openid; profile; email; https://www.googleapis.com/auth/classroom.profile.emails; https://www.googleapis.com/auth/gmail.send; https://www.googleapis.com/auth/calendar.readonly,5,1,1,6,4,1,1,Critical
SC-1189,Strategy H: Base Scope Combinations With Random Scope Addition,"service: BigQuery, access_type: full_access, google_classification: sensitive; service: Cloud Storage, access_type: read_write, google_classification: sensitive; service: Photos, access_type: write, google_classification: sensitive; Offline refresh token",https://www.googleapis.com/auth/bigquery; https://www.googleapis.com/auth/devstorage.read_write; https://www.googleapis.com/auth/photoslibrary.appendonly,4,1,0,3,3,0,2,High
SC-1190,Strategy H: Base Scope Combinations With Random Scope Addition,"service: Identity, access_type: read, google_classification: non_sensitive; service: Identity, access_type: read, google_classification: non_sensitive; service: Identity, access_type: read, google_classification: non_sensitive; service: Firebase, access_type: full_access, google_classification: sensitive; service: Sheets, access_type: full_access, google_classification: sensitive; service: Apps Script, access_type: write, google_classification: sensitive; service: Apps Script, access_type: write, google_classification: sensitive; service: Drive, access_type: read, google_classification: sensitive; Online access only",openid; profile; email; https://www.googleapis.com/auth/firebase; https://www.googleapis.com/auth/spreadsheets; https://www.googleapis.com/auth/script.deployments; https://www.googleapis.com/auth/script.projects; https://www.googleapis.com/auth/drive.activity.readonly,4,0,0,8,5,0,2,High
SC-1191,Strategy H: Base Scope Combinations With Random Scope Addition,"service: Admin, access_type: full_access, google_classification: sensitive; service: Admin, access_type: read, google_classification: sensitive; service: Gmail, access_type: write, google_classification: restricted; service: Calendar, access_type: full_access, google_classification: sensitive; Online access only",https://www.googleapis.com/auth/admin.directory.rolemanagement; https://www.googleapis.com/auth/admin.directory.user.readonly; https://www.googleapis.com/auth/gmail.settings.sharing; https://www.googleapis.com/auth/calendar,5,0,1,4,3,1,3,Critical
SC-1192,Strategy H: Base Scope Combinations With Random Scope Addition,"service: Identity, access_type: read, google_classification: non_sensitive; service: Identity, access_type: read, google_classification: non_sensitive; service: Identity, access_type: read, google_classification: non_sensitive; service: Keep, access_type: full_access, google_classification: restricted; service: Tasks, access_type: full_access, google_classification: sensitive; service: Calendar, access_type: read_write, google_classification: sensitive; service: Chat, access_type: full_access, google_classification: sensitive; Online access only",openid; profile; email; https://www.googleapis.com/auth/keep; https://www.googleapis.com/auth/tasks; https://www.googleapis.com/auth/calendar.events.owned; https://www.googleapis.com/auth/chat.messages,4,0,0,7,5,1,2,Critical
SC-1193,Strategy H: Base Scope Combinations With Random Scope Addition,"service: Identity, access_type: read, google_classification: non_sensitive; service: Identity, access_type: read, google_classification: non_sensitive; service: Identity, access_type: read, google_classification: non_sensitive; service: Chat, access_type: full_access, google_classification: sensitive; service: Drive, access_type: read, google_classification: restricted; service: Calendar, access_type: read, google_classification: sensitive; Online access only",openid; profile; email; https://www.googleapis.com/auth/chat.messages; https://www.googleapis.com/auth/drive.readonly; https://www.googleapis.com/auth/calendar.calendars.readonly,4,0,0,6,4,1,2,Critical
SC-1194,Strategy H: Base Scope Combinations With Random Scope Addition,"service: Cloud Storage, access_type: read_write, google_classification: sensitive; service: Admin, access_type: read_write, google_classification: sensitive; service: Drive, access_type: read, google_classification: restricted; Online access only",https://www.googleapis.com/auth/devstorage.read_write; https://www.googleapis.com/auth/admin.datatransfer; https://www.googleapis.com/auth/drive.readonly,5,0,1,3,3,1,3,Critical
SC-1196,Strategy H: Base Scope Combinations With Random Scope Addition,"service: Identity, access_type: read, google_classification: non_sensitive; service: Identity, access_type: read, google_classification: non_sensitive; service: Identity, access_type: read, google_classification: non_sensitive; service: Drive, access_type: read_write, google_classification: sensitive; Offline refresh token",openid; profile; email; https://www.googleapis.com/auth/drive.metadata,4,1,0,4,2,0,1,High
SC-1197,Strategy H: Base Scope Combinations With Random Scope Addition,"service: Identity, access_type: read, google_classification: non_sensitive; service: Identity, access_type: read, google_classification: non_sensitive; service: Sheets, access_type: full_access, google_classification: sensitive; Online access only",openid; email; https://www.googleapis.com/auth/spreadsheets,4,0,0,3,2,0,2,High
SC-1198,Strategy H: Base Scope Combinations With Random Scope Addition,"service: Identity, access_type: read, google_classification: non_sensitive; service: Identity, access_type: read, google_classification: non_sensitive; service: Identity, access_type: read, google_classification: non_sensitive; service: Identity, access_type: read, google_classification: non_sensitive; service: Identity, access_type: read, google_classification: non_sensitive; service: Drive, access_type: read, google_classification: restricted; Offline refresh token",openid; profile; email; https://www.googleapis.com/auth/userinfo.email; https://www.googleapis.com/auth/userinfo.profile; https://www.googleapis.com/auth/drive.readonly,4,1,0,6,2,1,0,High
SC-1199,Strategy J: Bool Switching of Medium Risk Combinations,"service: Identity, access_type: read, google_classification: non_sensitive; service: Identity, access_type: read, google_classification: non_sensitive; service: Identity, access_type: read, google_classification: non_sensitive; service: Identity, access_type: read, google_classification: non_sensitive; service: Calendar, access_type: read_write, google_classification: sensitive; Offline refresh token",openid; profile; email; https://www.googleapis.com/auth/userinfo.email; https://www.googleapis.com/auth/calendar.acls,3,1,0,5,2,0,1,High
SC-1201,Strategy H: Base Scope Combinations With Random Scope Addition,"service: Identity, access_type: read, google_classification: non_sensitive; service: Identity, access_type: read, google_classification: non_sensitive; service: Identity, access_type: read, google_classification: non_sensitive; service: Firebase, access_type: full_access, google_classification: sensitive; service: Fitness, access_type: read, google_classification: sensitive; service: Chat, access_type: write, google_classification: sensitive; Offline refresh token",openid; profile; email; https://www.googleapis.com/auth/firebase; https://www.googleapis.com/auth/fitness.blood_glucose.read; https://www.googleapis.com/auth/chat.delete,4,1,0,6,4,0,2,Critical
SC-1202,Strategy H: Base Scope Combinations With Random Scope Addition,"service: Identity, access_type: read, google_classification: non_sensitive; service: Identity, access_type: read, google_classification: non_sensitive; service: Identity, access_type: read, google_classification: non_sensitive; service: Gmail, access_type: read, google_classification: restricted; service: Calendar, access_type: read_write, google_classification: sensitive; service: Apps Script, access_type: write, google_classification: sensitive; Online access only",openid; profile; email; https://www.googleapis.com/auth/gmail.readonly; https://www.googleapis.com/auth/calendar.events.owned; https://www.googleapis.com/auth/script.projects,5,0,0,6,4,1,1,Critical
SC-1203,Strategy H: Base Scope Combinations With Random Scope Addition,"service: Identity, access_type: read, google_classification: non_sensitive; service: Identity, access_type: read, google_classification: non_sensitive; service: Identity, access_type: read, google_classification: non_sensitive; service: Classroom, access_type: read_write, google_classification: sensitive; service: Sheets, access_type: full_access, google_classification: sensitive; service: Tasks, access_type: read, google_classification: sensitive; Offline refresh token",openid; profile; email; https://www.googleapis.com/auth/classroom.coursework.students; https://www.googleapis.com/auth/spreadsheets; https://www.googleapis.com/auth/tasks.readonly,4,1,0,6,4,0,2,Critical
SC-1204,Strategy H: Base Scope Combinations With Random Scope Addition,"service: BigQuery, access_type: write, google_classification: sensitive; service: Drive, access_type: read, google_classification: restricted; service: Contacts, access_type: read, google_classification: sensitive; Offline refresh token",https://www.googleapis.com/auth/bigquery.insertdata; https://www.googleapis.com/auth/drive.readonly; https://www.googleapis.com/auth/contacts.other.readonly,4,1,0,3,3,1,1,High
SC-1206,Strategy H: Base Scope Combinations With Random Scope Addition,"service: Identity, access_type: read, google_classification: non_sensitive; service: Identity, access_type: read, google_classification: non_sensitive; service: Identity, access_type: read, google_classification: non_sensitive; service: Forms, access_type: read, google_classification: sensitive; service: Gmail, access_type: write, google_classification: restricted; service: Admin, access_type: full_access, google_classification: sensitive; Online access only",openid; profile; email; https://www.googleapis.com/auth/forms.responses.readonly; https://www.googleapis.com/auth/gmail.send; https://www.googleapis.com/auth/admin.directory.user,5,0,1,6,4,1,3,Critical
SC-1207,Strategy H: Base Scope Combinations With Random Scope Addition,"service: Identity, access_type: read, google_classification: non_sensitive; service: Identity, access_type: read, google_classification: non_sensitive; service: Identity, access_type: read, google_classification: non_sensitive; service: Analytics, access_type: read, google_classification: non_sensitive; service: Sheets, access_type: full_access, google_classification: sensitive; service: Docs, access_type: full_access, google_classification: sensitive; Online access only",openid; profile; email; https://www.googleapis.com/auth/analytics.readonly; https://www.googleapis.com/auth/spreadsheets; https://www.googleapis.com/auth/documents,4,0,0,6,4,0,2,High
SC-1208,Strategy H: Base Scope Combinations With Random Scope Addition,"service: Identity, access_type: read, google_classification: non_sensitive; service: Identity, access_type: read, google_classification: non_sensitive; service: Identity, access_type: read, google_classification: non_sensitive; service: Gmail, access_type: write, google_classification: restricted; service: Gmail, access_type: read, google_classification: restricted; service: Sheets, access_type: full_access, google_classification: sensitive; service: Drive, access_type: read_write, google_classification: non_sensitive; service: Contacts, access_type: read, google_classification: sensitive; service: Drive, access_type: full_access, google_classification: restricted; Offline refresh token",openid; profile; email; https://www.googleapis.com/auth/gmail.send; https://www.googleapis.com/auth/gmail.readonly; https://www.googleapis.com/auth/spreadsheets; https://www.googleapis.com/auth/drive.file; https://www.googleapis.com/auth/contacts.readonly; https://www.googleapis.com/auth/drive,5,1,1,9,5,1,2,Critical
SC-1209,Strategy H: Base Scope Combinations With Random Scope Addition,"service: Identity, access_type: read, google_classification: non_sensitive; service: Identity, access_type: read, google_classification: non_sensitive; service: Identity, access_type: read, google_classification: non_sensitive; service: Blogger, access_type: full_access, google_classification: sensitive; service: Docs, access_type: read, google_classification: sensitive; service: Gmail, access_type: read, google_classification: sensitive; Online access only",openid; profile; email; https://www.googleapis.com/auth/blogger; https://www.googleapis.com/auth/documents.readonly; https://www.googleapis.com/auth/gmail.metadata,5,0,0,6,4,0,2,Critical
SC-1210,Strategy H: Base Scope Combinations With Random Scope Addition,"service: Identity, access_type: read, google_classification: non_sensitive; service: Identity, access_type: read, google_classification: non_sensitive; service: Identity, access_type: read, google_classification: non_sensitive; service: Drive, access_type: write, google_classification: sensitive; service: Apps Script, access_type: write, google_classification: sensitive; service: Drive, access_type: read_write, google_classification: sensitive; service: Admin, access_type: full_access, google_classification: sensitive; Online access only",openid; profile; email; https://www.googleapis.com/auth/drive.scripts; https://www.googleapis.com/auth/script.projects; https://www.googleapis.com/auth/drive.activity; https://www.googleapis.com/auth/admin.directory.rolemanagement,5,0,1,7,4,0,3,Critical
SC-1211,Strategy H: Base Scope Combinations With Random Scope Addition,"service: Identity, access_type: read, google_classification: non_sensitive; service: Identity, access_type: read, google_classification: non_sensitive; service: Identity, access_type: read, google_classification: non_sensitive; service: Forms, access_type: read, google_classification: sensitive; service: Calendar, access_type: read_write, google_classification: sensitive; service: Drive, access_type: read_write, google_classification: non_sensitive; Offline refresh token",openid; profile; email; https://www.googleapis.com/auth/forms.responses.readonly; https://www.googleapis.com/auth/calendar.events.owned; https://www.googleapis.com/auth/drive.file,4,1,0,6,4,0,1,High
SC-1212,Strategy H: Base Scope Combinations With Random Scope Addition,"service: Identity, access_type: read, google_classification: non_sensitive; service: Identity, access_type: read, google_classification: non_sensitive; service: Identity, access_type: read, google_classification: non_sensitive; service: Gmail, access_type: read, google_classification: sensitive; service: Chat, access_type: full_access, google_classification: sensitive; service: Fitness, access_type: read, google_classification: sensitive; Offline refresh token",openid; profile; email; https://www.googleapis.com/auth/gmail.addons.current.message.readonly; https://www.googleapis.com/auth/chat.messages; https://www.googleapis.com/auth/fitness.body.read,5,1,0,6,4,0,2,Critical
SC-1213,Strategy H: Base Scope Combinations With Random Scope Addition,"service: Identity, access_type: read, google_classification: non_sensitive; service: Identity, access_type: read, google_classification: non_sensitive; service: Identity, access_type: read, google_classification: non_sensitive; service: Calendar, access_type: read_write, google_classification: sensitive; service: Chat, access_type: read, google_classification: sensitive; service: Classroom, access_type: read, google_classification: sensitive; Online access only",openid; profile; email; https://www.googleapis.com/auth/calendar.events.owned; https://www.googleapis.com/auth/chat.messages.readonly; https://www.googleapis.com/auth/classroom.courses.readonly,4,0,0,6,4,0,1,High
SC-1214,Strategy H: Base Scope Combinations With Random Scope Addition,"service: BigQuery, access_type: full_access, google_classification: sensitive; service: Cloud Storage, access_type: read_write, google_classification: sensitive; service: Sheets, access_type: full_access, google_classification: sensitive; service: Analytics, access_type: read, google_classification: non_sensitive; Offline refresh token",https://www.googleapis.com/auth/bigquery; https://www.googleapis.com/auth/devstorage.read_write; https://www.googleapis.com/auth/spreadsheets; https://www.googleapis.com/auth/analytics.readonly,4,1,0,4,4,0,2,Critical
SC-1215,Strategy H: Base Scope Combinations With Random Scope Addition,"service: Identity, access_type: read, google_classification: non_sensitive; service: Identity, access_type: read, google_classification: non_sensitive; service: Identity, access_type: read, google_classification: non_sensitive; service: Gmail, access_type: write, google_classification: restricted; service: Admin, access_type: read_write, google_classification: sensitive; service: Tasks, access_type: full_access, google_classification: sensitive; Offline refresh token",openid; profile; email; https://www.googleapis.com/auth/gmail.send; https://www.googleapis.com/auth/admin.datatransfer; https://www.googleapis.com/auth/tasks,5,1,1,6,4,1,3,Critical
SC-1216,Strategy H: Base Scope Combinations With Random Scope Addition,"service: Identity, access_type: read, google_classification: non_sensitive; service: Identity, access_type: read, google_classification: non_sensitive; service: Identity, access_type: read, google_classification: non_sensitive; service: Drive, access_type: read, google_classification: sensitive; service: Gmail, access_type: write, google_classification: restricted; service: Forms, access_type: full_access, google_classification: sensitive; Online access only",openid; profile; email; https://www.googleapis.com/auth/drive.activity.readonly; https://www.googleapis.com/auth/gmail.send; https://www.googleapis.com/auth/forms.body,5,0,0,6,4,1,2,Critical
SC-1217,Strategy H: Base Scope Combinations With Random Scope Addition,"service: Identity, access_type: read, google_classification: non_sensitive; service: Identity, access_type: read, google_classification: non_sensitive; service: Identity, access_type: read, google_classification: non_sensitive; service: Gmail, access_type: read_write, google_classification: sensitive; service: Gmail, access_type: read, google_classification: sensitive; service: Cloud Storage, access_type: read_write, google_classification: sensitive; Online access only",openid; profile; email; https://www.googleapis.com/auth/gmail.labels; https://www.googleapis.com/auth/gmail.metadata; https://www.googleapis.com/auth/devstorage.read_write,5,0,0,6,3,0,1,High
SC-1220,Strategy H: Base Scope Combinations With Random Scope Addition,"service: Admin, access_type: write, google_classification: sensitive; service: Admin, access_type: full_access, google_classification: sensitive; service: Admin, access_type: full_access, google_classification: sensitive; service: Sheets, access_type: read, google_classification: sensitive; service: Drive, access_type: read, google_classification: sensitive; Offline refresh token",https://www.googleapis.com/auth/admin.directory.user.security; https://www.googleapis.com/auth/admin.directory.domain; https://www.googleapis.com/auth/admin.directory.rolemanagement; https://www.googleapis.com/auth/spreadsheets.readonly; https://www.googleapis.com/auth/drive.activity.readonly,5,1,1,5,3,0,3,Critical
SC-1221,Strategy H: Base Scope Combinations With Random Scope Addition,"service: Identity, access_type: read, google_classification: non_sensitive; service: Identity, access_type: read, google_classification: non_sensitive; service: Identity, access_type: read, google_classification: non_sensitive; service: Gmail, access_type: write, google_classification: restricted; service: Classroom, access_type: read, google_classification: sensitive; service: Calendar, access_type: read, google_classification: sensitive; service: Calendar, access_type: read_write, google_classification: sensitive; Offline refresh token",openid; profile; email; https://www.googleapis.com/auth/gmail.send; https://www.googleapis.com/auth/classroom.profile.emails; https://www.googleapis.com/auth/calendar.events.readonly; https://www.googleapis.com/auth/calendar.calendarlist,5,1,1,7,4,1,1,Critical
SC-1222,Strategy H: Base Scope Combinations With Random Scope Addition,"service: Identity, access_type: read, google_classification: non_sensitive; service: Identity, access_type: read, google_classification: non_sensitive; service: Identity, access_type: read, google_classification: non_sensitive; service: Groups, access_type: full_access, google_classification: sensitive; service: Contacts, access_type: read, google_classification: sensitive; service: Calendar, access_type: read, google_classification: sensitive; Online access only",openid; profile; email; https://www.googleapis.com/auth/groups; https://www.googleapis.com/auth/contacts.readonly; https://www.googleapis.com/auth/calendar.settings.readonly,4,0,1,6,4,0,2,Critical
SC-1224,Strategy H: Base Scope Combinations With Random Scope Addition,"service: Gmail, access_type: full_access, google_classification: restricted; service: Drive, access_type: full_access, google_classification: restricted; service: Contacts, access_type: full_access, google_classification: restricted; service: Forms, access_type: read, google_classification: sensitive; Offline refresh token",https://mail.google.com/; https://www.googleapis.com/auth/drive; https://www.googleapis.com/auth/contacts; https://www.googleapis.com/auth/forms.body.readonly,5,1,1,4,4,1,2,Critical
SC-1225,Strategy H: Base Scope Combinations With Random Scope Addition,"service: Gmail, access_type: full_access, google_classification: restricted; service: Contacts, access_type: full_access, google_classification: restricted; service: Calendar, access_type: full_access, google_classification: sensitive; service: Calendar, access_type: read, google_classification: sensitive; Online access only",https://mail.google.com/; https://www.googleapis.com/auth/contacts; https://www.googleapis.com/auth/calendar; https://www.googleapis.com/auth/calendar.calendarlist.readonly,5,0,1,4,3,1,2,Critical
SC-1226,Strategy H: Base Scope Combinations With Random Scope Addition,"service: Gmail, access_type: write, google_classification: restricted; service: Contacts, access_type: read, google_classification: sensitive; service: Photos, access_type: read, google_classification: non_sensitive; Offline refresh token",https://www.googleapis.com/auth/gmail.send; https://www.googleapis.com/auth/contacts.readonly; https://www.googleapis.com/auth/photoslibrary.readonly.appcreateddata,5,1,1,3,3,1,1,Critical
SC-1227,Strategy H: Base Scope Combinations With Random Scope Addition,"service: Gmail, access_type: full_access, google_classification: restricted; service: YouTube, access_type: full_access, google_classification: sensitive; Online access only",https://mail.google.com/; https://www.googleapis.com/auth/youtubepartner,5,0,0,2,2,1,2,High
SC-1228,Strategy H: Base Scope Combinations With Random Scope Addition,"service: Drive, access_type: full_access, google_classification: restricted; service: Calendar, access_type: read, google_classification: sensitive; Online access only",https://www.googleapis.com/auth/drive; https://www.googleapis.com/auth/calendar.settings.readonly,4,0,0,2,2,1,2,High
SC-1229,Strategy H: Base Scope Combinations With Random Scope Addition,"service: Gmail, access_type: write, google_classification: restricted; service: Gmail, access_type: read, google_classification: restricted; service: Drive, access_type: full_access, google_classification: restricted; service: Contacts, access_type: full_access, google_classification: restricted; service: Gmail, access_type: full_access, google_classification: restricted; Online access only",https://www.googleapis.com/auth/gmail.send; https://www.googleapis.com/auth/gmail.readonly; https://www.googleapis.com/auth/drive; https://www.googleapis.com/auth/contacts; https://mail.google.com/,5,0,1,5,3,1,2,Critical
SC-1230,Strategy H: Base Scope Combinations With Random Scope Addition,"service: Gmail, access_type: write, google_classification: restricted; service: Gmail, access_type: read, google_classification: restricted; service: Contacts, access_type: read, google_classification: sensitive; service: Classroom, access_type: read_write, google_classification: sensitive; Offline refresh token",https://www.googleapis.com/auth/gmail.send; https://www.googleapis.com/auth/gmail.readonly; https://www.googleapis.com/auth/contacts.readonly; https://www.googleapis.com/auth/classroom.rosters,5,1,1,4,3,1,1,Critical
SC-1231,Strategy H: Base Scope Combinations With Random Scope Addition,"service: Gmail, access_type: full_access, google_classification: restricted; service: Gmail, access_type: write, google_classification: restricted; service: Classroom, access_type: read, google_classification: sensitive; Offline refresh token",https://mail.google.com/; https://www.googleapis.com/auth/gmail.settings.sharing; https://www.googleapis.com/auth/classroom.profile.emails,5,1,1,3,2,1,2,Critical
SC-1232,Strategy H: Base Scope Combinations With Random Scope Addition,"service: Gmail, access_type: read_write, google_classification: restricted; service: Gmail, access_type: read_write, google_classification: sensitive; service: Fitness, access_type: read, google_classification: sensitive; Offline refresh token",https://www.googleapis.com/auth/gmail.modify; https://www.googleapis.com/auth/gmail.settings.basic; https://www.googleapis.com/auth/fitness.activity.read,5,1,0,3,2,1,1,High
SC-1233,Strategy H: Base Scope Combinations With Random Scope Addition,"service: Admin, access_type: full_access, google_classification: sensitive; service: Admin, access_type: write, google_classification: sensitive; service: Admin, access_type: full_access, google_classification: sensitive; service: Calendar, access_type: read, google_classification: sensitive; Online access only",https://www.googleapis.com/auth/admin.directory.user; https://www.googleapis.com/auth/admin.directory.user.security; https://www.googleapis.com/auth/admin.directory.rolemanagement; https://www.googleapis.com/auth/calendar.readonly,5,0,1,4,2,0,3,Critical
SC-1234,Strategy H: Base Scope Combinations With Random Scope Addition,"service: Cloud, access_type: full_access, google_classification: sensitive; service: Compute, access_type: full_access, google_classification: sensitive; service: Contacts, access_type: full_access, google_classification: restricted; Offline refresh token",https://www.googleapis.com/auth/cloud-platform; https://www.googleapis.com/auth/compute; https://www.googleapis.com/auth/contacts,4,1,1,3,3,1,3,Critical
SC-1235,Strategy H: Base Scope Combinations With Random Scope Addition,"service: Admin, access_type: full_access, google_classification: sensitive; service: Admin, access_type: full_access, google_classification: sensitive; service: Admin, access_type: full_access, google_classification: sensitive; service: Admin, access_type: read_write, google_classification: sensitive; service: Fitness, access_type: read, google_classification: sensitive; Online access only",https://www.googleapis.com/auth/admin.directory.user; https://www.googleapis.com/auth/admin.directory.group; https://www.googleapis.com/auth/admin.directory.domain; https://www.googleapis.com/auth/admin.datatransfer; https://www.googleapis.com/auth/fitness.location.read,5,0,1,5,2,0,3,Critical
SC-1236,Strategy H: Base Scope Combinations With Random Scope Addition,"service: Admin, access_type: full_access, google_classification: sensitive; service: Gmail, access_type: full_access, google_classification: restricted; service: Gmail, access_type: read, google_classification: sensitive; Offline refresh token",https://www.googleapis.com/auth/admin.directory.user; https://mail.google.com/; https://www.googleapis.com/auth/gmail.addons.current.message.readonly,5,1,1,3,2,1,3,Critical
SC-1237,Strategy H: Base Scope Combinations With Random Scope Addition,"service: Drive, access_type: full_access, google_classification: restricted; service: Docs, access_type: full_access, google_classification: sensitive; service: Sheets, access_type: full_access, google_classification: sensitive; service: Chat, access_type: read_write, google_classification: sensitive; Online access only",https://www.googleapis.com/auth/drive; https://www.googleapis.com/auth/documents; https://www.googleapis.com/auth/spreadsheets; https://www.googleapis.com/auth/chat.memberships,4,0,0,4,4,1,2,High
SC-1238,Strategy H: Base Scope Combinations With Random Scope Addition,"service: Drive, access_type: read, google_classification: restricted; service: Gmail, access_type: read, google_classification: restricted; service: Calendar, access_type: read, google_classification: sensitive; service: Contacts, access_type: read, google_classification: sensitive; service: Slides, access_type: read, google_classification: sensitive; Offline refresh token",https://www.googleapis.com/auth/drive.readonly; https://www.googleapis.com/auth/gmail.readonly; https://www.googleapis.com/auth/calendar.acls.readonly; https://www.googleapis.com/auth/directory.readonly; https://www.googleapis.com/auth/presentations.readonly,5,1,1,5,5,1,0,Critical
SC-1239,Strategy H: Base Scope Combinations With Random Scope Addition,"service: Photos, access_type: full_access, google_classification: sensitive; service: Drive, access_type: full_access, google_classification: restricted; service: Contacts, access_type: full_access, google_classification: restricted; service: Slides, access_type: read, google_classification: sensitive; Offline refresh token",https://www.googleapis.com/auth/photoslibrary; https://www.googleapis.com/auth/drive; https://www.googleapis.com/auth/contacts; https://www.googleapis.com/auth/presentations.readonly,4,1,1,4,4,1,2,Critical
SC-1240,Strategy H: Base Scope Combinations With Random Scope Addition,"service: Keep, access_type: full_access, google_classification: restricted; service: Drive, access_type: full_access, google_classification: restricted; service: Gmail, access_type: read, google_classification: restricted; service: Drive, access_type: write, google_classification: sensitive; Online access only",https://www.googleapis.com/auth/keep; https://www.googleapis.com/auth/drive; https://www.googleapis.com/auth/gmail.readonly; https://www.googleapis.com/auth/drive.scripts,5,0,0,4,3,1,2,Critical
SC-1241,Strategy H: Base Scope Combinations With Random Scope Addition,"service: Fitness, access_type: read, google_classification: sensitive; service: Fitness, access_type: read, google_classification: sensitive; service: Fitness, access_type: read, google_classification: sensitive; service: Fitness, access_type: read, google_classification: sensitive; service: Drive, access_type: read_write, google_classification: sensitive; Offline refresh token",https://www.googleapis.com/auth/fitness.blood_glucose.read; https://www.googleapis.com/auth/fitness.blood_pressure.read; https://www.googleapis.com/auth/fitness.heart_rate.read; https://www.googleapis.com/auth/fitness.body.read; https://www.googleapis.com/auth/drive.metadata,4,1,0,5,2,0,1,High
SC-1242,Strategy H: Base Scope Combinations With Random Scope Addition,"service: Gmail, access_type: full_access, google_classification: restricted; service: Drive, access_type: full_access, google_classification: restricted; service: Calendar, access_type: full_access, google_classification: sensitive; service: Contacts, access_type: full_access, google_classification: restricted; service: Tasks, access_type: full_access, google_classification: sensitive; service: Keep, access_type: full_access, google_classification: restricted; service: Calendar, access_type: read_write, google_classification: sensitive; Online access only",https://mail.google.com/; https://www.googleapis.com/auth/drive; https://www.googleapis.com/auth/calendar; https://www.googleapis.com/auth/contacts; https://www.googleapis.com/auth/tasks; https://www.googleapis.com/auth/keep; https://www.googleapis.com/auth/calendar.events,5,0,1,7,6,1,2,Critical
SC-1243,Strategy H: Base Scope Combinations With Random Scope Addition,"service: Cloud, access_type: full_access, google_classification: sensitive; service: Gmail, access_type: full_access, google_classification: restricted; service: Drive, access_type: full_access, google_classification: restricted; service: Admin, access_type: full_access, google_classification: sensitive; service: Contacts, access_type: read, google_classification: sensitive; Online access only",https://www.googleapis.com/auth/cloud-platform; https://mail.google.com/; https://www.googleapis.com/auth/drive; https://www.googleapis.com/auth/admin.directory.user; https://www.googleapis.com/auth/contacts.readonly,5,0,1,5,5,1,3,Critical
SC-1245,Strategy H: Base Scope Combinations With Random Scope Addition,"service: Gmail, access_type: full_access, google_classification: restricted; service: Contacts, access_type: read, google_classification: sensitive; service: Identity, access_type: read, google_classification: non_sensitive; Online access only",https://mail.google.com/; https://www.googleapis.com/auth/directory.readonly; https://www.googleapis.com/auth/userinfo.email,5,0,1,3,3,1,2,Critical
SC-1246,Strategy H: Base Scope Combinations With Random Scope Addition,"service: Gmail, access_type: read_write, google_classification: restricted; service: Gmail, access_type: read_write, google_classification: sensitive; service: Contacts, access_type: read, google_classification: sensitive; service: Admin, access_type: full_access, google_classification: sensitive; Online access only",https://www.googleapis.com/auth/gmail.modify; https://www.googleapis.com/auth/gmail.labels; https://www.googleapis.com/auth/contacts.other.readonly; https://www.googleapis.com/auth/admin.directory.rolemanagement,5,0,1,4,3,1,3,Critical
SC-1247,Strategy H: Base Scope Combinations With Random Scope Addition,"service: Gmail, access_type: read, google_classification: restricted; service: Gmail, access_type: write, google_classification: restricted; service: Gmail, access_type: write, google_classification: sensitive; service: Compute, access_type: full_access, google_classification: sensitive; Online access only",https://www.googleapis.com/auth/gmail.readonly; https://www.googleapis.com/auth/gmail.send; https://www.googleapis.com/auth/gmail.compose; https://www.googleapis.com/auth/compute,5,0,0,4,2,1,2,Critical
SC-1248,Strategy H: Base Scope Combinations With Random Scope Addition,"service: Gmail, access_type: write, google_classification: restricted; service: Gmail, access_type: read, google_classification: restricted; service: Contacts, access_type: read, google_classification: sensitive; service: Calendar, access_type: read_write, google_classification: sensitive; service: Calendar, access_type: read_write, google_classification: sensitive; Offline refresh token",https://www.googleapis.com/auth/gmail.send; https://www.googleapis.com/auth/gmail.readonly; https://www.googleapis.com/auth/contacts.readonly; https://www.googleapis.com/auth/calendar.events; https://www.googleapis.com/auth/calendar.calendars,5,1,1,5,3,1,1,Critical
SC-1249,Strategy H: Base Scope Combinations With Random Scope Addition,"service: Contacts, access_type: full_access, google_classification: restricted; service: Gmail, access_type: write, google_classification: restricted; service: Calendar, access_type: read_write, google_classification: sensitive; service: Drive, access_type: read_write, google_classification: non_sensitive; service: Docs, access_type: read, google_classification: sensitive; Offline refresh token",https://www.googleapis.com/auth/contacts; https://www.googleapis.com/auth/gmail.send; https://www.googleapis.com/auth/calendar.events; https://www.googleapis.com/auth/drive.file; https://www.googleapis.com/auth/documents.readonly,5,1,1,5,5,1,2,Critical
SC-1251,Strategy H: Base Scope Combinations With Random Scope Addition,"service: Calendar, access_type: read_write, google_classification: sensitive; service: Tasks, access_type: full_access, google_classification: sensitive; service: Drive, access_type: read_write, google_classification: non_sensitive; service: Sheets, access_type: full_access, google_classification: sensitive; Offline refresh token",https://www.googleapis.com/auth/calendar.events; https://www.googleapis.com/auth/tasks; https://www.googleapis.com/auth/drive.file; https://www.googleapis.com/auth/spreadsheets,4,1,0,4,4,0,2,Critical
SC-1252,Strategy H: Base Scope Combinations With Random Scope Addition,"service: Drive, access_type: read_write, google_classification: non_sensitive; service: Sheets, access_type: full_access, google_classification: sensitive; service: Gmail, access_type: write, google_classification: sensitive; Offline refresh token",https://www.googleapis.com/auth/drive.file; https://www.googleapis.com/auth/spreadsheets; https://www.googleapis.com/auth/gmail.addons.current.action.compose,5,1,0,3,3,0,2,Critical
SC-1253,Strategy H: Base Scope Combinations With Random Scope Addition,"service: Calendar, access_type: read, google_classification: sensitive; service: Tasks, access_type: read, google_classification: sensitive; service: Drive, access_type: read_write, google_classification: non_sensitive; Offline refresh token",https://www.googleapis.com/auth/calendar.events.readonly; https://www.googleapis.com/auth/tasks.readonly; https://www.googleapis.com/auth/drive.appdata,4,1,0,3,3,0,1,High
SC-1254,Strategy H: Base Scope Combinations With Random Scope Addition,"service: Gmail, access_type: full_access, google_classification: restricted; service: Drive, access_type: full_access, google_classification: restricted; service: Calendar, access_type: full_access, google_classification: sensitive; service: Contacts, access_type: full_access, google_classification: restricted; service: Drive, access_type: read_write, google_classification: sensitive; Offline refresh token",https://mail.google.com/; https://www.googleapis.com/auth/drive; https://www.googleapis.com/auth/calendar; https://www.googleapis.com/auth/contacts; https://www.googleapis.com/auth/drive.metadata,5,1,1,5,4,1,2,Critical
SC-1256,Strategy H: Base Scope Combinations With Random Scope Addition,"service: Gmail, access_type: read, google_classification: restricted; service: Drive, access_type: read, google_classification: restricted; service: Slides, access_type: full_access, google_classification: sensitive; Online access only",https://www.googleapis.com/auth/gmail.readonly; https://www.googleapis.com/auth/drive.readonly; https://www.googleapis.com/auth/presentations,5,0,0,3,3,1,2,Critical
SC-1257,Strategy H: Base Scope Combinations With Random Scope Addition,"service: Sheets, access_type: full_access, google_classification: sensitive; service: Gmail, access_type: write, google_classification: restricted; service: Drive, access_type: read_write, google_classification: non_sensitive; service: Firebase, access_type: read, google_classification: sensitive; Offline refresh token",https://www.googleapis.com/auth/spreadsheets; https://www.googleapis.com/auth/gmail.send; https://www.googleapis.com/auth/drive.file; https://www.googleapis.com/auth/firebase.readonly,5,1,0,4,4,1,2,Critical
SC-1258,Strategy H: Base Scope Combinations With Random Scope Addition,"service: Sheets, access_type: full_access, google_classification: sensitive; service: Gmail, access_type: write, google_classification: restricted; service: Contacts, access_type: read, google_classification: sensitive; service: Calendar, access_type: read, google_classification: non_sensitive; Online access only",https://www.googleapis.com/auth/spreadsheets; https://www.googleapis.com/auth/gmail.send; https://www.googleapis.com/auth/contacts.readonly; https://www.googleapis.com/auth/calendar.events.freebusy,5,0,1,4,4,1,2,Critical
SC-1259,Strategy H: Base Scope Combinations With Random Scope Addition,"service: Apps Script, access_type: write, google_classification: sensitive; service: Drive, access_type: full_access, google_classification: restricted; service: Sheets, access_type: full_access, google_classification: sensitive; service: Gmail, access_type: write, google_classification: restricted; service: Forms, access_type: read_write, google_classification: sensitive; Online access only",https://www.googleapis.com/auth/script.projects; https://www.googleapis.com/auth/drive; https://www.googleapis.com/auth/spreadsheets; https://www.googleapis.com/auth/gmail.send; https://www.googleapis.com/auth/forms,5,0,0,5,5,1,2,Critical
SC-1260,Strategy H: Base Scope Combinations With Random Scope Addition,"service: Forms, access_type: full_access, google_classification: sensitive; service: Forms, access_type: read, google_classification: sensitive; service: Sheets, access_type: full_access, google_classification: sensitive; service: Gmail, access_type: write, google_classification: restricted; service: Admin, access_type: read_write, google_classification: sensitive; Offline refresh token",https://www.googleapis.com/auth/forms.body; https://www.googleapis.com/auth/forms.responses.readonly; https://www.googleapis.com/auth/spreadsheets; https://www.googleapis.com/auth/gmail.send; https://www.googleapis.com/auth/admin.datatransfer,5,1,1,5,4,1,3,Critical
SC-1263,Strategy H: Base Scope Combinations With Random Scope Addition,"service: Admin, access_type: read, google_classification: sensitive; service: Sheets, access_type: full_access, google_classification: sensitive; service: Cloud, access_type: full_access, google_classification: sensitive; Online access only",https://www.googleapis.com/auth/admin.directory.user.readonly; https://www.googleapis.com/auth/spreadsheets; https://www.googleapis.com/auth/cloud-platform,5,0,1,3,3,0,3,Critical
SC-1264,Strategy H: Base Scope Combinations With Random Scope Addition,"service: YouTube, access_type: write, google_classification: sensitive; service: Drive, access_type: read, google_classification: restricted; service: Gmail, access_type: write, google_classification: restricted; Offline refresh token",https://www.googleapis.com/auth/youtube.upload; https://www.googleapis.com/auth/drive.readonly; https://www.googleapis.com/auth/gmail.settings.sharing,5,1,0,3,3,1,1,Critical
SC-1265,Strategy H: Base Scope Combinations With Random Scope Addition,"service: YouTube, access_type: full_access, google_classification: sensitive; service: Analytics, access_type: read, google_classification: non_sensitive; service: Drive, access_type: read_write, google_classification: non_sensitive; Online access only",https://www.googleapis.com/auth/youtube; https://www.googleapis.com/auth/analytics.readonly; https://www.googleapis.com/auth/drive.appdata,4,0,0,3,3,0,2,High
SC-1266,Strategy H: Base Scope Combinations With Random Scope Addition,"service: Photos, access_type: full_access, google_classification: sensitive; service: Drive, access_type: full_access, google_classification: restricted; service: Photos, access_type: write, google_classification: sensitive; Offline refresh token",https://www.googleapis.com/auth/photoslibrary; https://www.googleapis.com/auth/drive; https://www.googleapis.com/auth/photoslibrary.appendonly,4,1,0,3,2,1,2,High
SC-1267,Strategy H: Base Scope Combinations With Random Scope Addition,"service: Classroom, access_type: full_access, google_classification: sensitive; service: Classroom, access_type: read_write, google_classification: sensitive; service: Drive, access_type: read_write, google_classification: non_sensitive; service: Forms, access_type: full_access, google_classification: sensitive; service: Contacts, access_type: read, google_classification: sensitive; Offline refresh token",https://www.googleapis.com/auth/classroom.courses; https://www.googleapis.com/auth/classroom.rosters; https://www.googleapis.com/auth/drive.file; https://www.googleapis.com/auth/forms.body; https://www.googleapis.com/auth/user.organization.read,4,1,1,5,4,0,2,Critical
SC-1270,Strategy H: Base Scope Combinations With Random Scope Addition,"service: Chat, access_type: full_access, google_classification: sensitive; service: Drive, access_type: read, google_classification: restricted; service: YouTube, access_type: full_access, google_classification: sensitive; Online access only",https://www.googleapis.com/auth/chat.messages; https://www.googleapis.com/auth/drive.readonly; https://www.googleapis.com/auth/youtube,4,0,0,3,3,1,2,High
SC-1271,Strategy H: Base Scope Combinations With Random Scope Addition,"service: Identity, access_type: read, google_classification: non_sensitive; service: Identity, access_type: read, google_classification: non_sensitive; service: Identity, access_type: read, google_classification: non_sensitive; service: Forms, access_type: full_access, google_classification: sensitive; Offline refresh token",openid; email; profile; https://www.googleapis.com/auth/forms.body,3,1,0,4,2,0,2,High
SC-1272,Strategy H: Base Scope Combinations With Random Scope Addition,"service: Identity, access_type: read, google_classification: non_sensitive; service: Identity, access_type: read, google_classification: non_sensitive; service: Identity, access_type: read, google_classification: non_sensitive; service: Identity, access_type: read, google_classification: non_sensitive; service: Compute, access_type: read, google_classification: sensitive; Offline refresh token",openid; email; https://www.googleapis.com/auth/userinfo.email; https://www.googleapis.com/auth/userinfo.profile; https://www.googleapis.com/auth/compute.readonly,3,1,0,5,2,0,0,Medium
SC-1273,Strategy H: Base Scope Combinations With Random Scope Addition,"service: Admin, access_type: full_access, google_classification: sensitive; service: Admin, access_type: full_access, google_classification: sensitive; service: Admin, access_type: write, google_classification: sensitive; service: Gmail, access_type: read_write, google_classification: sensitive; Offline refresh token",https://www.googleapis.com/auth/admin.directory.user; https://www.googleapis.com/auth/admin.directory.group; https://www.googleapis.com/auth/admin.directory.user.security; https://www.googleapis.com/auth/gmail.settings.basic,5,1,1,4,2,0,3,Critical
SC-1274,Strategy H: Base Scope Combinations With Random Scope Addition,"service: Admin, access_type: read, google_classification: sensitive; service: Admin, access_type: read, google_classification: sensitive; service: Drive, access_type: read, google_classification: sensitive; Offline refresh token",https://www.googleapis.com/auth/admin.directory.user.readonly; https://www.googleapis.com/auth/admin.reports.audit.readonly; https://www.googleapis.com/auth/drive.activity.readonly,5,1,1,3,2,0,0,High
SC-1275,Strategy H: Base Scope Combinations With Random Scope Addition,"service: Admin, access_type: full_access, google_classification: sensitive; service: Admin, access_type: read_write, google_classification: sensitive; service: Admin, access_type: full_access, google_classification: sensitive; service: Contacts, access_type: read, google_classification: sensitive; Online access only",https://www.googleapis.com/auth/admin.directory.user; https://www.googleapis.com/auth/admin.datatransfer; https://www.googleapis.com/auth/admin.directory.domain; https://www.googleapis.com/auth/contacts.readonly,5,0,1,4,2,0,3,Critical
SC-1276,Strategy H: Base Scope Combinations With Random Scope Addition,"service: Cloud Storage, access_type: read_write, google_classification: sensitive; service: BigQuery, access_type: full_access, google_classification: sensitive; service: Firebase, access_type: read, google_classification: sensitive; Online access only",https://www.googleapis.com/auth/devstorage.read_write; https://www.googleapis.com/auth/bigquery; https://www.googleapis.com/auth/firebase.readonly,3,0,0,3,3,0,2,Medium
SC-1277,Strategy I: Low Sensitivity Service Scope Combinations Generation,"service: Identity, access_type: read, google_classification: non_sensitive; Online access only",https://www.googleapis.com/auth/userinfo.email,1,0,0,1,1,0,0,Low
SC-1278,Strategy I: Low Sensitivity Service Scope Combinations Generation,"service: Identity, access_type: read, google_classification: non_sensitive; service: Identity, access_type: read, google_classification: non_sensitive; Online access only",openid; https://www.googleapis.com/auth/userinfo.email,1,0,0,2,1,0,0,Low
SC-1279,Strategy I: Low Sensitivity Service Scope Combinations Generation,"service: Identity, access_type: read, google_classification: non_sensitive; service: Identity, access_type: read, google_classification: non_sensitive; service: Identity, access_type: read, google_classification: non_sensitive; Online access only",https://www.googleapis.com/auth/userinfo.email; https://www.googleapis.com/auth/userinfo.profile; email,1,0,0,3,1,0,0,Low
SC-1280,Strategy I: Low Sensitivity Service Scope Combinations Generation,"service: Identity, access_type: read, google_classification: non_sensitive; Online access only",https://www.googleapis.com/auth/userinfo.profile,1,0,0,1,1,0,0,Low
SC-1281,Strategy I: Low Sensitivity Service Scope Combinations Generation,"service: Identity, access_type: read, google_classification: non_sensitive; service: Identity, access_type: read, google_classification: non_sensitive; Online access only",https://www.googleapis.com/auth/userinfo.email; https://www.googleapis.com/auth/userinfo.profile,1,0,0,2,1,0,0,Low
SC-1282,Strategy I: Low Sensitivity Service Scope Combinations Generation,"service: Identity, access_type: read, google_classification: non_sensitive; service: Identity, access_type: read, google_classification: non_sensitive; service: Identity, access_type: read, google_classification: non_sensitive; Online access only",profile; https://www.googleapis.com/auth/userinfo.profile; email,1,0,0,3,1,0,0,Low
SC-1283,Strategy I: Low Sensitivity Service Scope Combinations Generation,"service: Identity, access_type: read, google_classification: non_sensitive; Online access only",openid,1,0,0,1,1,0,0,Low
SC-1284,Strategy I: Low Sensitivity Service Scope Combinations Generation,"service: Identity, access_type: read, google_classification: non_sensitive; Online access only",profile,1,0,0,1,1,0,0,Low
SC-1285,Strategy I: Low Sensitivity Service Scope Combinations Generation,"service: Identity, access_type: read, google_classification: non_sensitive; service: Identity, access_type: read, google_classification: non_sensitive; Online access only",profile; https://www.googleapis.com/auth/userinfo.profile,1,0,0,2,1,0,0,Low
SC-1286,Strategy I: Low Sensitivity Service Scope Combinations Generation,"service: Identity, access_type: read, google_classification: non_sensitive; service: Identity, access_type: read, google_classification: non_sensitive; service: Identity, access_type: read, google_classification: non_sensitive; Online access only",https://www.googleapis.com/auth/userinfo.email; profile; email,1,0,0,3,1,0,0,Low
SC-1287,Strategy I: Low Sensitivity Service Scope Combinations Generation,"service: Identity, access_type: read, google_classification: non_sensitive; Online access only",email,1,0,0,1,1,0,0,Low
SC-1288,Strategy I: Low Sensitivity Service Scope Combinations Generation,"service: Identity, access_type: read, google_classification: non_sensitive; service: Identity, access_type: read, google_classification: non_sensitive; Online access only",https://www.googleapis.com/auth/userinfo.profile; email,1,0,0,2,1,0,0,Low
SC-1289,Strategy I: Low Sensitivity Service Scope Combinations Generation,"service: Identity, access_type: read, google_classification: non_sensitive; service: Identity, access_type: read, google_classification: non_sensitive; Online access only",https://www.googleapis.com/auth/userinfo.email; profile,1,0,0,2,1,0,0,Low
SC-1290,Strategy I: Low Sensitivity Service Scope Combinations Generation,"service: Identity, access_type: read, google_classification: non_sensitive; service: Identity, access_type: read, google_classification: non_sensitive; service: Identity, access_type: read, google_classification: non_sensitive; Online access only",openid; https://www.googleapis.com/auth/userinfo.email; email,1,0,0,3,1,0,0,Low
SC-1291,Strategy I: Low Sensitivity Service Scope Combinations Generation,"service: Identity, access_type: read, google_classification: non_sensitive; service: Identity, access_type: read, google_classification: non_sensitive; service: Identity, access_type: read, google_classification: non_sensitive; service: Identity, access_type: read, google_classification: non_sensitive; Online access only",openid; https://www.googleapis.com/auth/userinfo.email; profile; https://www.googleapis.com/auth/userinfo.profile,1,0,0,4,1,0,0,Low
SC-1292,Strategy I: Low Sensitivity Service Scope Combinations Generation,"service: Identity, access_type: read, google_classification: non_sensitive; service: Identity, access_type: read, google_classification: non_sensitive; Online access only",openid; https://www.googleapis.com/auth/userinfo.profile,1,0,0,2,1,0,0,Low
SC-1293,Strategy I: Low Sensitivity Service Scope Combinations Generation,"service: Identity, access_type: read, google_classification: non_sensitive; service: Identity, access_type: read, google_classification: non_sensitive; service: Identity, access_type: read, google_classification: non_sensitive; Online access only",openid; https://www.googleapis.com/auth/userinfo.email; profile,1,0,0,3,1,0,0,Low
SC-1294,Strategy I: Low Sensitivity Service Scope Combinations Generation,"service: Identity, access_type: read, google_classification: non_sensitive; service: Identity, access_type: read, google_classification: non_sensitive; service: Identity, access_type: read, google_classification: non_sensitive; service: Identity, access_type: read, google_classification: non_sensitive; Online access only",openid; https://www.googleapis.com/auth/userinfo.email; profile; email,1,0,0,4,1,0,0,Low
SC-1295,Strategy I: Low Sensitivity Service Scope Combinations Generation,"service: Identity, access_type: read, google_classification: non_sensitive; service: Identity, access_type: read, google_classification: non_sensitive; service: Identity, access_type: read, google_classification: non_sensitive; service: Identity, access_type: read, google_classification: non_sensitive; Online access only",openid; profile; https://www.googleapis.com/auth/userinfo.profile; email,1,0,0,4,1,0,0,Low
SC-1296,Strategy I: Low Sensitivity Service Scope Combinations Generation,"service: Identity, access_type: read, google_classification: non_sensitive; service: Identity, access_type: read, google_classification: non_sensitive; Online access only",https://www.googleapis.com/auth/userinfo.email; email,1,0,0,2,1,0,0,Low
SC-1297,Strategy I: Low Sensitivity Service Scope Combinations Generation,"service: Identity, access_type: read, google_classification: non_sensitive; service: Identity, access_type: read, google_classification: non_sensitive; service: Identity, access_type: read, google_classification: non_sensitive; service: Identity, access_type: read, google_classification: non_sensitive; Online access only",openid; https://www.googleapis.com/auth/userinfo.email; https://www.googleapis.com/auth/userinfo.profile; email,1,0,0,4,1,0,0,Low
SC-1298,Strategy I: Low Sensitivity Service Scope Combinations Generation,"service: Identity, access_type: read, google_classification: non_sensitive; service: Identity, access_type: read, google_classification: non_sensitive; Online access only",openid; profile,1,0,0,2,1,0,0,Low
SC-1299,Strategy I: Low Sensitivity Service Scope Combinations Generation,"service: Identity, access_type: read, google_classification: non_sensitive; service: Identity, access_type: read, google_classification: non_sensitive; Online access only",profile; email,1,0,0,2,1,0,0,Low
SC-1300,Strategy I: Low Sensitivity Service Scope Combinations Generation,"service: Identity, access_type: read, google_classification: non_sensitive; service: Identity, access_type: read, google_classification: non_sensitive; service: Identity, access_type: read, google_classification: non_sensitive; service: Identity, access_type: read, google_classification: non_sensitive; service: Identity, access_type: read, google_classification: non_sensitive; Online access only",openid; https://www.googleapis.com/auth/userinfo.profile; profile; https://www.googleapis.com/auth/userinfo.email; email,1,0,0,5,1,0,0,Low
SC-1301,Strategy I: Low Sensitivity Service Scope Combinations Generation,"service: Identity, access_type: read, google_classification: non_sensitive; service: Identity, access_type: read, google_classification: non_sensitive; service: Identity, access_type: read, google_classification: non_sensitive; service: Identity, access_type: read, google_classification: non_sensitive; Online access only",https://www.googleapis.com/auth/userinfo.email; profile; https://www.googleapis.com/auth/userinfo.profile; email,1,0,0,4,1,0,0,Low
SC-1302,Strategy I: Low Sensitivity Service Scope Combinations Generation,"service: Identity, access_type: read, google_classification: non_sensitive; service: Identity, access_type: read, google_classification: non_sensitive; service: Identity, access_type: read, google_classification: non_sensitive; Online access only",https://www.googleapis.com/auth/userinfo.email; profile; https://www.googleapis.com/auth/userinfo.profile,1,0,0,3,1,0,0,Low
SC-1303,Strategy I: Low Sensitivity Service Scope Combinations Generation,"service: Identity, access_type: read, google_classification: non_sensitive; service: Identity, access_type: read, google_classification: non_sensitive; service: Identity, access_type: read, google_classification: non_sensitive; Online access only",openid; https://www.googleapis.com/auth/userinfo.profile; email,1,0,0,3,1,0,0,Low
SC-1304,Strategy J: Bool Switching of Medium Risk Combinations,"service: Cloud Storage, access_type: full_access, google_classification: sensitive; Offline refresh token",https://www.googleapis.com/auth/devstorage.full_control,2,1,0,1,1,0,2,Medium
SC-1305,Strategy I: Low Sensitivity Service Scope Combinations Generation,"service: Cloud Storage, access_type: full_access, google_classification: sensitive; service: Cloud Storage, access_type: read_write, google_classification: sensitive; Online access only",https://www.googleapis.com/auth/devstorage.full_control; https://www.googleapis.com/auth/devstorage.read_write,2,0,0,2,1,0,2,Medium
SC-1306,Strategy J: Bool Switching of Medium Risk Combinations,"service: Cloud Storage, access_type: read, google_classification: non_sensitive; service: Cloud Storage, access_type: full_access, google_classification: sensitive; service: Cloud Storage, access_type: read_write, google_classification: sensitive; Offline refresh token",https://www.googleapis.com/auth/devstorage.read_only; https://www.googleapis.com/auth/devstorage.full_control; https://www.googleapis.com/auth/devstorage.read_write,2,1,0,3,1,0,2,Medium
SC-1307,Strategy I: Low Sensitivity Service Scope Combinations Generation,"service: Cloud Storage, access_type: read, google_classification: non_sensitive; Online access only",https://www.googleapis.com/auth/devstorage.read_only,2,0,0,1,1,0,0,Low
SC-1308,Strategy I: Low Sensitivity Service Scope Combinations Generation,"service: Cloud Storage, access_type: read, google_classification: non_sensitive; service: Cloud Storage, access_type: full_access, google_classification: sensitive; Online access only",https://www.googleapis.com/auth/devstorage.read_only; https://www.googleapis.com/auth/devstorage.full_control,2,0,0,2,1,0,2,Medium
SC-1309,Strategy I: Low Sensitivity Service Scope Combinations Generation,"service: Cloud Storage, access_type: read_write, google_classification: sensitive; Online access only",https://www.googleapis.com/auth/devstorage.read_write,2,0,0,1,1,0,1,Low
SC-1310,Strategy I: Low Sensitivity Service Scope Combinations Generation,"service: Cloud Storage, access_type: read, google_classification: non_sensitive; service: Cloud Storage, access_type: read_write, google_classification: sensitive; Online access only",https://www.googleapis.com/auth/devstorage.read_only; https://www.googleapis.com/auth/devstorage.read_write,2,0,0,2,1,0,1,Low
SC-1311,Strategy J: Bool Switching of Medium Risk Combinations,"service: Analytics, access_type: full_access, google_classification: sensitive; Offline refresh token",https://www.googleapis.com/auth/analytics,2,1,0,1,1,0,2,Medium
SC-1312,Strategy I: Low Sensitivity Service Scope Combinations Generation,"service: Analytics, access_type: full_access, google_classification: sensitive; service: Analytics, access_type: write, google_classification: sensitive; Online access only",https://www.googleapis.com/auth/analytics; https://www.googleapis.com/auth/analytics.manage.users,2,0,0,2,1,0,3,High
SC-1313,Strategy I: Low Sensitivity Service Scope Combinations Generation,"service: Analytics, access_type: write, google_classification: sensitive; service: Analytics, access_type: full_access, google_classification: sensitive; service: Analytics, access_type: write, google_classification: sensitive; Online access only",https://www.googleapis.com/auth/analytics.edit; https://www.googleapis.com/auth/analytics; https://www.googleapis.com/auth/analytics.manage.users,2,0,0,3,1,0,3,High
SC-1314,Strategy I: Low Sensitivity Service Scope Combinations Generation,"service: Analytics, access_type: write, google_classification: sensitive; service: Analytics, access_type: full_access, google_classification: sensitive; service: Analytics, access_type: write, google_classification: sensitive; service: Analytics, access_type: read, google_classification: non_sensitive; Online access only",https://www.googleapis.com/auth/analytics.edit; https://www.googleapis.com/auth/analytics; https://www.googleapis.com/auth/analytics.manage.users; https://www.googleapis.com/auth/analytics.readonly,2,0,0,4,1,0,3,High
SC-1315,Strategy I: Low Sensitivity Service Scope Combinations Generation,"service: Analytics, access_type: read, google_classification: non_sensitive; Online access only",https://www.googleapis.com/auth/analytics.readonly,2,0,0,1,1,0,0,Low
SC-1316,Strategy J: Bool Switching of Medium Risk Combinations,"service: Analytics, access_type: full_access, google_classification: sensitive; service: Analytics, access_type: read, google_classification: non_sensitive; Offline refresh token",https://www.googleapis.com/auth/analytics; https://www.googleapis.com/auth/analytics.readonly,2,1,0,2,1,0,2,Medium
SC-1317,Strategy I: Low Sensitivity Service Scope Combinations Generation,"service: Analytics, access_type: full_access, google_classification: sensitive; service: Analytics, access_type: write, google_classification: sensitive; service: Analytics, access_type: read, google_classification: non_sensitive; Online access only",https://www.googleapis.com/auth/analytics; https://www.googleapis.com/auth/analytics.manage.users; https://www.googleapis.com/auth/analytics.readonly,2,0,0,3,1,0,3,High
SC-1318,Strategy I: Low Sensitivity Service Scope Combinations Generation,"service: Analytics, access_type: write, google_classification: sensitive; Online access only",https://www.googleapis.com/auth/analytics.edit,2,0,0,1,1,0,1,Low
SC-1319,Strategy I: Low Sensitivity Service Scope Combinations Generation,"service: Analytics, access_type: write, google_classification: sensitive; service: Analytics, access_type: write, google_classification: sensitive; Online access only",https://www.googleapis.com/auth/analytics.edit; https://www.googleapis.com/auth/analytics.manage.users,2,0,0,2,1,0,3,High
SC-1320,Strategy I: Low Sensitivity Service Scope Combinations Generation,"service: Analytics, access_type: write, google_classification: sensitive; Online access only",https://www.googleapis.com/auth/analytics.manage.users,2,0,0,1,1,0,3,High
SC-1321,Strategy I: Low Sensitivity Service Scope Combinations Generation,"service: Analytics, access_type: write, google_classification: sensitive; service: Analytics, access_type: full_access, google_classification: sensitive; Online access only",https://www.googleapis.com/auth/analytics.edit; https://www.googleapis.com/auth/analytics,2,0,0,2,1,0,2,Medium
SC-1322,Strategy I: Low Sensitivity Service Scope Combinations Generation,"service: Analytics, access_type: write, google_classification: sensitive; service: Analytics, access_type: write, google_classification: sensitive; service: Analytics, access_type: read, google_classification: non_sensitive; Online access only",https://www.googleapis.com/auth/analytics.edit; https://www.googleapis.com/auth/analytics.manage.users; https://www.googleapis.com/auth/analytics.readonly,2,0,0,3,1,0,3,High
SC-1323,Strategy I: Low Sensitivity Service Scope Combinations Generation,"service: Analytics, access_type: write, google_classification: sensitive; service: Analytics, access_type: read, google_classification: non_sensitive; Online access only",https://www.googleapis.com/auth/analytics.edit; https://www.googleapis.com/auth/analytics.readonly,2,0,0,2,1,0,1,Low
SC-1324,Strategy I: Low Sensitivity Service Scope Combinations Generation,"service: Analytics, access_type: write, google_classification: sensitive; service: Analytics, access_type: read, google_classification: non_sensitive; Online access only",https://www.googleapis.com/auth/analytics.manage.users; https://www.googleapis.com/auth/analytics.readonly,2,0,0,2,1,0,3,High
SC-1325,Strategy J: Bool Switching of Medium Risk Combinations,"service: Analytics, access_type: write, google_classification: sensitive; service: Analytics, access_type: full_access, google_classification: sensitive; service: Analytics, access_type: read, google_classification: non_sensitive; Offline refresh token",https://www.googleapis.com/auth/analytics.edit; https://www.googleapis.com/auth/analytics; https://www.googleapis.com/auth/analytics.readonly,2,1,0,3,1,0,2,Medium
SC-1326,Strategy I: Low Sensitivity Service Scope Combinations Generation,"service: AdSense, access_type: full_access, google_classification: sensitive; Online access only",https://www.googleapis.com/auth/adsense,2,0,0,1,1,0,2,Medium
SC-1327,Strategy I: Low Sensitivity Service Scope Combinations Generation,"service: AdSense, access_type: full_access, google_classification: sensitive; service: AdSense, access_type: read, google_classification: non_sensitive; Online access only",https://www.googleapis.com/auth/adsense; https://www.googleapis.com/auth/adsense.readonly,2,0,0,2,1,0,2,Medium
SC-1328,Strategy I: Low Sensitivity Service Scope Combinations Generation,"service: AdSense, access_type: read, google_classification: non_sensitive; Online access only",https://www.googleapis.com/auth/adsense.readonly,2,0,0,1,1,0,0,Low
SC-1329,Strategy I: Low Sensitivity Service Scope Combinations Generation,"service: Blogger, access_type: full_access, google_classification: sensitive; Online access only",https://www.googleapis.com/auth/blogger,2,0,0,1,1,0,2,Medium
SC-1330,Strategy I: Low Sensitivity Service Scope Combinations Generation,"service: Blogger, access_type: full_access, google_classification: sensitive; service: Blogger, access_type: read, google_classification: sensitive; Online access only",https://www.googleapis.com/auth/blogger; https://www.googleapis.com/auth/blogger.readonly,2,0,0,2,1,0,2,Medium
SC-1331,Strategy I: Low Sensitivity Service Scope Combinations Generation,"service: Blogger, access_type: read, google_classification: sensitive; Online access only",https://www.googleapis.com/auth/blogger.readonly,2,0,0,1,1,0,0,Low
SC-1332,Strategy I: Low Sensitivity Service Scope Combinations Generation,"service: Compute, access_type: full_access, google_classification: sensitive; Online access only",https://www.googleapis.com/auth/compute,3,0,0,1,1,0,2,Medium
SC-1333,Strategy J: Bool Switching of Medium Risk Combinations,"service: Compute, access_type: full_access, google_classification: sensitive; service: Compute, access_type: read, google_classification: sensitive; Offline refresh token",https://www.googleapis.com/auth/compute; https://www.googleapis.com/auth/compute.readonly,3,1,0,2,1,0,2,Medium
SC-1334,Strategy I: Low Sensitivity Service Scope Combinations Generation,"service: Compute, access_type: read, google_classification: sensitive; Online access only",https://www.googleapis.com/auth/compute.readonly,3,0,0,1,1,0,0,Low
SC-1335,Strategy I: Low Sensitivity Service Scope Combinations Generation,"service: BigQuery, access_type: full_access, google_classification: sensitive; Online access only",https://www.googleapis.com/auth/bigquery,3,0,0,1,1,0,2,Medium
SC-1336,Strategy I: Low Sensitivity Service Scope Combinations Generation,"service: BigQuery, access_type: full_access, google_classification: sensitive; service: BigQuery, access_type: write, google_classification: sensitive; Online access only",https://www.googleapis.com/auth/bigquery; https://www.googleapis.com/auth/bigquery.insertdata,3,0,0,2,1,0,2,Medium
SC-1337,Strategy I: Low Sensitivity Service Scope Combinations Generation,"service: BigQuery, access_type: write, google_classification: sensitive; Online access only",https://www.googleapis.com/auth/bigquery.insertdata,3,0,0,1,1,0,1,Low
SC-1338,Strategy I: Low Sensitivity Service Scope Combinations Generation,"service: Cloud, access_type: full_access, google_classification: sensitive; Online access only",https://www.googleapis.com/auth/cloud-platform,3,0,1,1,1,0,3,High
SC-1339,Strategy I: Low Sensitivity Service Scope Combinations Generation,"service: Cloud, access_type: read, google_classification: sensitive; service: Cloud, access_type: full_access, google_classification: sensitive; Online access only",https://www.googleapis.com/auth/cloud-platform.read-only; https://www.googleapis.com/auth/cloud-platform,3,0,1,2,1,0,3,High
SC-1340,Strategy I: Low Sensitivity Service Scope Combinations Generation,"service: Cloud, access_type: read, google_classification: sensitive; Online access only",https://www.googleapis.com/auth/cloud-platform.read-only,3,0,0,1,1,0,0,Low
SC-1341,Strategy J: Bool Switching of Medium Risk Combinations,"service: Tasks, access_type: full_access, google_classification: sensitive; Offline refresh token",https://www.googleapis.com/auth/tasks,3,1,0,1,1,0,2,Medium
SC-1342,Strategy I: Low Sensitivity Service Scope Combinations Generation,"service: Tasks, access_type: read, google_classification: sensitive; service: Tasks, access_type: full_access, google_classification: sensitive; Online access only",https://www.googleapis.com/auth/tasks.readonly; https://www.googleapis.com/auth/tasks,3,0,0,2,1,0,2,Medium
SC-1343,Strategy I: Low Sensitivity Service Scope Combinations Generation,"service: Tasks, access_type: read, google_classification: sensitive; Online access only",https://www.googleapis.com/auth/tasks.readonly,3,0,0,1,1,0,0,Low
SC-1344,Strategy J: Bool Switching of Medium Risk Combinations,"service: Calendar, access_type: full_access, google_classification: sensitive; Offline refresh token",https://www.googleapis.com/auth/calendar,3,1,0,1,1,0,2,Medium
SC-1345,Strategy I: Low Sensitivity Service Scope Combinations Generation,"service: Calendar, access_type: read_write, google_classification: sensitive; service: Calendar, access_type: full_access, google_classification: sensitive; Online access only",https://www.googleapis.com/auth/calendar.events; https://www.googleapis.com/auth/calendar,3,0,0,2,1,0,2,Medium
SC-1346,Strategy J: Bool Switching of Medium Risk Combinations,"service: Calendar, access_type: read, google_classification: sensitive; service: Calendar, access_type: read_write, google_classification: sensitive; service: Calendar, access_type: full_access, google_classification: sensitive; Offline refresh token",https://www.googleapis.com/auth/calendar.readonly; https://www.googleapis.com/auth/calendar.events; https://www.googleapis.com/auth/calendar,3,1,0,3,1,0,2,High
SC-1347,Strategy I: Low Sensitivity Service Scope Combinations Generation,"service: Calendar, access_type: read, google_classification: non_sensitive; service: Calendar, access_type: full_access, google_classification: sensitive; service: Calendar, access_type: read, google_classification: non_sensitive; service: Calendar, access_type: read, google_classification: sensitive; Online access only",https://www.googleapis.com/auth/calendar.events.freebusy; https://www.googleapis.com/auth/calendar; https://www.googleapis.com/auth/calendar.freebusy; https://www.googleapis.com/auth/calendar.events.owned.readonly,3,0,0,4,1,0,2,Medium
SC-1348,Strategy J: Bool Switching of Medium Risk Combinations,"service: Calendar, access_type: read_write, google_classification: sensitive; service: Calendar, access_type: read, google_classification: sensitive; service: Calendar, access_type: read, google_classification: sensitive; service: Calendar, access_type: read_write, google_classification: non_sensitive; service: Calendar, access_type: full_access, google_classification: sensitive; Offline refresh token",https://www.googleapis.com/auth/calendar.events.owned; https://www.googleapis.com/auth/calendar.settings.readonly; https://www.googleapis.com/auth/calendar.readonly; https://www.googleapis.com/auth/calendar.app.created; https://www.googleapis.com/auth/calendar,3,1,0,5,1,0,2,High
SC-1349,Strategy I: Low Sensitivity Service Scope Combinations Generation,"service: Calendar, access_type: read_write, google_classification: sensitive; Online access only",https://www.googleapis.com/auth/calendar.acls,3,0,0,1,1,0,1,Low
SC-1350,Strategy I: Low Sensitivity Service Scope Combinations Generation,"service: Calendar, access_type: read_write, google_classification: sensitive; service: Calendar, access_type: read_write, google_classification: sensitive; Online access only",https://www.googleapis.com/auth/calendar.acls; https://www.googleapis.com/auth/calendar.events,3,0,0,2,1,0,1,Low
SC-1351,Strategy J: Bool Switching of Medium Risk Combinations,"service: Calendar, access_type: read_write, google_classification: sensitive; service: Calendar, access_type: read, google_classification: sensitive; service: Calendar, access_type: full_access, google_classification: sensitive; Offline refresh token",https://www.googleapis.com/auth/calendar.acls; https://www.googleapis.com/auth/calendar.settings.readonly; https://www.googleapis.com/auth/calendar,3,1,0,3,1,0,2,High
SC-1352,Strategy J: Bool Switching of Medium Risk Combinations,"service: Calendar, access_type: read_write, google_classification: sensitive; service: Calendar, access_type: read, google_classification: sensitive; service: Calendar, access_type: read, google_classification: sensitive; service: Calendar, access_type: read_write, google_classification: sensitive; Offline refresh token",https://www.googleapis.com/auth/calendar.acls; https://www.googleapis.com/auth/calendar.calendars.readonly; https://www.googleapis.com/auth/calendar.events.readonly; https://www.googleapis.com/auth/calendar.calendarlist,3,1,0,4,1,0,1,Medium
SC-1353,Strategy I: Low Sensitivity Service Scope Combinations Generation,"service: Calendar, access_type: read_write, google_classification: sensitive; service: Calendar, access_type: read, google_classification: sensitive; service: Calendar, access_type: full_access, google_classification: sensitive; service: Calendar, access_type: read, google_classification: sensitive; service: Calendar, access_type: read_write, google_classification: sensitive; Online access only",https://www.googleapis.com/auth/calendar.calendarlist; https://www.googleapis.com/auth/calendar.readonly; https://www.googleapis.com/auth/calendar; https://www.googleapis.com/auth/calendar.events.owned.readonly; https://www.googleapis.com/auth/calendar.acls,3,0,0,5,1,0,2,Medium
SC-1354,Strategy I: Low Sensitivity Service Scope Combinations Generation,"service: Calendar, access_type: read, google_classification: sensitive; Online access only",https://www.googleapis.com/auth/calendar.acls.readonly,3,0,0,1,1,0,0,Low
SC-1355,Strategy I: Low Sensitivity Service Scope Combinations Generation,"service: Calendar, access_type: read, google_classification: sensitive; service: Calendar, access_type: read, google_classification: sensitive; Online access only",https://www.googleapis.com/auth/calendar.acls.readonly; https://www.googleapis.com/auth/calendar.calendars.readonly,3,0,0,2,1,0,0,Low
SC-1356,Strategy I: Low Sensitivity Service Scope Combinations Generation,"service: Calendar, access_type: read, google_classification: sensitive; service: Calendar, access_type: read, google_classification: sensitive; service: Calendar, access_type: read, google_classification: sensitive; Online access only",https://www.googleapis.com/auth/calendar.acls.readonly; https://www.googleapis.com/auth/calendar.events.readonly; https://www.googleapis.com/auth/calendar.events.owned.readonly,3,0,0,3,1,0,0,Low
SC-1357,Strategy I: Low Sensitivity Service Scope Combinations Generation,"service: Calendar, access_type: read, google_classification: sensitive; service: Calendar, access_type: read_write, google_classification: non_sensitive; service: Calendar, access_type: read_write, google_classification: sensitive; service: Calendar, access_type: read, google_classification: non_sensitive; Online access only",https://www.googleapis.com/auth/calendar.acls.readonly; https://www.googleapis.com/auth/calendar.app.created; https://www.googleapis.com/auth/calendar.calendars; https://www.googleapis.com/auth/calendar.events.public.readonly,3,0,0,4,1,0,1,Medium
SC-1358,Strategy I: Low Sensitivity Service Scope Combinations Generation,"service: Calendar, access_type: read, google_classification: sensitive; service: Calendar, access_type: read, google_classification: sensitive; service: Calendar, access_type: read, google_classification: non_sensitive; service: Calendar, access_type: read_write, google_classification: sensitive; service: Calendar, access_type: read, google_classification: sensitive; Online access only",https://www.googleapis.com/auth/calendar.acls.readonly; https://www.googleapis.com/auth/calendar.settings.readonly; https://www.googleapis.com/auth/calendar.freebusy; https://www.googleapis.com/auth/calendar.events; https://www.googleapis.com/auth/calendar.calendarlist.readonly,3,0,0,5,1,0,1,Medium
SC-1359,Strategy I: Low Sensitivity Service Scope Combinations Generation,"service: Calendar, access_type: read_write, google_classification: non_sensitive; Online access only",https://www.googleapis.com/auth/calendar.app.created,3,0,0,1,1,0,1,Low
SC-1360,Strategy I: Low Sensitivity Service Scope Combinations Generation,"service: Calendar, access_type: read_write, google_classification: non_sensitive; service: Calendar, access_type: read_write, google_classification: sensitive; Online access only",https://www.googleapis.com/auth/calendar.app.created; https://www.googleapis.com/auth/calendar.events,3,0,0,2,1,0,1,Low
SC-1361,Strategy I: Low Sensitivity Service Scope Combinations Generation,"service: Calendar, access_type: read_write, google_classification: sensitive; service: Calendar, access_type: read_write, google_classification: non_sensitive; service: Calendar, access_type: read, google_classification: sensitive; Online access only",https://www.googleapis.com/auth/calendar.events.owned; https://www.googleapis.com/auth/calendar.app.created; https://www.googleapis.com/auth/calendar.events.owned.readonly,3,0,0,3,1,0,1,Medium
SC-1362,Strategy J: Bool Switching of Medium Risk Combinations,"service: Calendar, access_type: read, google_classification: sensitive; service: Calendar, access_type: read_write, google_classification: non_sensitive; service: Calendar, access_type: read_write, google_classification: sensitive; service: Calendar, access_type: read, google_classification: non_sensitive; Offline refresh token",https://www.googleapis.com/auth/calendar.events.readonly; https://www.googleapis.com/auth/calendar.app.created; https://www.googleapis.com/auth/calendar.events; https://www.googleapis.com/auth/calendar.events.public.readonly,3,1,0,4,1,0,1,Medium
SC-1363,Strategy J: Bool Switching of Medium Risk Combinations,"service: Calendar, access_type: read, google_classification: sensitive; service: Calendar, access_type: read_write, google_classification: non_sensitive; service: Calendar, access_type: read, google_classification: non_sensitive; service: Calendar, access_type: read_write, google_classification: sensitive; service: Calendar, access_type: read_write, google_classification: sensitive; Offline refresh token",https://www.googleapis.com/auth/calendar.settings.readonly; https://www.googleapis.com/auth/calendar.app.created; https://www.googleapis.com/auth/calendar.events.freebusy; https://www.googleapis.com/auth/calendar.acls; https://www.googleapis.com/auth/calendar.calendars,3,1,0,5,1,0,1,Medium
SC-1364,Strategy I: Low Sensitivity Service Scope Combinations Generation,"service: Calendar, access_type: read_write, google_classification: sensitive; Online access only",https://www.googleapis.com/auth/calendar.calendarlist,3,0,0,1,1,0,1,Low
SC-1365,Strategy I: Low Sensitivity Service Scope Combinations Generation,"service: Calendar, access_type: read_write, google_classification: sensitive; service: Calendar, access_type: read_write, google_classification: sensitive; Online access only",https://www.googleapis.com/auth/calendar.calendarlist; https://www.googleapis.com/auth/calendar.events.owned,3,0,0,2,1,0,1,Low
SC-1366,Strategy I: Low Sensitivity Service Scope Combinations Generation,"service: Calendar, access_type: read_write, google_classification: sensitive; service: Calendar, access_type: read_write, google_classification: non_sensitive; service: Calendar, access_type: read, google_classification: sensitive; Online access only",https://www.googleapis.com/auth/calendar.calendarlist; https://www.googleapis.com/auth/calendar.app.created; https://www.googleapis.com/auth/calendar.events.readonly,3,0,0,3,1,0,1,Medium
SC-1367,Strategy J: Bool Switching of Medium Risk Combinations,"service: Calendar, access_type: read_write, google_classification: sensitive; service: Calendar, access_type: read, google_classification: non_sensitive; service: Calendar, access_type: read, google_classification: non_sensitive; service: Calendar, access_type: read, google_classification: sensitive; Offline refresh token",https://www.googleapis.com/auth/calendar.calendarlist; https://www.googleapis.com/auth/calendar.events.freebusy; https://www.googleapis.com/auth/calendar.freebusy; https://www.googleapis.com/auth/calendar.events.owned.readonly,3,1,0,4,1,0,1,Medium
SC-1368,Strategy I: Low Sensitivity Service Scope Combinations Generation,"service: Calendar, access_type: read_write, google_classification: sensitive; service: Calendar, access_type: read_write, google_classification: non_sensitive; service: Calendar, access_type: read, google_classification: sensitive; service: Calendar, access_type: read, google_classification: non_sensitive; service: Calendar, access_type: full_access, google_classification: sensitive; Online access only",https://www.googleapis.com/auth/calendar.calendarlist; https://www.googleapis.com/auth/calendar.app.created; https://www.googleapis.com/auth/calendar.readonly; https://www.googleapis.com/auth/calendar.freebusy; https://www.googleapis.com/auth/calendar,3,0,0,5,1,0,2,Medium
SC-1369,Strategy I: Low Sensitivity Service Scope Combinations Generation,"service: Calendar, access_type: read, google_classification: sensitive; Online access only",https://www.googleapis.com/auth/calendar.calendarlist.readonly,3,0,0,1,1,0,0,Low
SC-1370,Strategy I: Low Sensitivity Service Scope Combinations Generation,"service: Calendar, access_type: read_write, google_classification: sensitive; service: Calendar, access_type: read, google_classification: sensitive; Online access only",https://www.googleapis.com/auth/calendar.calendarlist; https://www.googleapis.com/auth/calendar.calendarlist.readonly,3,0,0,2,1,0,1,Low
SC-1371,Strategy I: Low Sensitivity Service Scope Combinations Generation,"service: Calendar, access_type: read, google_classification: sensitive; service: Calendar, access_type: read, google_classification: sensitive; service: Calendar, access_type: read, google_classification: non_sensitive; Online access only",https://www.googleapis.com/auth/calendar.settings.readonly; https://www.googleapis.com/auth/calendar.calendarlist.readonly; https://www.googleapis.com/auth/calendar.events.freebusy,3,0,0,3,1,0,0,Low
SC-1372,Strategy I: Low Sensitivity Service Scope Combinations Generation,"service: Calendar, access_type: read, google_classification: sensitive; service: Calendar, access_type: read, google_classification: sensitive; service: Calendar, access_type: read, google_classification: sensitive; service: Calendar, access_type: read, google_classification: non_sensitive; Online access only",https://www.googleapis.com/auth/calendar.acls.readonly; https://www.googleapis.com/auth/calendar.calendarlist.readonly; https://www.googleapis.com/auth/calendar.readonly; https://www.googleapis.com/auth/calendar.events.freebusy,3,0,0,4,1,0,0,Low
SC-1373,Strategy J: Bool Switching of Medium Risk Combinations,"service: Calendar, access_type: read, google_classification: non_sensitive; service: Calendar, access_type: read, google_classification: non_sensitive; service: Calendar, access_type: full_access, google_classification: sensitive; service: Calendar, access_type: read_write, google_classification: sensitive; service: Calendar, access_type: read, google_classification: sensitive; Offline refresh token",https://www.googleapis.com/auth/calendar.events.freebusy; https://www.googleapis.com/auth/calendar.freebusy; https://www.googleapis.com/auth/calendar; https://www.googleapis.com/auth/calendar.acls; https://www.googleapis.com/auth/calendar.calendarlist.readonly,3,1,0,5,1,0,2,High
SC-1374,Strategy I: Low Sensitivity Service Scope Combinations Generation,"service: Calendar, access_type: read_write, google_classification: sensitive; Online access only",https://www.googleapis.com/auth/calendar.calendars,3,0,0,1,1,0,1,Low
SC-1375,Strategy I: Low Sensitivity Service Scope Combinations Generation,"service: Calendar, access_type: read_write, google_classification: sensitive; service: Calendar, access_type: read, google_classification: non_sensitive; Online access only",https://www.googleapis.com/auth/calendar.calendars; https://www.googleapis.com/auth/calendar.events.freebusy,3,0,0,2,1,0,1,Low
SC-1376,Strategy I: Low Sensitivity Service Scope Combinations Generation,"service: Calendar, access_type: read_write, google_classification: sensitive; service: Calendar, access_type: read_write, google_classification: non_sensitive; service: Calendar, access_type: read_write, google_classification: sensitive; Online access only",https://www.googleapis.com/auth/calendar.acls; https://www.googleapis.com/auth/calendar.app.created; https://www.googleapis.com/auth/calendar.calendars,3,0,0,3,1,0,1,Medium
SC-1377,Strategy I: Low Sensitivity Service Scope Combinations Generation,"service: Calendar, access_type: full_access, google_classification: sensitive; service: Calendar, access_type: read, google_classification: sensitive; service: Calendar, access_type: read_write, google_classification: sensitive; service: Calendar, access_type: read, google_classification: non_sensitive; Online access only",https://www.googleapis.com/auth/calendar; https://www.googleapis.com/auth/calendar.readonly; https://www.googleapis.com/auth/calendar.calendars; https://www.googleapis.com/auth/calendar.events.freebusy,3,0,0,4,1,0,2,Medium
SC-1378,Strategy I: Low Sensitivity Service Scope Combinations Generation,"service: Calendar, access_type: read, google_classification: sensitive; service: Calendar, access_type: full_access, google_classification: sensitive; service: Calendar, access_type: read, google_classification: sensitive; service: Calendar, access_type: read_write, google_classification: sensitive; service: Calendar, access_type: read_write, google_classification: sensitive; Online access only",https://www.googleapis.com/auth/calendar.events.readonly; https://www.googleapis.com/auth/calendar; https://www.googleapis.com/auth/calendar.events.owned.readonly; https://www.googleapis.com/auth/calendar.acls; https://www.googleapis.com/auth/calendar.calendars,3,0,0,5,1,0,2,Medium
SC-1379,Strategy I: Low Sensitivity Service Scope Combinations Generation,"service: Calendar, access_type: read, google_classification: sensitive; Online access only",https://www.googleapis.com/auth/calendar.calendars.readonly,3,0,0,1,1,0,0,Low
SC-1380,Strategy I: Low Sensitivity Service Scope Combinations Generation,"service: Calendar, access_type: read, google_classification: sensitive; service: Calendar, access_type: read_write, google_classification: sensitive; Online access only",https://www.googleapis.com/auth/calendar.calendars.readonly; https://www.googleapis.com/auth/calendar.events,3,0,0,2,1,0,1,Low
SC-1381,Strategy I: Low Sensitivity Service Scope Combinations Generation,"service: Calendar, access_type: read_write, google_classification: sensitive; service: Calendar, access_type: read, google_classification: sensitive; service: Calendar, access_type: read, google_classification: sensitive; Online access only",https://www.googleapis.com/auth/calendar.calendarlist; https://www.googleapis.com/auth/calendar.calendars.readonly; https://www.googleapis.com/auth/calendar.events.owned.readonly,3,0,0,3,1,0,1,Medium
SC-1382,Strategy I: Low Sensitivity Service Scope Combinations Generation,"service: Calendar, access_type: read, google_classification: sensitive; service: Calendar, access_type: read, google_classification: sensitive; service: Calendar, access_type: read_write, google_classification: sensitive; service: Calendar, access_type: read, google_classification: non_sensitive; Online access only",https://www.googleapis.com/auth/calendar.settings.readonly; https://www.googleapis.com/auth/calendar.calendars.readonly; https://www.googleapis.com/auth/calendar.calendarlist; https://www.googleapis.com/auth/calendar.events.freebusy,3,0,0,4,1,0,1,Medium
SC-1383,Strategy I: Low Sensitivity Service Scope Combinations Generation,"service: Calendar, access_type: read, google_classification: sensitive; service: Calendar, access_type: read, google_classification: sensitive; service: Calendar, access_type: read_write, google_classification: sensitive; service: Calendar, access_type: read_write, google_classification: sensitive; service: Calendar, access_type: read_write, google_classification: sensitive; Online access only",https://www.googleapis.com/auth/calendar.acls.readonly; https://www.googleapis.com/auth/calendar.calendars.readonly; https://www.googleapis.com/auth/calendar.calendarlist; https://www.googleapis.com/auth/calendar.events; https://www.googleapis.com/auth/calendar.calendars,3,0,0,5,1,0,1,Medium
SC-1384,Strategy I: Low Sensitivity Service Scope Combinations Generation,"service: Calendar, access_type: read_write, google_classification: sensitive; Online access only",https://www.googleapis.com/auth/calendar.events,3,0,0,1,1,0,1,Low
SC-1385,Strategy I: Low Sensitivity Service Scope Combinations Generation,"service: Calendar, access_type: read, google_classification: sensitive; service: Calendar, access_type: read_write, google_classification: sensitive; Online access only",https://www.googleapis.com/auth/calendar.events.readonly; https://www.googleapis.com/auth/calendar.events,3,0,0,2,1,0,1,Low
SC-1386,Strategy I: Low Sensitivity Service Scope Combinations Generation,"service: Calendar, access_type: read, google_classification: sensitive; service: Calendar, access_type: read_write, google_classification: sensitive; service: Calendar, access_type: read, google_classification: non_sensitive; Online access only",https://www.googleapis.com/auth/calendar.acls.readonly; https://www.googleapis.com/auth/calendar.events; https://www.googleapis.com/auth/calendar.events.freebusy,3,0,0,3,1,0,1,Medium
SC-1387,Strategy J: Bool Switching of Medium Risk Combinations,"service: Calendar, access_type: read_write, google_classification: sensitive; service: Calendar, access_type: read, google_classification: sensitive; service: Calendar, access_type: read, google_classification: sensitive; service: Calendar, access_type: read_write, google_classification: sensitive; Offline refresh token",https://www.googleapis.com/auth/calendar.acls; https://www.googleapis.com/auth/calendar.calendars.readonly; https://www.googleapis.com/auth/calendar.readonly; https://www.googleapis.com/auth/calendar.events,3,1,0,4,1,0,1,Medium
SC-1388,Strategy I: Low Sensitivity Service Scope Combinations Generation,"service: Calendar, access_type: read, google_classification: sensitive; service: Calendar, access_type: read, google_classification: sensitive; service: Calendar, access_type: read_write, google_classification: sensitive; service: Calendar, access_type: read, google_classification: non_sensitive; service: Calendar, access_type: read, google_classification: sensitive; Online access only",https://www.googleapis.com/auth/calendar.events.readonly; https://www.googleapis.com/auth/calendar.calendars.readonly; https://www.googleapis.com/auth/calendar.events; https://www.googleapis.com/auth/calendar.events.public.readonly; https://www.googleapis.com/auth/calendar.events.owned.readonly,3,0,0,5,1,0,1,Medium
SC-1389,Strategy I: Low Sensitivity Service Scope Combinations Generation,"service: Calendar, access_type: read, google_classification: non_sensitive; Online access only",https://www.googleapis.com/auth/calendar.events.freebusy,3,0,0,1,1,0,0,Low
SC-1390,Strategy I: Low Sensitivity Service Scope Combinations Generation,"service: Calendar, access_type: read, google_classification: non_sensitive; service: Calendar, access_type: read, google_classification: non_sensitive; Online access only",https://www.googleapis.com/auth/calendar.events.public.readonly; https://www.googleapis.com/auth/calendar.events.freebusy,3,0,0,2,1,0,0,Low
SC-1391,Strategy I: Low Sensitivity Service Scope Combinations Generation,"service: Calendar, access_type: read_write, google_classification: non_sensitive; service: Calendar, access_type: read_write, google_classification: sensitive; service: Calendar, access_type: read, google_classification: non_sensitive; Online access only",https://www.googleapis.com/auth/calendar.app.created; https://www.googleapis.com/auth/calendar.events; https://www.googleapis.com/auth/calendar.events.freebusy,3,0,0,3,1,0,1,Medium
SC-1392,Strategy J: Bool Switching of Medium Risk Combinations,"service: Calendar, access_type: read, google_classification: sensitive; service: Calendar, access_type: read, google_classification: sensitive; service: Calendar, access_type: read_write, google_classification: sensitive; service: Calendar, access_type: read, google_classification: non_sensitive; Offline refresh token",https://www.googleapis.com/auth/calendar.events.readonly; https://www.googleapis.com/auth/calendar.calendarlist.readonly; https://www.googleapis.com/auth/calendar.events.owned; https://www.googleapis.com/auth/calendar.events.freebusy,3,1,0,4,1,0,1,Medium
SC-1393,Strategy I: Low Sensitivity Service Scope Combinations Generation,"service: Calendar, access_type: read_write, google_classification: sensitive; service: Calendar, access_type: read, google_classification: sensitive; service: Calendar, access_type: read, google_classification: non_sensitive; service: Calendar, access_type: read_write, google_classification: sensitive; service: Calendar, access_type: read_write, google_classification: sensitive; Online access only",https://www.googleapis.com/auth/calendar.calendarlist; https://www.googleapis.com/auth/calendar.events.readonly; https://www.googleapis.com/auth/calendar.events.freebusy; https://www.googleapis.com/auth/calendar.events; https://www.googleapis.com/auth/calendar.calendars,3,0,0,5,1,0,1,Medium
SC-1394,Strategy I: Low Sensitivity Service Scope Combinations Generation,"service: Calendar, access_type: read_write, google_classification: sensitive; Online access only",https://www.googleapis.com/auth/calendar.events.owned,3,0,0,1,1,0,1,Low
SC-1395,Strategy I: Low Sensitivity Service Scope Combinations Generation,"service: Calendar, access_type: read_write, google_classification: sensitive; service: Calendar, access_type: read_write, google_classification: sensitive; Online access only",https://www.googleapis.com/auth/calendar.events.owned; https://www.googleapis.com/auth/calendar.calendars,3,0,0,2,1,0,1,Low
SC-1396,Strategy J: Bool Switching of Medium Risk Combinations,"service: Calendar, access_type: read_write, google_classification: sensitive; service: Calendar, access_type: read, google_classification: sensitive; service: Calendar, access_type: read, google_classification: non_sensitive; Offline refresh token",https://www.googleapis.com/auth/calendar.events.owned; https://www.googleapis.com/auth/calendar.acls.readonly; https://www.googleapis.com/auth/calendar.events.freebusy,3,1,0,3,1,0,1,Medium
SC-1397,Strategy I: Low Sensitivity Service Scope Combinations Generation,"service: Calendar, access_type: read_write, google_classification: sensitive; service: Calendar, access_type: read, google_classification: sensitive; service: Calendar, access_type: read, google_classification: non_sensitive; service: Calendar, access_type: read, google_classification: non_sensitive; Online access only",https://www.googleapis.com/auth/calendar.events.owned; https://www.googleapis.com/auth/calendar.calendarlist.readonly; https://www.googleapis.com/auth/calendar.events.freebusy; https://www.googleapis.com/auth/calendar.freebusy,3,0,0,4,1,0,1,Medium
SC-1398,Strategy I: Low Sensitivity Service Scope Combinations Generation,"service: Calendar, access_type: read_write, google_classification: sensitive; service: Calendar, access_type: read_write, google_classification: sensitive; service: Calendar, access_type: read_write, google_classification: non_sensitive; service: Calendar, access_type: read, google_classification: sensitive; service: Calendar, access_type: read, google_classification: non_sensitive; Online access only",https://www.googleapis.com/auth/calendar.events.owned; https://www.googleapis.com/auth/calendar.calendarlist; https://www.googleapis.com/auth/calendar.app.created; https://www.googleapis.com/auth/calendar.events.readonly; https://www.googleapis.com/auth/calendar.events.public.readonly,3,0,0,5,1,0,1,Medium
SC-1399,Strategy I: Low Sensitivity Service Scope Combinations Generation,"service: Calendar, access_type: read, google_classification: sensitive; Online access only",https://www.googleapis.com/auth/calendar.events.owned.readonly,3,0,0,1,1,0,0,Low
SC-1400,Strategy I: Low Sensitivity Service Scope Combinations Generation,"service: Calendar, access_type: read, google_classification: sensitive; service: Calendar, access_type: read, google_classification: sensitive; Online access only",https://www.googleapis.com/auth/calendar.settings.readonly; https://www.googleapis.com/auth/calendar.events.owned.readonly,3,0,0,2,1,0,0,Low
SC-1401,Strategy J: Bool Switching of Medium Risk Combinations,"service: Calendar, access_type: read_write, google_classification: sensitive; service: Calendar, access_type: read, google_classification: non_sensitive; service: Calendar, access_type: read, google_classification: sensitive; Offline refresh token",https://www.googleapis.com/auth/calendar.events.owned; https://www.googleapis.com/auth/calendar.freebusy; https://www.googleapis.com/auth/calendar.events.owned.readonly,3,1,0,3,1,0,1,Medium
SC-1402,Strategy I: Low Sensitivity Service Scope Combinations Generation,"service: Calendar, access_type: read, google_classification: sensitive; service: Calendar, access_type: read, google_classification: sensitive; service: Calendar, access_type: read, google_classification: non_sensitive; service: Calendar, access_type: read, google_classification: sensitive; Online access only",https://www.googleapis.com/auth/calendar.settings.readonly; https://www.googleapis.com/auth/calendar.events.readonly; https://www.googleapis.com/auth/calendar.freebusy; https://www.googleapis.com/auth/calendar.events.owned.readonly,3,0,0,4,1,0,0,Low
SC-1403,Strategy J: Bool Switching of Medium Risk Combinations,"service: Calendar, access_type: read, google_classification: sensitive; service: Calendar, access_type: read, google_classification: sensitive; service: Calendar, access_type: read, google_classification: non_sensitive; service: Calendar, access_type: full_access, google_classification: sensitive; service: Calendar, access_type: read, google_classification: sensitive; Offline refresh token",https://www.googleapis.com/auth/calendar.events.readonly; https://www.googleapis.com/auth/calendar.acls.readonly; https://www.googleapis.com/auth/calendar.freebusy; https://www.googleapis.com/auth/calendar; https://www.googleapis.com/auth/calendar.events.owned.readonly,3,1,0,5,1,0,2,High
SC-1404,Strategy I: Low Sensitivity Service Scope Combinations Generation,"service: Calendar, access_type: read, google_classification: non_sensitive; Online access only",https://www.googleapis.com/auth/calendar.events.public.readonly,3,0,0,1,1,0,0,Low
SC-1405,Strategy I: Low Sensitivity Service Scope Combinations Generation,"service: Calendar, access_type: read_write, google_classification: sensitive; service: Calendar, access_type: read, google_classification: non_sensitive; Online access only",https://www.googleapis.com/auth/calendar.calendarlist; https://www.googleapis.com/auth/calendar.events.public.readonly,3,0,0,2,1,0,1,Low
SC-1406,Strategy I: Low Sensitivity Service Scope Combinations Generation,"service: Calendar, access_type: read, google_classification: sensitive; service: Calendar, access_type: read, google_classification: non_sensitive; service: Calendar, access_type: read, google_classification: non_sensitive; Online access only",https://www.googleapis.com/auth/calendar.calendars.readonly; https://www.googleapis.com/auth/calendar.events.freebusy; https://www.googleapis.com/auth/calendar.events.public.readonly,3,0,0,3,1,0,0,Low
SC-1407,Strategy J: Bool Switching of Medium Risk Combinations,"service: Calendar, access_type: read, google_classification: sensitive; service: Calendar, access_type: read_write, google_classification: sensitive; service: Calendar, access_type: read, google_classification: non_sensitive; service: Calendar, access_type: read, google_classification: sensitive; Offline refresh token",https://www.googleapis.com/auth/calendar.settings.readonly; https://www.googleapis.com/auth/calendar.calendarlist; https://www.googleapis.com/auth/calendar.events.public.readonly; https://www.googleapis.com/auth/calendar.events.owned.readonly,3,1,0,4,1,0,1,Medium
SC-1408,Strategy I: Low Sensitivity Service Scope Combinations Generation,"service: Calendar, access_type: read_write, google_classification: sensitive; service: Calendar, access_type: read, google_classification: non_sensitive; service: Calendar, access_type: read, google_classification: non_sensitive; service: Calendar, access_type: full_access, google_classification: sensitive; service: Calendar, access_type: read_write, google_classification: sensitive; Online access only",https://www.googleapis.com/auth/calendar.calendarlist; https://www.googleapis.com/auth/calendar.events.freebusy; https://www.googleapis.com/auth/calendar.events.public.readonly; https://www.googleapis.com/auth/calendar; https://www.googleapis.com/auth/calendar.acls,3,0,0,5,1,0,2,Medium
SC-1409,Strategy I: Low Sensitivity Service Scope Combinations Generation,"service: Calendar, access_type: read, google_classification: sensitive; Online access only",https://www.googleapis.com/auth/calendar.events.readonly,3,0,0,1,1,0,0,Low
SC-1410,Strategy I: Low Sensitivity Service Scope Combinations Generation,"service: Calendar, access_type: read, google_classification: sensitive; service: Calendar, access_type: read, google_classification: non_sensitive; Online access only",https://www.googleapis.com/auth/calendar.events.readonly; https://www.googleapis.com/auth/calendar.freebusy,3,0,0,2,1,0,0,Low
SC-1411,Strategy I: Low Sensitivity Service Scope Combinations Generation,"service: Calendar, access_type: read, google_classification: sensitive; service: Calendar, access_type: read, google_classification: sensitive; service: Calendar, access_type: read, google_classification: non_sensitive; Online access only",https://www.googleapis.com/auth/calendar.events.readonly; https://www.googleapis.com/auth/calendar.settings.readonly; https://www.googleapis.com/auth/calendar.freebusy,3,0,0,3,1,0,0,Low
SC-1412,Strategy I: Low Sensitivity Service Scope Combinations Generation,"service: Calendar, access_type: read, google_classification: sensitive; service: Calendar, access_type: read, google_classification: sensitive; service: Calendar, access_type: read_write, google_classification: sensitive; service: Calendar, access_type: read_write, google_classification: sensitive; Online access only",https://www.googleapis.com/auth/calendar.events.readonly; https://www.googleapis.com/auth/calendar.acls.readonly; https://www.googleapis.com/auth/calendar.acls; https://www.googleapis.com/auth/calendar.events,3,0,0,4,1,0,1,Medium
SC-1413,Strategy J: Bool Switching of Medium Risk Combinations,"service: Calendar, access_type: read, google_classification: sensitive; service: Calendar, access_type: read_write, google_classification: sensitive; service: Calendar, access_type: read, google_classification: sensitive; service: Calendar, access_type: read_write, google_classification: non_sensitive; service: Calendar, access_type: read, google_classification: non_sensitive; Offline refresh token",https://www.googleapis.com/auth/calendar.events.readonly; https://www.googleapis.com/auth/calendar.events.owned; https://www.googleapis.com/auth/calendar.readonly; https://www.googleapis.com/auth/calendar.app.created; https://www.googleapis.com/auth/calendar.events.freebusy,3,1,0,5,1,0,1,Medium
SC-1414,Strategy I: Low Sensitivity Service Scope Combinations Generation,"service: Calendar, access_type: read, google_classification: non_sensitive; Online access only",https://www.googleapis.com/auth/calendar.freebusy,3,0,0,1,1,0,0,Low
SC-1415,Strategy I: Low Sensitivity Service Scope Combinations Generation,"service: Calendar, access_type: read_write, google_classification: sensitive; service: Calendar, access_type: read, google_classification: non_sensitive; Online access only",https://www.googleapis.com/auth/calendar.events.owned; https://www.googleapis.com/auth/calendar.freebusy,3,0,0,2,1,0,1,Low
SC-1416,Strategy J: Bool Switching of Medium Risk Combinations,"service: Calendar, access_type: read_write, google_classification: sensitive; service: Calendar, access_type: read_write, google_classification: non_sensitive; service: Calendar, access_type: read, google_classification: non_sensitive; Offline refresh token",https://www.googleapis.com/auth/calendar.acls; https://www.googleapis.com/auth/calendar.app.created; https://www.googleapis.com/auth/calendar.freebusy,3,1,0,3,1,0,1,Medium
SC-1417,Strategy I: Low Sensitivity Service Scope Combinations Generation,"service: Calendar, access_type: read, google_classification: sensitive; service: Calendar, access_type: read_write, google_classification: sensitive; service: Calendar, access_type: read_write, google_classification: sensitive; service: Calendar, access_type: read, google_classification: non_sensitive; Online access only",https://www.googleapis.com/auth/calendar.settings.readonly; https://www.googleapis.com/auth/calendar.calendars; https://www.googleapis.com/auth/calendar.acls; https://www.googleapis.com/auth/calendar.freebusy,3,0,0,4,1,0,1,Medium
SC-1418,Strategy I: Low Sensitivity Service Scope Combinations Generation,"service: Calendar, access_type: read, google_classification: sensitive; service: Calendar, access_type: read, google_classification: sensitive; service: Calendar, access_type: read, google_classification: sensitive; service: Calendar, access_type: read_write, google_classification: sensitive; service: Calendar, access_type: read, google_classification: non_sensitive; Online access only",https://www.googleapis.com/auth/calendar.settings.readonly; https://www.googleapis.com/auth/calendar.calendars.readonly; https://www.googleapis.com/auth/calendar.readonly; https://www.googleapis.com/auth/calendar.calendarlist; https://www.googleapis.com/auth/calendar.freebusy,3,0,0,5,1,0,1,Medium
SC-1419,Strategy I: Low Sensitivity Service Scope Combinations Generation,"service: Calendar, access_type: read, google_classification: sensitive; Online access only",https://www.googleapis.com/auth/calendar.readonly,3,0,0,1,1,0,0,Low
SC-1420,Strategy I: Low Sensitivity Service Scope Combinations Generation,"service: Calendar, access_type: read_write, google_classification: sensitive; service: Calendar, access_type: read, google_classification: sensitive; Online access only",https://www.googleapis.com/auth/calendar.calendarlist; https://www.googleapis.com/auth/calendar.readonly,3,0,0,2,1,0,1,Low
SC-1421,Strategy J: Bool Switching of Medium Risk Combinations,"service: Calendar, access_type: full_access, google_classification: sensitive; service: Calendar, access_type: read, google_classification: sensitive; service: Calendar, access_type: read, google_classification: non_sensitive; Offline refresh token",https://www.googleapis.com/auth/calendar; https://www.googleapis.com/auth/calendar.readonly; https://www.googleapis.com/auth/calendar.events.freebusy,3,1,0,3,1,0,2,High
SC-1422,Strategy I: Low Sensitivity Service Scope Combinations Generation,"service: Calendar, access_type: read, google_classification: sensitive; service: Calendar, access_type: read, google_classification: sensitive; service: Calendar, access_type: read_write, google_classification: sensitive; service: Calendar, access_type: read_write, google_classification: non_sensitive; Online access only",https://www.googleapis.com/auth/calendar.acls.readonly; https://www.googleapis.com/auth/calendar.readonly; https://www.googleapis.com/auth/calendar.calendars; https://www.googleapis.com/auth/calendar.app.created,3,0,0,4,1,0,1,Medium
SC-1423,Strategy I: Low Sensitivity Service Scope Combinations Generation,"service: Calendar, access_type: read_write, google_classification: sensitive; service: Calendar, access_type: read, google_classification: sensitive; service: Calendar, access_type: read, google_classification: sensitive; service: Calendar, access_type: read_write, google_classification: non_sensitive; service: Calendar, access_type: full_access, google_classification: sensitive; Online access only",https://www.googleapis.com/auth/calendar.calendarlist; https://www.googleapis.com/auth/calendar.settings.readonly; https://www.googleapis.com/auth/calendar.readonly; https://www.googleapis.com/auth/calendar.app.created; https://www.googleapis.com/auth/calendar,3,0,0,5,1,0,2,Medium
SC-1424,Strategy I: Low Sensitivity Service Scope Combinations Generation,"service: Calendar, access_type: read, google_classification: sensitive; Online access only",https://www.googleapis.com/auth/calendar.settings.readonly,3,0,0,1,1,0,0,Low
SC-1425,Strategy I: Low Sensitivity Service Scope Combinations Generation,"service: Calendar, access_type: read, google_classification: sensitive; service: Calendar, access_type: read_write, google_classification: non_sensitive; Online access only",https://www.googleapis.com/auth/calendar.settings.readonly; https://www.googleapis.com/auth/calendar.app.created,3,0,0,2,1,0,1,Low
SC-1426,Strategy I: Low Sensitivity Service Scope Combinations Generation,"service: Calendar, access_type: read, google_classification: sensitive; service: Calendar, access_type: read, google_classification: sensitive; service: Calendar, access_type: read_write, google_classification: sensitive; Online access only",https://www.googleapis.com/auth/calendar.settings.readonly; https://www.googleapis.com/auth/calendar.calendars.readonly; https://www.googleapis.com/auth/calendar.calendars,3,0,0,3,1,0,1,Medium
SC-1427,Strategy J: Bool Switching of Medium Risk Combinations,"service: Calendar, access_type: read, google_classification: sensitive; service: Calendar, access_type: read_write, google_classification: non_sensitive; service: Calendar, access_type: full_access, google_classification: sensitive; service: Calendar, access_type: read, google_classification: sensitive; Offline refresh token",https://www.googleapis.com/auth/calendar.settings.readonly; https://www.googleapis.com/auth/calendar.app.created; https://www.googleapis.com/auth/calendar; https://www.googleapis.com/auth/calendar.readonly,3,1,0,4,1,0,2,High
SC-1428,Strategy J: Bool Switching of Medium Risk Combinations,"service: Calendar, access_type: read, google_classification: sensitive; service: Calendar, access_type: read_write, google_classification: non_sensitive; service: Calendar, access_type: read, google_classification: non_sensitive; service: Calendar, access_type: read, google_classification: non_sensitive; service: Calendar, access_type: read_write, google_classification: sensitive; Offline refresh token",https://www.googleapis.com/auth/calendar.settings.readonly; https://www.googleapis.com/auth/calendar.app.created; https://www.googleapis.com/auth/calendar.freebusy; https://www.googleapis.com/auth/calendar.events.public.readonly; https://www.googleapis.com/auth/calendar.acls,3,1,0,5,1,0,1,Medium
SC-1429,Strategy I: Low Sensitivity Service Scope Combinations Generation,"service: Calendar, access_type: read, google_classification: non_sensitive; service: Calendar, access_type: full_access, google_classification: sensitive; Online access only",https://www.googleapis.com/auth/calendar.events.freebusy; https://www.googleapis.com/auth/calendar,3,0,0,2,1,0,2,Medium
SC-1430,Strategy J: Bool Switching of Medium Risk Combinations,"service: Calendar, access_type: read, google_classification: non_sensitive; service: Calendar, access_type: full_access, google_classification: sensitive; service: Calendar, access_type: read, google_classification: sensitive; Offline refresh token",https://www.googleapis.com/auth/calendar.events.public.readonly; https://www.googleapis.com/auth/calendar; https://www.googleapis.com/auth/calendar.readonly,3,1,0,3,1,0,2,High
SC-1431,Strategy I: Low Sensitivity Service Scope Combinations Generation,"service: Calendar, access_type: read_write, google_classification: sensitive; service: Calendar, access_type: read, google_classification: sensitive; Online access only",https://www.googleapis.com/auth/calendar.acls; https://www.googleapis.com/auth/calendar.calendarlist.readonly,3,0,0,2,1,0,1,Low
SC-1432,Strategy J: Bool Switching of Medium Risk Combinations,"service: Calendar, access_type: read_write, google_classification: sensitive; service: Calendar, access_type: read, google_classification: sensitive; service: Calendar, access_type: read_write, google_classification: sensitive; Offline refresh token",https://www.googleapis.com/auth/calendar.acls; https://www.googleapis.com/auth/calendar.calendars.readonly; https://www.googleapis.com/auth/calendar.events,3,1,0,3,1,0,1,Medium
SC-1433,Strategy I: Low Sensitivity Service Scope Combinations Generation,"service: Calendar, access_type: read, google_classification: sensitive; service: Calendar, access_type: read, google_classification: non_sensitive; Online access only",https://www.googleapis.com/auth/calendar.acls.readonly; https://www.googleapis.com/auth/calendar.freebusy,3,0,0,2,1,0,0,Low
SC-1434,Strategy J: Bool Switching of Medium Risk Combinations,"service: Calendar, access_type: read, google_classification: sensitive; service: Calendar, access_type: read_write, google_classification: non_sensitive; service: Calendar, access_type: read, google_classification: sensitive; Offline refresh token",https://www.googleapis.com/auth/calendar.acls.readonly; https://www.googleapis.com/auth/calendar.app.created; https://www.googleapis.com/auth/calendar.events.readonly,3,1,0,3,1,0,1,Medium
SC-1435,Strategy I: Low Sensitivity Service Scope Combinations Generation,"service: Calendar, access_type: read_write, google_classification: sensitive; service: Calendar, access_type: read_write, google_classification: non_sensitive; Online access only",https://www.googleapis.com/auth/calendar.calendarlist; https://www.googleapis.com/auth/calendar.app.created,3,0,0,2,1,0,1,Low
SC-1436,Strategy I: Low Sensitivity Service Scope Combinations Generation,"service: Calendar, access_type: read, google_classification: sensitive; service: Calendar, access_type: read_write, google_classification: non_sensitive; service: Calendar, access_type: full_access, google_classification: sensitive; Online access only",https://www.googleapis.com/auth/calendar.calendarlist.readonly; https://www.googleapis.com/auth/calendar.app.created; https://www.googleapis.com/auth/calendar,3,0,0,3,1,0,2,Medium
SC-1437,Strategy I: Low Sensitivity Service Scope Combinations Generation,"service: Calendar, access_type: read_write, google_classification: sensitive; service: Calendar, access_type: read, google_classification: sensitive; Online access only",https://www.googleapis.com/auth/calendar.calendarlist; https://www.googleapis.com/auth/calendar.calendars.readonly,3,0,0,2,1,0,1,Low
SC-1438,Strategy I: Low Sensitivity Service Scope Combinations Generation,"service: Calendar, access_type: read_write, google_classification: sensitive; service: Calendar, access_type: read, google_classification: sensitive; service: Calendar, access_type: read, google_classification: sensitive; Online access only",https://www.googleapis.com/auth/calendar.calendarlist; https://www.googleapis.com/auth/calendar.calendarlist.readonly; https://www.googleapis.com/auth/calendar.settings.readonly,3,0,0,3,1,0,1,Medium
SC-1439,Strategy I: Low Sensitivity Service Scope Combinations Generation,"service: Calendar, access_type: read, google_classification: sensitive; service: Calendar, access_type: read_write, google_classification: sensitive; Online access only",https://www.googleapis.com/auth/calendar.calendarlist.readonly; https://www.googleapis.com/auth/calendar.calendars,3,0,0,2,1,0,1,Low
SC-1440,Strategy I: Low Sensitivity Service Scope Combinations Generation,"service: Calendar, access_type: read, google_classification: sensitive; service: Calendar, access_type: read, google_classification: sensitive; service: Calendar, access_type: read, google_classification: non_sensitive; Online access only",https://www.googleapis.com/auth/calendar.calendarlist.readonly; https://www.googleapis.com/auth/calendar.readonly; https://www.googleapis.com/auth/calendar.events.freebusy,3,0,0,3,1,0,0,Low
SC-1441,Strategy I: Low Sensitivity Service Scope Combinations Generation,"service: Calendar, access_type: read_write, google_classification: non_sensitive; service: Calendar, access_type: read_write, google_classification: sensitive; service: Calendar, access_type: read, google_classification: sensitive; Online access only",https://www.googleapis.com/auth/calendar.app.created; https://www.googleapis.com/auth/calendar.calendars; https://www.googleapis.com/auth/calendar.readonly,3,0,0,3,1,0,1,Medium
SC-1442,Strategy I: Low Sensitivity Service Scope Combinations Generation,"service: Calendar, access_type: read, google_classification: sensitive; service: Calendar, access_type: read, google_classification: sensitive; Online access only",https://www.googleapis.com/auth/calendar.calendars.readonly; https://www.googleapis.com/auth/calendar.events.owned.readonly,3,0,0,2,1,0,0,Low
SC-1443,Strategy I: Low Sensitivity Service Scope Combinations Generation,"service: Calendar, access_type: read, google_classification: sensitive; service: Calendar, access_type: read_write, google_classification: sensitive; service: Calendar, access_type: read, google_classification: non_sensitive; Online access only",https://www.googleapis.com/auth/calendar.calendars.readonly; https://www.googleapis.com/auth/calendar.events; https://www.googleapis.com/auth/calendar.events.public.readonly,3,0,0,3,1,0,1,Medium
SC-1444,Strategy I: Low Sensitivity Service Scope Combinations Generation,"service: Calendar, access_type: read_write, google_classification: sensitive; service: Calendar, access_type: read, google_classification: non_sensitive; Online access only",https://www.googleapis.com/auth/calendar.events; https://www.googleapis.com/auth/calendar.events.public.readonly,3,0,0,2,1,0,1,Low
SC-1445,Strategy I: Low Sensitivity Service Scope Combinations Generation,"service: Calendar, access_type: read_write, google_classification: non_sensitive; service: Calendar, access_type: read_write, google_classification: sensitive; service: Calendar, access_type: read, google_classification: non_sensitive; Online access only",https://www.googleapis.com/auth/calendar.app.created; https://www.googleapis.com/auth/calendar.events; https://www.googleapis.com/auth/calendar.freebusy,3,0,0,3,1,0,1,Medium
SC-1446,Strategy I: Low Sensitivity Service Scope Combinations Generation,"service: Calendar, access_type: read, google_classification: sensitive; service: Calendar, access_type: read, google_classification: non_sensitive; Online access only",https://www.googleapis.com/auth/calendar.events.readonly; https://www.googleapis.com/auth/calendar.events.freebusy,3,0,0,2,1,0,0,Low
SC-1447,Strategy I: Low Sensitivity Service Scope Combinations Generation,"service: Calendar, access_type: read, google_classification: sensitive; service: Calendar, access_type: read_write, google_classification: sensitive; service: Calendar, access_type: read, google_classification: non_sensitive; Online access only",https://www.googleapis.com/auth/calendar.events.readonly; https://www.googleapis.com/auth/calendar.calendarlist; https://www.googleapis.com/auth/calendar.events.freebusy,3,0,0,3,1,0,1,Medium
SC-1448,Strategy J: Bool Switching of Medium Risk Combinations,"service: Calendar, access_type: read_write, google_classification: sensitive; service: Calendar, access_type: full_access, google_classification: sensitive; Offline refresh token",https://www.googleapis.com/auth/calendar.events.owned; https://www.googleapis.com/auth/calendar,3,1,0,2,1,0,2,Medium
SC-1449,Strategy J: Bool Switching of Medium Risk Combinations,"service: Calendar, access_type: read_write, google_classification: sensitive; service: Calendar, access_type: read, google_classification: non_sensitive; service: Calendar, access_type: read, google_classification: non_sensitive; Offline refresh token",https://www.googleapis.com/auth/calendar.events.owned; https://www.googleapis.com/auth/calendar.events.freebusy; https://www.googleapis.com/auth/calendar.freebusy,3,1,0,3,1,0,1,Medium
SC-1450,Strategy I: Low Sensitivity Service Scope Combinations Generation,"service: Calendar, access_type: read_write, google_classification: non_sensitive; service: Calendar, access_type: read, google_classification: sensitive; Online access only",https://www.googleapis.com/auth/calendar.app.created; https://www.googleapis.com/auth/calendar.events.owned.readonly,3,0,0,2,1,0,1,Low
SC-1451,Strategy I: Low Sensitivity Service Scope Combinations Generation,"service: Calendar, access_type: full_access, google_classification: sensitive; service: Calendar, access_type: read, google_classification: non_sensitive; service: Calendar, access_type: read, google_classification: sensitive; Online access only",https://www.googleapis.com/auth/calendar; https://www.googleapis.com/auth/calendar.events.public.readonly; https://www.googleapis.com/auth/calendar.events.owned.readonly,3,0,0,3,1,0,2,Medium
SC-1452,Strategy I: Low Sensitivity Service Scope Combinations Generation,"service: Calendar, access_type: read, google_classification: non_sensitive; service: Calendar, access_type: read, google_classification: non_sensitive; Online access only",https://www.googleapis.com/auth/calendar.events.freebusy; https://www.googleapis.com/auth/calendar.events.public.readonly,3,0,0,2,1,0,0,Low
SC-1453,Strategy J: Bool Switching of Medium Risk Combinations,"service: Calendar, access_type: read_write, google_classification: sensitive; service: Calendar, access_type: read, google_classification: non_sensitive; service: Calendar, access_type: read, google_classification: non_sensitive; Offline refresh token",https://www.googleapis.com/auth/calendar.acls; https://www.googleapis.com/auth/calendar.events.public.readonly; https://www.googleapis.com/auth/calendar.freebusy,3,1,0,3,1,0,1,Medium
SC-1454,Strategy I: Low Sensitivity Service Scope Combinations Generation,"service: Calendar, access_type: read, google_classification: sensitive; service: Calendar, access_type: read_write, google_classification: sensitive; Online access only",https://www.googleapis.com/auth/calendar.events.readonly; https://www.googleapis.com/auth/calendar.acls,3,0,0,2,1,0,1,Low
SC-1455,Strategy I: Low Sensitivity Service Scope Combinations Generation,"service: Calendar, access_type: read, google_classification: sensitive; service: Calendar, access_type: read_write, google_classification: sensitive; service: Calendar, access_type: read, google_classification: sensitive; Online access only",https://www.googleapis.com/auth/calendar.events.readonly; https://www.googleapis.com/auth/calendar.calendarlist; https://www.googleapis.com/auth/calendar.events.owned.readonly,3,0,0,3,1,0,1,Medium
SC-1456,Strategy I: Low Sensitivity Service Scope Combinations Generation,"service: Calendar, access_type: read_write, google_classification: sensitive; service: Calendar, access_type: read, google_classification: non_sensitive; Online access only",https://www.googleapis.com/auth/calendar.events; https://www.googleapis.com/auth/calendar.freebusy,3,0,0,2,1,0,1,Low
SC-1457,Strategy I: Low Sensitivity Service Scope Combinations Generation,"service: Calendar, access_type: read, google_classification: sensitive; service: Calendar, access_type: full_access, google_classification: sensitive; service: Calendar, access_type: read, google_classification: non_sensitive; Online access only",https://www.googleapis.com/auth/calendar.calendarlist.readonly; https://www.googleapis.com/auth/calendar; https://www.googleapis.com/auth/calendar.freebusy,3,0,0,3,1,0,2,Medium
SC-1458,Strategy I: Low Sensitivity Service Scope Combinations Generation,"service: Calendar, access_type: read, google_classification: sensitive; service: Calendar, access_type: read, google_classification: sensitive; Online access only",https://www.googleapis.com/auth/calendar.readonly; https://www.googleapis.com/auth/calendar.events.owned.readonly,3,0,0,2,1,0,0,Low
SC-1459,Strategy I: Low Sensitivity Service Scope Combinations Generation,"service: Calendar, access_type: read, google_classification: sensitive; service: Calendar, access_type: read, google_classification: sensitive; service: Calendar, access_type: read_write, google_classification: sensitive; Online access only",https://www.googleapis.com/auth/calendar.settings.readonly; https://www.googleapis.com/auth/calendar.readonly; https://www.googleapis.com/auth/calendar.calendars,3,0,0,3,1,0,1,Medium
SC-1460,Strategy I: Low Sensitivity Service Scope Combinations Generation,"service: Calendar, access_type: read, google_classification: sensitive; service: Calendar, access_type: read, google_classification: sensitive; service: Calendar, access_type: read, google_classification: non_sensitive; Online access only",https://www.googleapis.com/auth/calendar.settings.readonly; https://www.googleapis.com/auth/calendar.acls.readonly; https://www.googleapis.com/auth/calendar.events.public.readonly,3,0,0,3,1,0,0,Low
SC-1461,Strategy J: Bool Switching of Medium Risk Combinations,"service: Calendar, access_type: read, google_classification: sensitive; service: Calendar, access_type: full_access, google_classification: sensitive; Offline refresh token",https://www.googleapis.com/auth/calendar.calendarlist.readonly; https://www.googleapis.com/auth/calendar,3,1,0,2,1,0,2,Medium
SC-1462,Strategy I: Low Sensitivity Service Scope Combinations Generation,"service: Calendar, access_type: read_write, google_classification: sensitive; service: Calendar, access_type: full_access, google_classification: sensitive; service: Calendar, access_type: read, google_classification: sensitive; Online access only",https://www.googleapis.com/auth/calendar.calendarlist; https://www.googleapis.com/auth/calendar; https://www.googleapis.com/auth/calendar.events.owned.readonly,3,0,0,3,1,0,2,Medium
SC-1463,Strategy I: Low Sensitivity Service Scope Combinations Generation,"service: Calendar, access_type: read_write, google_classification: sensitive; service: Calendar, access_type: read_write, google_classification: sensitive; service: Calendar, access_type: full_access, google_classification: sensitive; service: Calendar, access_type: read, google_classification: non_sensitive; Online access only",https://www.googleapis.com/auth/calendar.events.owned; https://www.googleapis.com/auth/calendar.calendarlist; https://www.googleapis.com/auth/calendar; https://www.googleapis.com/auth/calendar.freebusy,3,0,0,4,1,0,2,Medium
SC-1464,Strategy I: Low Sensitivity Service Scope Combinations Generation,"service: Calendar, access_type: read_write, google_classification: sensitive; service: Calendar, access_type: read, google_classification: non_sensitive; service: Calendar, access_type: read, google_classification: non_sensitive; Online access only",https://www.googleapis.com/auth/calendar.acls; https://www.googleapis.com/auth/calendar.events.public.readonly; https://www.googleapis.com/auth/calendar.events.freebusy,3,0,0,3,1,0,1,Medium
SC-1465,Strategy I: Low Sensitivity Service Scope Combinations Generation,"service: Calendar, access_type: read_write, google_classification: sensitive; service: Calendar, access_type: read, google_classification: sensitive; service: Calendar, access_type: read, google_classification: sensitive; service: Calendar, access_type: read, google_classification: non_sensitive; Online access only",https://www.googleapis.com/auth/calendar.acls; https://www.googleapis.com/auth/calendar.readonly; https://www.googleapis.com/auth/calendar.acls.readonly; https://www.googleapis.com/auth/calendar.events.public.readonly,3,0,0,4,1,0,1,Medium
SC-1466,Strategy I: Low Sensitivity Service Scope Combinations Generation,"service: Calendar, access_type: read, google_classification: sensitive; service: Calendar, access_type: read, google_classification: sensitive; Online access only",https://www.googleapis.com/auth/calendar.acls.readonly; https://www.googleapis.com/auth/calendar.readonly,3,0,0,2,1,0,0,Low
SC-1467,Strategy I: Low Sensitivity Service Scope Combinations Generation,"service: Calendar, access_type: read, google_classification: sensitive; service: Calendar, access_type: read, google_classification: sensitive; service: Calendar, access_type: read, google_classification: sensitive; Online access only",https://www.googleapis.com/auth/calendar.acls.readonly; https://www.googleapis.com/auth/calendar.calendarlist.readonly; https://www.googleapis.com/auth/calendar.settings.readonly,3,0,0,3,1,0,0,Low
SC-1468,Strategy I: Low Sensitivity Service Scope Combinations Generation,"service: Calendar, access_type: read, google_classification: sensitive; service: Calendar, access_type: read, google_classification: sensitive; service: Calendar, access_type: read_write, google_classification: sensitive; service: Calendar, access_type: read_write, google_classification: sensitive; Online access only",https://www.googleapis.com/auth/calendar.acls.readonly; https://www.googleapis.com/auth/calendar.settings.readonly; https://www.googleapis.com/auth/calendar.calendarlist; https://www.googleapis.com/auth/calendar.events,3,0,0,4,1,0,1,Medium
SC-1469,Strategy I: Low Sensitivity Service Scope Combinations Generation,"service: Calendar, access_type: read_write, google_classification: sensitive; service: Calendar, access_type: read_write, google_classification: non_sensitive; Online access only",https://www.googleapis.com/auth/calendar.events.owned; https://www.googleapis.com/auth/calendar.app.created,3,0,0,2,1,0,1,Low
SC-1470,Strategy I: Low Sensitivity Service Scope Combinations Generation,"service: Calendar, access_type: read_write, google_classification: non_sensitive; service: Calendar, access_type: read, google_classification: non_sensitive; service: Calendar, access_type: read, google_classification: sensitive; Online access only",https://www.googleapis.com/auth/calendar.app.created; https://www.googleapis.com/auth/calendar.events.public.readonly; https://www.googleapis.com/auth/calendar.events.owned.readonly,3,0,0,3,1,0,1,Medium
SC-1471,Strategy J: Bool Switching of Medium Risk Combinations,"service: Calendar, access_type: read, google_classification: sensitive; service: Calendar, access_type: read_write, google_classification: non_sensitive; service: Calendar, access_type: read_write, google_classification: sensitive; service: Calendar, access_type: full_access, google_classification: sensitive; Offline refresh token",https://www.googleapis.com/auth/calendar.acls.readonly; https://www.googleapis.com/auth/calendar.app.created; https://www.googleapis.com/auth/calendar.acls; https://www.googleapis.com/auth/calendar,3,1,0,4,1,0,2,High
SC-1472,Strategy I: Low Sensitivity Service Scope Combinations Generation,"service: Calendar, access_type: read_write, google_classification: sensitive; service: Calendar, access_type: read, google_classification: sensitive; service: Calendar, access_type: read_write, google_classification: non_sensitive; Online access only",https://www.googleapis.com/auth/calendar.calendarlist; https://www.googleapis.com/auth/calendar.calendars.readonly; https://www.googleapis.com/auth/calendar.app.created,3,0,0,3,1,0,1,Medium
SC-1473,Strategy I: Low Sensitivity Service Scope Combinations Generation,"service: Calendar, access_type: read_write, google_classification: sensitive; service: Calendar, access_type: read_write, google_classification: non_sensitive; service: Calendar, access_type: read_write, google_classification: sensitive; service: Calendar, access_type: read, google_classification: sensitive; Online access only",https://www.googleapis.com/auth/calendar.calendarlist; https://www.googleapis.com/auth/calendar.app.created; https://www.googleapis.com/auth/calendar.events.owned; https://www.googleapis.com/auth/calendar.readonly,3,0,0,4,1,0,1,Medium
SC-1474,Strategy I: Low Sensitivity Service Scope Combinations Generation,"service: Calendar, access_type: read, google_classification: sensitive; service: Calendar, access_type: read, google_classification: sensitive; Online access only",https://www.googleapis.com/auth/calendar.calendarlist.readonly; https://www.googleapis.com/auth/calendar.calendars.readonly,3,0,0,2,1,0,0,Low
SC-1475,Strategy J: Bool Switching of Medium Risk Combinations,"service: Calendar, access_type: read, google_classification: sensitive; service: Calendar, access_type: read_write, google_classification: non_sensitive; service: Calendar, access_type: read, google_classification: sensitive; Offline refresh token",https://www.googleapis.com/auth/calendar.calendarlist.readonly; https://www.googleapis.com/auth/calendar.app.created; https://www.googleapis.com/auth/calendar.calendars.readonly,3,1,0,3,1,0,1,Medium
SC-1476,Strategy I: Low Sensitivity Service Scope Combinations Generation,"service: Calendar, access_type: read, google_classification: sensitive; service: Calendar, access_type: read, google_classification: sensitive; service: Calendar, access_type: read, google_classification: sensitive; service: Calendar, access_type: read, google_classification: non_sensitive; Online access only",https://www.googleapis.com/auth/calendar.events.readonly; https://www.googleapis.com/auth/calendar.calendarlist.readonly; https://www.googleapis.com/auth/calendar.acls.readonly; https://www.googleapis.com/auth/calendar.events.public.readonly,3,0,0,4,1,0,0,Low
SC-1477,Strategy I: Low Sensitivity Service Scope Combinations Generation,"service: Calendar, access_type: read_write, google_classification: sensitive; service: Calendar, access_type: read_write, google_classification: sensitive; Online access only",https://www.googleapis.com/auth/calendar.acls; https://www.googleapis.com/auth/calendar.calendars,3,0,0,2,1,0,1,Low
SC-1478,Strategy J: Bool Switching of Medium Risk Combinations,"service: Calendar, access_type: read_write, google_classification: non_sensitive; service: Calendar, access_type: read_write, google_classification: sensitive; service: Calendar, access_type: read_write, google_classification: sensitive; Offline refresh token",https://www.googleapis.com/auth/calendar.app.created; https://www.googleapis.com/auth/calendar.calendars; https://www.googleapis.com/auth/calendar.events,3,1,0,3,1,0,1,Medium
SC-1479,Strategy I: Low Sensitivity Service Scope Combinations Generation,"service: Calendar, access_type: read_write, google_classification: sensitive; service: Calendar, access_type: read, google_classification: sensitive; service: Calendar, access_type: read_write, google_classification: sensitive; service: Calendar, access_type: read, google_classification: non_sensitive; Online access only",https://www.googleapis.com/auth/calendar.acls; https://www.googleapis.com/auth/calendar.acls.readonly; https://www.googleapis.com/auth/calendar.calendars; https://www.googleapis.com/auth/calendar.freebusy,3,0,0,4,1,0,1,Medium
SC-1480,Strategy J: Bool Switching of Medium Risk Combinations,"service: Calendar, access_type: read, google_classification: sensitive; service: Calendar, access_type: full_access, google_classification: sensitive; service: Calendar, access_type: read, google_classification: sensitive; Offline refresh token",https://www.googleapis.com/auth/calendar.calendars.readonly; https://www.googleapis.com/auth/calendar; https://www.googleapis.com/auth/calendar.calendarlist.readonly,3,1,0,3,1,0,2,High
SC-1481,Strategy I: Low Sensitivity Service Scope Combinations Generation,"service: Calendar, access_type: read_write, google_classification: sensitive; service: Calendar, access_type: read, google_classification: sensitive; service: Calendar, access_type: read_write, google_classification: non_sensitive; service: Calendar, access_type: read, google_classification: non_sensitive; Online access only",https://www.googleapis.com/auth/calendar.events.owned; https://www.googleapis.com/auth/calendar.calendars.readonly; https://www.googleapis.com/auth/calendar.app.created; https://www.googleapis.com/auth/calendar.freebusy,3,0,0,4,1,0,1,Medium
SC-1482,Strategy J: Bool Switching of Medium Risk Combinations,"service: Calendar, access_type: read_write, google_classification: sensitive; service: Calendar, access_type: read_write, google_classification: sensitive; service: Calendar, access_type: read_write, google_classification: sensitive; Offline refresh token",https://www.googleapis.com/auth/calendar.calendarlist; https://www.googleapis.com/auth/calendar.calendars; https://www.googleapis.com/auth/calendar.events,3,1,0,3,1,0,1,Medium
SC-1483,Strategy J: Bool Switching of Medium Risk Combinations,"service: Calendar, access_type: read, google_classification: sensitive; service: Calendar, access_type: read_write, google_classification: sensitive; service: Calendar, access_type: read_write, google_classification: sensitive; service: Calendar, access_type: read, google_classification: non_sensitive; Offline refresh token",https://www.googleapis.com/auth/calendar.readonly; https://www.googleapis.com/auth/calendar.calendars; https://www.googleapis.com/auth/calendar.events; https://www.googleapis.com/auth/calendar.freebusy,3,1,0,4,1,0,1,Medium
SC-1484,Strategy I: Low Sensitivity Service Scope Combinations Generation,"service: Calendar, access_type: read, google_classification: sensitive; service: Calendar, access_type: read, google_classification: non_sensitive; Online access only",https://www.googleapis.com/auth/calendar.calendars.readonly; https://www.googleapis.com/auth/calendar.events.freebusy,3,0,0,2,1,0,0,Low
SC-1485,Strategy J: Bool Switching of Medium Risk Combinations,"service: Calendar, access_type: read, google_classification: sensitive; service: Calendar, access_type: read_write, google_classification: sensitive; service: Calendar, access_type: read, google_classification: non_sensitive; Offline refresh token",https://www.googleapis.com/auth/calendar.calendarlist.readonly; https://www.googleapis.com/auth/calendar.calendars; https://www.googleapis.com/auth/calendar.events.freebusy,3,1,0,3,1,0,1,Medium
SC-1486,Strategy I: Low Sensitivity Service Scope Combinations Generation,"service: Calendar, access_type: read, google_classification: sensitive; service: Calendar, access_type: read_write, google_classification: sensitive; service: Calendar, access_type: read, google_classification: sensitive; service: Calendar, access_type: read, google_classification: non_sensitive; Online access only",https://www.googleapis.com/auth/calendar.events.readonly; https://www.googleapis.com/auth/calendar.calendars; https://www.googleapis.com/auth/calendar.settings.readonly; https://www.googleapis.com/auth/calendar.events.freebusy,3,0,0,4,1,0,1,Medium
SC-1487,Strategy I: Low Sensitivity Service Scope Combinations Generation,"service: Calendar, access_type: read_write, google_classification: sensitive; service: Calendar, access_type: read, google_classification: sensitive; Online access only",https://www.googleapis.com/auth/calendar.events.owned; https://www.googleapis.com/auth/calendar.acls.readonly,3,0,0,2,1,0,1,Low
SC-1488,Strategy J: Bool Switching of Medium Risk Combinations,"service: Calendar, access_type: read_write, google_classification: sensitive; service: Calendar, access_type: read_write, google_classification: non_sensitive; service: Calendar, access_type: full_access, google_classification: sensitive; Offline refresh token",https://www.googleapis.com/auth/calendar.events.owned; https://www.googleapis.com/auth/calendar.app.created; https://www.googleapis.com/auth/calendar,3,1,0,3,1,0,2,High
SC-1489,Strategy I: Low Sensitivity Service Scope Combinations Generation,"service: Calendar, access_type: read_write, google_classification: sensitive; service: Calendar, access_type: read_write, google_classification: sensitive; service: Calendar, access_type: read_write, google_classification: sensitive; service: Calendar, access_type: read_write, google_classification: sensitive; Online access only",https://www.googleapis.com/auth/calendar.events.owned; https://www.googleapis.com/auth/calendar.calendars; https://www.googleapis.com/auth/calendar.acls; https://www.googleapis.com/auth/calendar.calendarlist,3,0,0,4,1,0,1,Medium
SC-1490,Strategy I: Low Sensitivity Service Scope Combinations Generation,"service: Calendar, access_type: full_access, google_classification: sensitive; service: Calendar, access_type: read, google_classification: sensitive; Online access only",https://www.googleapis.com/auth/calendar; https://www.googleapis.com/auth/calendar.events.owned.readonly,3,0,0,2,1,0,2,Medium
SC-1491,Strategy I: Low Sensitivity Service Scope Combinations Generation,"service: Calendar, access_type: read, google_classification: sensitive; service: Calendar, access_type: read, google_classification: sensitive; service: Calendar, access_type: read, google_classification: sensitive; Online access only",https://www.googleapis.com/auth/calendar.events.readonly; https://www.googleapis.com/auth/calendar.acls.readonly; https://www.googleapis.com/auth/calendar.events.owned.readonly,3,0,0,3,1,0,0,Low
SC-1492,Strategy I: Low Sensitivity Service Scope Combinations Generation,"service: Calendar, access_type: read_write, google_classification: sensitive; service: Calendar, access_type: read, google_classification: sensitive; service: Calendar, access_type: read, google_classification: sensitive; service: Calendar, access_type: read, google_classification: sensitive; Online access only",https://www.googleapis.com/auth/calendar.events.owned; https://www.googleapis.com/auth/calendar.calendarlist.readonly; https://www.googleapis.com/auth/calendar.settings.readonly; https://www.googleapis.com/auth/calendar.events.owned.readonly,3,0,0,4,1,0,1,Medium
SC-1493,Strategy I: Low Sensitivity Service Scope Combinations Generation,"service: Calendar, access_type: read, google_classification: sensitive; service: Calendar, access_type: read, google_classification: non_sensitive; Online access only",https://www.googleapis.com/auth/calendar.readonly; https://www.googleapis.com/auth/calendar.events.public.readonly,3,0,0,2,1,0,0,Low
SC-1494,Strategy I: Low Sensitivity Service Scope Combinations Generation,"service: Calendar, access_type: read, google_classification: sensitive; service: Calendar, access_type: read_write, google_classification: sensitive; service: Calendar, access_type: read, google_classification: non_sensitive; Online access only",https://www.googleapis.com/auth/calendar.readonly; https://www.googleapis.com/auth/calendar.calendars; https://www.googleapis.com/auth/calendar.events.public.readonly,3,0,0,3,1,0,1,Medium
SC-1495,Strategy I: Low Sensitivity Service Scope Combinations Generation,"service: Calendar, access_type: read, google_classification: sensitive; service: Calendar, access_type: read, google_classification: sensitive; Online access only",https://www.googleapis.com/auth/calendar.events.readonly; https://www.googleapis.com/auth/calendar.acls.readonly,3,0,0,2,1,0,0,Low
SC-1496,Strategy I: Low Sensitivity Service Scope Combinations Generation,"service: Calendar, access_type: read, google_classification: sensitive; service: Calendar, access_type: read, google_classification: non_sensitive; service: Calendar, access_type: read, google_classification: non_sensitive; Online access only",https://www.googleapis.com/auth/calendar.events.readonly; https://www.googleapis.com/auth/calendar.events.public.readonly; https://www.googleapis.com/auth/calendar.freebusy,3,0,0,3,1,0,0,Low
SC-1497,Strategy J: Bool Switching of Medium Risk Combinations,"service: Calendar, access_type: read, google_classification: sensitive; service: Calendar, access_type: read, google_classification: sensitive; service: Calendar, access_type: read, google_classification: sensitive; service: Calendar, access_type: read_write, google_classification: sensitive; Offline refresh token",https://www.googleapis.com/auth/calendar.events.readonly; https://www.googleapis.com/auth/calendar.acls.readonly; https://www.googleapis.com/auth/calendar.settings.readonly; https://www.googleapis.com/auth/calendar.calendarlist,3,1,0,4,1,0,1,Medium
SC-1498,Strategy I: Low Sensitivity Service Scope Combinations Generation,"service: Calendar, access_type: read, google_classification: non_sensitive; service: Calendar, access_type: read, google_classification: non_sensitive; Online access only",https://www.googleapis.com/auth/calendar.events.freebusy; https://www.googleapis.com/auth/calendar.freebusy,3,0,0,2,1,0,0,Low
SC-1499,Strategy I: Low Sensitivity Service Scope Combinations Generation,"service: Calendar, access_type: read_write, google_classification: non_sensitive; service: Calendar, access_type: read, google_classification: non_sensitive; service: Calendar, access_type: read, google_classification: sensitive; Online access only",https://www.googleapis.com/auth/calendar.app.created; https://www.googleapis.com/auth/calendar.freebusy; https://www.googleapis.com/auth/calendar.readonly,3,0,0,3,1,0,1,Medium
SC-1500,Strategy I: Low Sensitivity Service Scope Combinations Generation,"service: Calendar, access_type: read_write, google_classification: sensitive; service: Calendar, access_type: read, google_classification: sensitive; service: Calendar, access_type: read_write, google_classification: sensitive; service: Calendar, access_type: read, google_classification: non_sensitive; Online access only",https://www.googleapis.com/auth/calendar.acls; https://www.googleapis.com/auth/calendar.calendars.readonly; https://www.googleapis.com/auth/calendar.events.owned; https://www.googleapis.com/auth/calendar.freebusy,3,0,0,4,1,0,1,Medium
SC-1501,Strategy I: Low Sensitivity Service Scope Combinations Generation,"service: Calendar, access_type: read, google_classification: sensitive; service: Calendar, access_type: full_access, google_classification: sensitive; Online access only",https://www.googleapis.com/auth/calendar.readonly; https://www.googleapis.com/auth/calendar,3,0,0,2,1,0,2,Medium
SC-1502,Strategy I: Low Sensitivity Service Scope Combinations Generation,"service: Calendar, access_type: read, google_classification: sensitive; service: Calendar, access_type: read, google_classification: sensitive; service: Calendar, access_type: read, google_classification: non_sensitive; Online access only",https://www.googleapis.com/auth/calendar.calendars.readonly; https://www.googleapis.com/auth/calendar.readonly; https://www.googleapis.com/auth/calendar.events.freebusy,3,0,0,3,1,0,0,Low
SC-1503,Strategy I: Low Sensitivity Service Scope Combinations Generation,"service: Calendar, access_type: read, google_classification: sensitive; service: Calendar, access_type: read_write, google_classification: sensitive; service: Calendar, access_type: read, google_classification: non_sensitive; service: Calendar, access_type: read, google_classification: sensitive; Online access only",https://www.googleapis.com/auth/calendar.readonly; https://www.googleapis.com/auth/calendar.events; https://www.googleapis.com/auth/calendar.events.public.readonly; https://www.googleapis.com/auth/calendar.events.owned.readonly,3,0,0,4,1,0,1,Medium
SC-1504,Strategy I: Low Sensitivity Service Scope Combinations Generation,"service: Calendar, access_type: read, google_classification: sensitive; service: Calendar, access_type: read, google_classification: sensitive; Online access only",https://www.googleapis.com/auth/calendar.settings.readonly; https://www.googleapis.com/auth/calendar.acls.readonly,3,0,0,2,1,0,0,Low
SC-1505,Strategy I: Low Sensitivity Service Scope Combinations Generation,"service: Calendar, access_type: read, google_classification: sensitive; service: Calendar, access_type: read, google_classification: sensitive; service: Calendar, access_type: read, google_classification: sensitive; service: Calendar, access_type: read, google_classification: non_sensitive; Online access only",https://www.googleapis.com/auth/calendar.settings.readonly; https://www.googleapis.com/auth/calendar.calendars.readonly; https://www.googleapis.com/auth/calendar.acls.readonly; https://www.googleapis.com/auth/calendar.events.freebusy,3,0,0,4,1,0,0,Low
SC-1506,Strategy J: Bool Switching of Medium Risk Combinations,"service: Calendar, access_type: read, google_classification: non_sensitive; service: Calendar, access_type: full_access, google_classification: sensitive; Offline refresh token",https://www.googleapis.com/auth/calendar.events.public.readonly; https://www.googleapis.com/auth/calendar,3,1,0,2,1,0,2,Medium
SC-1507,Strategy I: Low Sensitivity Service Scope Combinations Generation,"service: Calendar, access_type: read_write, google_classification: sensitive; service: Calendar, access_type: read_write, google_classification: non_sensitive; Online access only",https://www.googleapis.com/auth/calendar.acls; https://www.googleapis.com/auth/calendar.app.created,3,0,0,2,1,0,1,Low
SC-1508,Strategy I: Low Sensitivity Service Scope Combinations Generation,"service: Calendar, access_type: read_write, google_classification: sensitive; service: Calendar, access_type: full_access, google_classification: sensitive; Online access only",https://www.googleapis.com/auth/calendar.calendarlist; https://www.googleapis.com/auth/calendar,3,0,0,2,1,0,2,Medium
SC-1509,Strategy I: Low Sensitivity Service Scope Combinations Generation,"service: Calendar, access_type: read, google_classification: sensitive; service: Calendar, access_type: read, google_classification: sensitive; Online access only",https://www.googleapis.com/auth/calendar.events.readonly; https://www.googleapis.com/auth/calendar.calendars.readonly,3,0,0,2,1,0,0,Low
SC-1510,Strategy I: Low Sensitivity Service Scope Combinations Generation,"service: Calendar, access_type: read_write, google_classification: sensitive; service: Calendar, access_type: read_write, google_classification: sensitive; Online access only",https://www.googleapis.com/auth/calendar.calendars; https://www.googleapis.com/auth/calendar.events,3,0,0,2,1,0,1,Low
SC-1511,Strategy I: Low Sensitivity Service Scope Combinations Generation,"service: Calendar, access_type: read_write, google_classification: sensitive; service: Calendar, access_type: read, google_classification: non_sensitive; Online access only",https://www.googleapis.com/auth/calendar.events.owned; https://www.googleapis.com/auth/calendar.events.freebusy,3,0,0,2,1,0,1,Low
SC-1512,Strategy I: Low Sensitivity Service Scope Combinations Generation,"service: Calendar, access_type: read_write, google_classification: sensitive; service: Calendar, access_type: read_write, google_classification: sensitive; Online access only",https://www.googleapis.com/auth/calendar.events.owned; https://www.googleapis.com/auth/calendar.acls,3,0,0,2,1,0,1,Low
SC-1513,Strategy I: Low Sensitivity Service Scope Combinations Generation,"service: Calendar, access_type: read_write, google_classification: sensitive; service: Calendar, access_type: read, google_classification: sensitive; Online access only",https://www.googleapis.com/auth/calendar.calendarlist; https://www.googleapis.com/auth/calendar.events.owned.readonly,3,0,0,2,1,0,1,Low
SC-1514,Strategy I: Low Sensitivity Service Scope Combinations Generation,"service: Calendar, access_type: read_write, google_classification: sensitive; service: Calendar, access_type: read, google_classification: non_sensitive; Online access only",https://www.googleapis.com/auth/calendar.calendars; https://www.googleapis.com/auth/calendar.events.public.readonly,3,0,0,2,1,0,1,Low
SC-1515,Strategy I: Low Sensitivity Service Scope Combinations Generation,"service: Calendar, access_type: read, google_classification: sensitive; service: Calendar, access_type: read_write, google_classification: sensitive; Online access only",https://www.googleapis.com/auth/calendar.events.readonly; https://www.googleapis.com/auth/calendar.events.owned,3,0,0,2,1,0,1,Low
SC-1516,Strategy I: Low Sensitivity Service Scope Combinations Generation,"service: Calendar, access_type: read_write, google_classification: sensitive; service: Calendar, access_type: read, google_classification: non_sensitive; Online access only",https://www.googleapis.com/auth/calendar.acls; https://www.googleapis.com/auth/calendar.freebusy,3,0,0,2,1,0,1,Low
SC-1517,Strategy I: Low Sensitivity Service Scope Combinations Generation,"service: Calendar, access_type: read, google_classification: sensitive; service: Calendar, access_type: read, google_classification: sensitive; Online access only",https://www.googleapis.com/auth/calendar.calendars.readonly; https://www.googleapis.com/auth/calendar.readonly,3,0,0,2,1,0,0,Low
SC-1518,Strategy I: Low Sensitivity Service Scope Combinations Generation,"service: Calendar, access_type: read, google_classification: sensitive; service: Calendar, access_type: read, google_classification: sensitive; Online access only",https://www.googleapis.com/auth/calendar.settings.readonly; https://www.googleapis.com/auth/calendar.readonly,3,0,0,2,1,0,0,Low
SC-1519,Strategy J: Bool Switching of Medium Risk Combinations,"service: Calendar, access_type: read, google_classification: sensitive; service: Calendar, access_type: full_access, google_classification: sensitive; Offline refresh token",https://www.googleapis.com/auth/calendar.acls.readonly; https://www.googleapis.com/auth/calendar,3,1,0,2,1,0,2,Medium
SC-1520,Strategy I: Low Sensitivity Service Scope Combinations Generation,"service: Calendar, access_type: read_write, google_classification: sensitive; service: Calendar, access_type: read, google_classification: sensitive; Online access only",https://www.googleapis.com/auth/calendar.acls; https://www.googleapis.com/auth/calendar.events.owned.readonly,3,0,0,2,1,0,1,Low
SC-1521,Strategy I: Low Sensitivity Service Scope Combinations Generation,"service: Calendar, access_type: read, google_classification: sensitive; service: Calendar, access_type: read, google_classification: sensitive; Online access only",https://www.googleapis.com/auth/calendar.acls.readonly; https://www.googleapis.com/auth/calendar.events.readonly,3,0,0,2,1,0,0,Low
SC-1522,Strategy I: Low Sensitivity Service Scope Combinations Generation,"service: Calendar, access_type: read, google_classification: sensitive; service: Calendar, access_type: read_write, google_classification: non_sensitive; Online access only",https://www.googleapis.com/auth/calendar.acls.readonly; https://www.googleapis.com/auth/calendar.app.created,3,0,0,2,1,0,1,Low
SC-1523,Strategy I: Low Sensitivity Service Scope Combinations Generation,"service: Calendar, access_type: read_write, google_classification: sensitive; service: Calendar, access_type: read, google_classification: sensitive; Online access only",https://www.googleapis.com/auth/calendar.acls; https://www.googleapis.com/auth/calendar.calendars.readonly,3,0,0,2,1,0,1,Low
SC-1524,Strategy I: Low Sensitivity Service Scope Combinations Generation,"service: Calendar, access_type: read_write, google_classification: sensitive; service: Calendar, access_type: read, google_classification: non_sensitive; Online access only",https://www.googleapis.com/auth/calendar.acls; https://www.googleapis.com/auth/calendar.events.freebusy,3,0,0,2,1,0,1,Low
SC-1525,Strategy I: Low Sensitivity Service Scope Combinations Generation,"service: Calendar, access_type: read_write, google_classification: sensitive; service: Calendar, access_type: read, google_classification: sensitive; Online access only",https://www.googleapis.com/auth/calendar.events.owned; https://www.googleapis.com/auth/calendar.readonly,3,0,0,2,1,0,1,Low
SC-1526,Strategy I: Low Sensitivity Service Scope Combinations Generation,"service: Calendar, access_type: read, google_classification: sensitive; service: Calendar, access_type: read, google_classification: non_sensitive; Online access only",https://www.googleapis.com/auth/calendar.calendars.readonly; https://www.googleapis.com/auth/calendar.events.public.readonly,3,0,0,2,1,0,0,Low
SC-1527,Strategy I: Low Sensitivity Service Scope Combinations Generation,"service: Calendar, access_type: read, google_classification: sensitive; service: Calendar, access_type: read, google_classification: sensitive; Online access only",https://www.googleapis.com/auth/calendar.events.readonly; https://www.googleapis.com/auth/calendar.events.owned.readonly,3,0,0,2,1,0,0,Low
SC-1528,Strategy I: Low Sensitivity Service Scope Combinations Generation,"service: Calendar, access_type: read, google_classification: sensitive; service: Calendar, access_type: read, google_classification: non_sensitive; Online access only",https://www.googleapis.com/auth/calendar.readonly; https://www.googleapis.com/auth/calendar.events.freebusy,3,0,0,2,1,0,0,Low
SC-1529,Strategy I: Low Sensitivity Service Scope Combinations Generation,"service: Calendar, access_type: read, google_classification: sensitive; service: Calendar, access_type: read, google_classification: sensitive; Online access only",https://www.googleapis.com/auth/calendar.settings.readonly; https://www.googleapis.com/auth/calendar.calendars.readonly,3,0,0,2,1,0,0,Low
SC-1530,Strategy J: Bool Switching of Medium Risk Combinations,"service: Calendar, access_type: read_write, google_classification: sensitive; service: Calendar, access_type: full_access, google_classification: sensitive; Offline refresh token",https://www.googleapis.com/auth/calendar.acls; https://www.googleapis.com/auth/calendar,3,1,0,2,1,0,2,Medium
SC-1531,Strategy I: Low Sensitivity Service Scope Combinations Generation,"service: Calendar, access_type: read, google_classification: sensitive; service: Calendar, access_type: read_write, google_classification: sensitive; Online access only",https://www.googleapis.com/auth/calendar.acls.readonly; https://www.googleapis.com/auth/calendar.calendars,3,0,0,2,1,0,1,Low
SC-1532,Strategy I: Low Sensitivity Service Scope Combinations Generation,"service: Calendar, access_type: read_write, google_classification: non_sensitive; service: Calendar, access_type: read, google_classification: non_sensitive; Online access only",https://www.googleapis.com/auth/calendar.app.created; https://www.googleapis.com/auth/calendar.events.public.readonly,3,0,0,2,1,0,1,Low
SC-1533,Strategy I: Low Sensitivity Service Scope Combinations Generation,"service: Calendar, access_type: read, google_classification: sensitive; service: Calendar, access_type: read, google_classification: sensitive; Online access only",https://www.googleapis.com/auth/calendar.calendarlist.readonly; https://www.googleapis.com/auth/calendar.readonly,3,0,0,2,1,0,0,Low
SC-1534,Strategy I: Low Sensitivity Service Scope Combinations Generation,"service: Calendar, access_type: read_write, google_classification: sensitive; service: Calendar, access_type: read, google_classification: non_sensitive; Online access only",https://www.googleapis.com/auth/calendar.calendarlist; https://www.googleapis.com/auth/calendar.events.freebusy,3,0,0,2,1,0,1,Low
SC-1535,Strategy I: Low Sensitivity Service Scope Combinations Generation,"service: Calendar, access_type: read_write, google_classification: sensitive; service: Calendar, access_type: read, google_classification: sensitive; Online access only",https://www.googleapis.com/auth/calendar.events.owned; https://www.googleapis.com/auth/calendar.events.readonly,3,0,0,2,1,0,1,Low
SC-1536,Strategy I: Low Sensitivity Service Scope Combinations Generation,"service: Calendar, access_type: read, google_classification: sensitive; service: Calendar, access_type: read_write, google_classification: non_sensitive; Online access only",https://www.googleapis.com/auth/calendar.events.readonly; https://www.googleapis.com/auth/calendar.app.created,3,0,0,2,1,0,1,Low
SC-1537,Strategy I: Low Sensitivity Service Scope Combinations Generation,"service: Calendar, access_type: read_write, google_classification: non_sensitive; service: Calendar, access_type: read, google_classification: non_sensitive; Online access only",https://www.googleapis.com/auth/calendar.app.created; https://www.googleapis.com/auth/calendar.freebusy,3,0,0,2,1,0,1,Low
SC-1538,Strategy J: Bool Switching of Medium Risk Combinations,"service: Calendar, access_type: read_write, google_classification: sensitive; service: Calendar, access_type: full_access, google_classification: sensitive; Offline refresh token",https://www.googleapis.com/auth/calendar.calendars; https://www.googleapis.com/auth/calendar,3,1,0,2,1,0,2,Medium
SC-1539,Strategy I: Low Sensitivity Service Scope Combinations Generation,"service: Calendar, access_type: read_write, google_classification: sensitive; service: Calendar, access_type: read_write, google_classification: sensitive; Online access only",https://www.googleapis.com/auth/calendar.acls; https://www.googleapis.com/auth/calendar.events.owned,3,0,0,2,1,0,1,Low
SC-1540,Strategy I: Low Sensitivity Service Scope Combinations Generation,"service: Calendar, access_type: read, google_classification: sensitive; service: Calendar, access_type: full_access, google_classification: sensitive; Online access only",https://www.googleapis.com/auth/calendar.calendars.readonly; https://www.googleapis.com/auth/calendar,3,0,0,2,1,0,2,Medium
SC-1541,Strategy I: Low Sensitivity Service Scope Combinations Generation,"service: Calendar, access_type: read_write, google_classification: sensitive; service: Calendar, access_type: read, google_classification: sensitive; Online access only",https://www.googleapis.com/auth/calendar.acls; https://www.googleapis.com/auth/calendar.readonly,3,0,0,2,1,0,1,Low
SC-1542,Strategy I: Low Sensitivity Service Scope Combinations Generation,"service: Calendar, access_type: read, google_classification: sensitive; service: Calendar, access_type: read_write, google_classification: sensitive; Online access only",https://www.googleapis.com/auth/calendar.settings.readonly; https://www.googleapis.com/auth/calendar.calendarlist,3,0,0,2,1,0,1,Low
SC-1543,Strategy I: Low Sensitivity Service Scope Combinations Generation,"service: Calendar, access_type: full_access, google_classification: sensitive; service: Calendar, access_type: read, google_classification: non_sensitive; Online access only",https://www.googleapis.com/auth/calendar; https://www.googleapis.com/auth/calendar.freebusy,3,0,0,2,1,0,2,Medium
SC-1544,Strategy I: Low Sensitivity Service Scope Combinations Generation,"service: Calendar, access_type: read, google_classification: sensitive; service: Calendar, access_type: read, google_classification: non_sensitive; Online access only",https://www.googleapis.com/auth/calendar.acls.readonly; https://www.googleapis.com/auth/calendar.events.freebusy,3,0,0,2,1,0,0,Low
SC-1545,Strategy I: Low Sensitivity Service Scope Combinations Generation,"service: Calendar, access_type: read, google_classification: sensitive; service: Calendar, access_type: read, google_classification: sensitive; Online access only",https://www.googleapis.com/auth/calendar.calendarlist.readonly; https://www.googleapis.com/auth/calendar.events.owned.readonly,3,0,0,2,1,0,0,Low
SC-1546,Strategy I: Low Sensitivity Service Scope Combinations Generation,"service: Calendar, access_type: read, google_classification: sensitive; service: Calendar, access_type: read_write, google_classification: sensitive; Online access only",https://www.googleapis.com/auth/calendar.calendars.readonly; https://www.googleapis.com/auth/calendar.calendars,3,0,0,2,1,0,1,Low
SC-1547,Strategy I: Low Sensitivity Service Scope Combinations Generation,"service: Calendar, access_type: read_write, google_classification: sensitive; service: Calendar, access_type: read_write, google_classification: sensitive; Online access only",https://www.googleapis.com/auth/calendar.calendarlist; https://www.googleapis.com/auth/calendar.events,3,0,0,2,1,0,1,Low
SC-1548,Strategy I: Low Sensitivity Service Scope Combinations Generation,"service: Calendar, access_type: read, google_classification: sensitive; service: Calendar, access_type: read, google_classification: non_sensitive; Online access only",https://www.googleapis.com/auth/calendar.acls.readonly; https://www.googleapis.com/auth/calendar.events.public.readonly,3,0,0,2,1,0,0,Low
SC-1549,Strategy I: Low Sensitivity Service Scope Combinations Generation,"service: Calendar, access_type: read, google_classification: sensitive; service: Calendar, access_type: read_write, google_classification: sensitive; Online access only",https://www.googleapis.com/auth/calendar.readonly; https://www.googleapis.com/auth/calendar.calendars,3,0,0,2,1,0,1,Low
SC-1550,Strategy I: Low Sensitivity Service Scope Combinations Generation,"service: Calendar, access_type: read_write, google_classification: non_sensitive; service: Calendar, access_type: read, google_classification: non_sensitive; Online access only",https://www.googleapis.com/auth/calendar.app.created; https://www.googleapis.com/auth/calendar.events.freebusy,3,0,0,2,1,0,1,Low
SC-1551,Strategy I: Low Sensitivity Service Scope Combinations Generation,"service: Calendar, access_type: read, google_classification: sensitive; service: Calendar, access_type: read, google_classification: non_sensitive; Online access only",https://www.googleapis.com/auth/calendar.calendarlist.readonly; https://www.googleapis.com/auth/calendar.events.freebusy,3,0,0,2,1,0,0,Low
SC-1552,Strategy I: Low Sensitivity Service Scope Combinations Generation,"service: Calendar, access_type: read_write, google_classification: sensitive; service: Calendar, access_type: read_write, google_classification: sensitive; Online access only",https://www.googleapis.com/auth/calendar.events.owned; https://www.googleapis.com/auth/calendar.events,3,0,0,2,1,0,1,Low
SC-1553,Strategy I: Low Sensitivity Service Scope Combinations Generation,"service: Calendar, access_type: read, google_classification: sensitive; service: Calendar, access_type: read, google_classification: non_sensitive; Online access only",https://www.googleapis.com/auth/calendar.settings.readonly; https://www.googleapis.com/auth/calendar.events.freebusy,3,0,0,2,1,0,0,Low
SC-1554,Strategy I: Low Sensitivity Service Scope Combinations Generation,"service: Calendar, access_type: read, google_classification: non_sensitive; service: Calendar, access_type: read, google_classification: sensitive; Online access only",https://www.googleapis.com/auth/calendar.events.public.readonly; https://www.googleapis.com/auth/calendar.events.owned.readonly,3,0,0,2,1,0,0,Low
SC-1555,Strategy I: Low Sensitivity Service Scope Combinations Generation,"service: Calendar, access_type: read, google_classification: sensitive; service: Calendar, access_type: read, google_classification: sensitive; Online access only",https://www.googleapis.com/auth/calendar.events.readonly; https://www.googleapis.com/auth/calendar.readonly,3,0,0,2,1,0,0,Low
SC-1556,Strategy I: Low Sensitivity Service Scope Combinations Generation,"service: Calendar, access_type: read, google_classification: sensitive; service: Calendar, access_type: read_write, google_classification: sensitive; Online access only",https://www.googleapis.com/auth/calendar.settings.readonly; https://www.googleapis.com/auth/calendar.calendars,3,0,0,2,1,0,1,Low
SC-1557,Strategy I: Low Sensitivity Service Scope Combinations Generation,"service: Calendar, access_type: read, google_classification: sensitive; service: Calendar, access_type: read, google_classification: sensitive; service: Calendar, access_type: full_access, google_classification: sensitive; Online access only",https://www.googleapis.com/auth/calendar.settings.readonly; https://www.googleapis.com/auth/calendar.calendars.readonly; https://www.googleapis.com/auth/calendar,3,0,0,3,1,0,2,Medium
SC-1558,Strategy I: Low Sensitivity Service Scope Combinations Generation,"service: Calendar, access_type: read, google_classification: non_sensitive; service: Calendar, access_type: read_write, google_classification: sensitive; service: Calendar, access_type: full_access, google_classification: sensitive; service: Calendar, access_type: read_write, google_classification: non_sensitive; Online access only",https://www.googleapis.com/auth/calendar.events.freebusy; https://www.googleapis.com/auth/calendar.calendars; https://www.googleapis.com/auth/calendar; https://www.googleapis.com/auth/calendar.app.created,3,0,0,4,1,0,2,Medium
SC-1559,Strategy I: Low Sensitivity Service Scope Combinations Generation,"service: Calendar, access_type: read_write, google_classification: sensitive; service: Calendar, access_type: read, google_classification: sensitive; service: Calendar, access_type: full_access, google_classification: sensitive; service: Calendar, access_type: read, google_classification: sensitive; service: Calendar, access_type: read_write, google_classification: sensitive; Online access only",https://www.googleapis.com/auth/calendar.calendarlist; https://www.googleapis.com/auth/calendar.calendars.readonly; https://www.googleapis.com/auth/calendar; https://www.googleapis.com/auth/calendar.events.owned.readonly; https://www.googleapis.com/auth/calendar.acls,3,0,0,5,1,0,2,Medium
SC-1560,Strategy I: Low Sensitivity Service Scope Combinations Generation,"service: Calendar, access_type: read_write, google_classification: sensitive; service: Calendar, access_type: read, google_classification: sensitive; service: Calendar, access_type: read_write, google_classification: sensitive; service: Calendar, access_type: full_access, google_classification: sensitive; Online access only",https://www.googleapis.com/auth/calendar.acls; https://www.googleapis.com/auth/calendar.readonly; https://www.googleapis.com/auth/calendar.events; https://www.googleapis.com/auth/calendar,3,0,0,4,1,0,2,Medium
SC-1561,Strategy I: Low Sensitivity Service Scope Combinations Generation,"service: Calendar, access_type: read, google_classification: sensitive; service: Calendar, access_type: read, google_classification: non_sensitive; service: Calendar, access_type: read_write, google_classification: sensitive; service: Calendar, access_type: read, google_classification: non_sensitive; service: Calendar, access_type: read_write, google_classification: sensitive; Online access only",https://www.googleapis.com/auth/calendar.acls.readonly; https://www.googleapis.com/auth/calendar.events.freebusy; https://www.googleapis.com/auth/calendar.events; https://www.googleapis.com/auth/calendar.events.public.readonly; https://www.googleapis.com/auth/calendar.acls,3,0,0,5,1,0,1,Medium
SC-1562,Strategy I: Low Sensitivity Service Scope Combinations Generation,"service: Calendar, access_type: read, google_classification: sensitive; service: Calendar, access_type: read_write, google_classification: sensitive; Online access only",https://www.googleapis.com/auth/calendar.acls.readonly; https://www.googleapis.com/auth/calendar.acls,3,0,0,2,1,0,1,Low
SC-1563,Strategy I: Low Sensitivity Service Scope Combinations Generation,"service: Calendar, access_type: read, google_classification: sensitive; service: Calendar, access_type: read_write, google_classification: sensitive; service: Calendar, access_type: read, google_classification: non_sensitive; Online access only",https://www.googleapis.com/auth/calendar.acls.readonly; https://www.googleapis.com/auth/calendar.events; https://www.googleapis.com/auth/calendar.events.public.readonly,3,0,0,3,1,0,1,Medium
SC-1564,Strategy J: Bool Switching of Medium Risk Combinations,"service: Calendar, access_type: read, google_classification: sensitive; service: Calendar, access_type: read, google_classification: sensitive; service: Calendar, access_type: read, google_classification: non_sensitive; service: Calendar, access_type: full_access, google_classification: sensitive; Offline refresh token",https://www.googleapis.com/auth/calendar.acls.readonly; https://www.googleapis.com/auth/calendar.readonly; https://www.googleapis.com/auth/calendar.events.public.readonly; https://www.googleapis.com/auth/calendar,3,1,0,4,1,0,2,High
SC-1565,Strategy J: Bool Switching of Medium Risk Combinations,"service: Calendar, access_type: read, google_classification: sensitive; service: Calendar, access_type: read, google_classification: sensitive; service: Calendar, access_type: read, google_classification: non_sensitive; service: Calendar, access_type: read, google_classification: non_sensitive; service: Calendar, access_type: read_write, google_classification: sensitive; Offline refresh token",https://www.googleapis.com/auth/calendar.acls.readonly; https://www.googleapis.com/auth/calendar.calendars.readonly; https://www.googleapis.com/auth/calendar.freebusy; https://www.googleapis.com/auth/calendar.events.public.readonly; https://www.googleapis.com/auth/calendar.acls,3,1,0,5,1,0,1,Medium
SC-1566,Strategy I: Low Sensitivity Service Scope Combinations Generation,"service: Calendar, access_type: read_write, google_classification: non_sensitive; service: Calendar, access_type: read_write, google_classification: sensitive; Online access only",https://www.googleapis.com/auth/calendar.app.created; https://www.googleapis.com/auth/calendar.calendars,3,0,0,2,1,0,1,Low
SC-1567,Strategy I: Low Sensitivity Service Scope Combinations Generation,"service: Calendar, access_type: read, google_classification: sensitive; service: Calendar, access_type: read_write, google_classification: non_sensitive; service: Calendar, access_type: read, google_classification: non_sensitive; Online access only",https://www.googleapis.com/auth/calendar.calendarlist.readonly; https://www.googleapis.com/auth/calendar.app.created; https://www.googleapis.com/auth/calendar.events.public.readonly,3,0,0,3,1,0,1,Medium
SC-1568,Strategy I: Low Sensitivity Service Scope Combinations Generation,"service: Calendar, access_type: read, google_classification: sensitive; service: Calendar, access_type: read_write, google_classification: non_sensitive; service: Calendar, access_type: read_write, google_classification: sensitive; service: Calendar, access_type: read, google_classification: non_sensitive; Online access only",https://www.googleapis.com/auth/calendar.events.readonly; https://www.googleapis.com/auth/calendar.app.created; https://www.googleapis.com/auth/calendar.acls; https://www.googleapis.com/auth/calendar.events.freebusy,3,0,0,4,1,0,1,Medium
SC-1569,Strategy I: Low Sensitivity Service Scope Combinations Generation,"service: Calendar, access_type: read_write, google_classification: sensitive; service: Calendar, access_type: read_write, google_classification: non_sensitive; service: Calendar, access_type: full_access, google_classification: sensitive; service: Calendar, access_type: read, google_classification: sensitive; service: Calendar, access_type: read_write, google_classification: sensitive; Online access only",https://www.googleapis.com/auth/calendar.events.owned; https://www.googleapis.com/auth/calendar.app.created; https://www.googleapis.com/auth/calendar; https://www.googleapis.com/auth/calendar.events.owned.readonly; https://www.googleapis.com/auth/calendar.acls,3,0,0,5,1,0,2,Medium
SC-1570,Strategy I: Low Sensitivity Service Scope Combinations Generation,"service: Calendar, access_type: read_write, google_classification: sensitive; service: Calendar, access_type: read_write, google_classification: sensitive; service: Calendar, access_type: full_access, google_classification: sensitive; Online access only",https://www.googleapis.com/auth/calendar.calendarlist; https://www.googleapis.com/auth/calendar.calendars; https://www.googleapis.com/auth/calendar,3,0,0,3,1,0,2,Medium
SC-1571,Strategy J: Bool Switching of Medium Risk Combinations,"service: Calendar, access_type: read_write, google_classification: sensitive; service: Calendar, access_type: read, google_classification: sensitive; service: Calendar, access_type: read_write, google_classification: sensitive; service: Calendar, access_type: read_write, google_classification: sensitive; Offline refresh token",https://www.googleapis.com/auth/calendar.calendarlist; https://www.googleapis.com/auth/calendar.events.readonly; https://www.googleapis.com/auth/calendar.acls; https://www.googleapis.com/auth/calendar.events.owned,3,1,0,4,1,0,1,Medium
SC-1572,Strategy I: Low Sensitivity Service Scope Combinations Generation,"service: Calendar, access_type: read_write, google_classification: sensitive; service: Calendar, access_type: read_write, google_classification: non_sensitive; service: Calendar, access_type: read, google_classification: non_sensitive; service: Calendar, access_type: read, google_classification: non_sensitive; service: Calendar, access_type: read, google_classification: non_sensitive; Online access only",https://www.googleapis.com/auth/calendar.calendarlist; https://www.googleapis.com/auth/calendar.app.created; https://www.googleapis.com/auth/calendar.events.freebusy; https://www.googleapis.com/auth/calendar.freebusy; https://www.googleapis.com/auth/calendar.events.public.readonly,3,0,0,5,1,0,1,Medium
SC-1573,Strategy I: Low Sensitivity Service Scope Combinations Generation,"service: Calendar, access_type: read, google_classification: sensitive; service: Calendar, access_type: read, google_classification: sensitive; Online access only",https://www.googleapis.com/auth/calendar.events.readonly; https://www.googleapis.com/auth/calendar.calendarlist.readonly,3,0,0,2,1,0,0,Low
SC-1574,Strategy I: Low Sensitivity Service Scope Combinations Generation,"service: Calendar, access_type: read, google_classification: sensitive; service: Calendar, access_type: read, google_classification: sensitive; service: Calendar, access_type: read_write, google_classification: sensitive; Online access only",https://www.googleapis.com/auth/calendar.settings.readonly; https://www.googleapis.com/auth/calendar.calendarlist.readonly; https://www.googleapis.com/auth/calendar.events,3,0,0,3,1,0,1,Medium
SC-1575,Strategy I: Low Sensitivity Service Scope Combinations Generation,"service: Calendar, access_type: read, google_classification: sensitive; service: Calendar, access_type: read, google_classification: sensitive; service: Calendar, access_type: read, google_classification: non_sensitive; service: Calendar, access_type: read, google_classification: non_sensitive; Online access only",https://www.googleapis.com/auth/calendar.calendarlist.readonly; https://www.googleapis.com/auth/calendar.calendars.readonly; https://www.googleapis.com/auth/calendar.events.public.readonly; https://www.googleapis.com/auth/calendar.freebusy,3,0,0,4,1,0,0,Low
SC-1576,Strategy J: Bool Switching of Medium Risk Combinations,"service: Calendar, access_type: read_write, google_classification: sensitive; service: Calendar, access_type: read, google_classification: sensitive; service: Calendar, access_type: read_write, google_classification: sensitive; service: Calendar, access_type: full_access, google_classification: sensitive; service: Calendar, access_type: read, google_classification: sensitive; Offline refresh token",https://www.googleapis.com/auth/calendar.calendarlist; https://www.googleapis.com/auth/calendar.acls.readonly; https://www.googleapis.com/auth/calendar.events; https://www.googleapis.com/auth/calendar; https://www.googleapis.com/auth/calendar.calendarlist.readonly,3,1,0,5,1,0,2,High
SC-1577,Strategy J: Bool Switching of Medium Risk Combinations,"service: Calendar, access_type: read_write, google_classification: sensitive; service: Calendar, access_type: read_write, google_classification: sensitive; service: Calendar, access_type: read, google_classification: non_sensitive; Offline refresh token",https://www.googleapis.com/auth/calendar.events.owned; https://www.googleapis.com/auth/calendar.calendars; https://www.googleapis.com/auth/calendar.events.freebusy,3,1,0,3,1,0,1,Medium
SC-1578,Strategy I: Low Sensitivity Service Scope Combinations Generation,"service: Calendar, access_type: read_write, google_classification: sensitive; service: Calendar, access_type: read_write, google_classification: sensitive; service: Calendar, access_type: read_write, google_classification: sensitive; service: Calendar, access_type: read, google_classification: non_sensitive; Online access only",https://www.googleapis.com/auth/calendar.acls; https://www.googleapis.com/auth/calendar.calendars; https://www.googleapis.com/auth/calendar.events; https://www.googleapis.com/auth/calendar.events.public.readonly,3,0,0,4,1,0,1,Medium
SC-1579,Strategy I: Low Sensitivity Service Scope Combinations Generation,"service: Calendar, access_type: read_write, google_classification: non_sensitive; service: Calendar, access_type: read_write, google_classification: sensitive; service: Calendar, access_type: full_access, google_classification: sensitive; service: Calendar, access_type: read, google_classification: sensitive; service: Calendar, access_type: read_write, google_classification: sensitive; Online access only",https://www.googleapis.com/auth/calendar.app.created; https://www.googleapis.com/auth/calendar.events; https://www.googleapis.com/auth/calendar; https://www.googleapis.com/auth/calendar.events.owned.readonly; https://www.googleapis.com/auth/calendar.calendars,3,0,0,5,1,0,2,Medium
SC-1580,Strategy J: Bool Switching of Medium Risk Combinations,"service: Calendar, access_type: read_write, google_classification: sensitive; service: Calendar, access_type: read, google_classification: sensitive; service: Calendar, access_type: read_write, google_classification: sensitive; Offline refresh token",https://www.googleapis.com/auth/calendar.events.owned; https://www.googleapis.com/auth/calendar.calendars.readonly; https://www.googleapis.com/auth/calendar.events,3,1,0,3,1,0,1,Medium
SC-1581,Strategy J: Bool Switching of Medium Risk Combinations,"service: Calendar, access_type: read, google_classification: sensitive; service: Calendar, access_type: full_access, google_classification: sensitive; service: Calendar, access_type: read, google_classification: sensitive; service: Calendar, access_type: read, google_classification: non_sensitive; Offline refresh token",https://www.googleapis.com/auth/calendar.calendars.readonly; https://www.googleapis.com/auth/calendar; https://www.googleapis.com/auth/calendar.calendarlist.readonly; https://www.googleapis.com/auth/calendar.freebusy,3,1,0,4,1,0,2,High
SC-1582,Strategy I: Low Sensitivity Service Scope Combinations Generation,"service: Calendar, access_type: read, google_classification: sensitive; service: Calendar, access_type: read, google_classification: non_sensitive; service: Calendar, access_type: full_access, google_classification: sensitive; service: Calendar, access_type: read, google_classification: sensitive; service: Calendar, access_type: read_write, google_classification: sensitive; Online access only",https://www.googleapis.com/auth/calendar.calendars.readonly; https://www.googleapis.com/auth/calendar.freebusy; https://www.googleapis.com/auth/calendar; https://www.googleapis.com/auth/calendar.events.owned.readonly; https://www.googleapis.com/auth/calendar.acls,3,0,0,5,1,0,2,Medium
SC-1583,Strategy I: Low Sensitivity Service Scope Combinations Generation,"service: Calendar, access_type: read, google_classification: sensitive; service: Calendar, access_type: read_write, google_classification: sensitive; Online access only",https://www.googleapis.com/auth/calendar.readonly; https://www.googleapis.com/auth/calendar.events,3,0,0,2,1,0,1,Low
SC-1584,Strategy I: Low Sensitivity Service Scope Combinations Generation,"service: Calendar, access_type: read, google_classification: sensitive; service: Calendar, access_type: read_write, google_classification: sensitive; service: Calendar, access_type: read_write, google_classification: sensitive; Online access only",https://www.googleapis.com/auth/calendar.events.readonly; https://www.googleapis.com/auth/calendar.calendars; https://www.googleapis.com/auth/calendar.events,3,0,0,3,1,0,1,Medium
SC-1585,Strategy I: Low Sensitivity Service Scope Combinations Generation,"service: Calendar, access_type: read_write, google_classification: sensitive; service: Calendar, access_type: read, google_classification: sensitive; service: Calendar, access_type: read_write, google_classification: sensitive; service: Calendar, access_type: read_write, google_classification: sensitive; Online access only",https://www.googleapis.com/auth/calendar.acls; https://www.googleapis.com/auth/calendar.acls.readonly; https://www.googleapis.com/auth/calendar.events; https://www.googleapis.com/auth/calendar.events.owned,3,0,0,4,1,0,1,Medium
SC-1586,Strategy I: Low Sensitivity Service Scope Combinations Generation,"service: Calendar, access_type: read, google_classification: sensitive; service: Calendar, access_type: read, google_classification: sensitive; service: Calendar, access_type: read, google_classification: non_sensitive; service: Calendar, access_type: read_write, google_classification: sensitive; service: Calendar, access_type: read, google_classification: sensitive; Online access only",https://www.googleapis.com/auth/calendar.acls.readonly; https://www.googleapis.com/auth/calendar.readonly; https://www.googleapis.com/auth/calendar.freebusy; https://www.googleapis.com/auth/calendar.events; https://www.googleapis.com/auth/calendar.calendarlist.readonly,3,0,0,5,1,0,1,Medium
SC-1587,Strategy I: Low Sensitivity Service Scope Combinations Generation,"service: Calendar, access_type: read, google_classification: sensitive; service: Calendar, access_type: read, google_classification: non_sensitive; service: Calendar, access_type: read, google_classification: sensitive; Online access only",https://www.googleapis.com/auth/calendar.calendars.readonly; https://www.googleapis.com/auth/calendar.events.freebusy; https://www.googleapis.com/auth/calendar.calendarlist.readonly,3,0,0,3,1,0,0,Low
SC-1588,Strategy I: Low Sensitivity Service Scope Combinations Generation,"service: Calendar, access_type: read_write, google_classification: sensitive; service: Calendar, access_type: read, google_classification: sensitive; service: Calendar, access_type: read_write, google_classification: sensitive; service: Calendar, access_type: read, google_classification: non_sensitive; Online access only",https://www.googleapis.com/auth/calendar.calendarlist; https://www.googleapis.com/auth/calendar.calendars.readonly; https://www.googleapis.com/auth/calendar.acls; https://www.googleapis.com/auth/calendar.events.freebusy,3,0,0,4,1,0,1,Medium
SC-1589,Strategy J: Bool Switching of Medium Risk Combinations,"service: Calendar, access_type: read, google_classification: sensitive; service: Calendar, access_type: read_write, google_classification: non_sensitive; service: Calendar, access_type: read, google_classification: non_sensitive; service: Calendar, access_type: read_write, google_classification: sensitive; service: Calendar, access_type: read, google_classification: sensitive; Offline refresh token",https://www.googleapis.com/auth/calendar.settings.readonly; https://www.googleapis.com/auth/calendar.app.created; https://www.googleapis.com/auth/calendar.events.freebusy; https://www.googleapis.com/auth/calendar.acls; https://www.googleapis.com/auth/calendar.calendarlist.readonly,3,1,0,5,1,0,1,Medium
SC-1590,Strategy J: Bool Switching of Medium Risk Combinations,"service: Calendar, access_type: read_write, google_classification: sensitive; service: Calendar, access_type: read, google_classification: sensitive; service: Calendar, access_type: read_write, google_classification: sensitive; Offline refresh token",https://www.googleapis.com/auth/calendar.events.owned; https://www.googleapis.com/auth/calendar.calendars.readonly; https://www.googleapis.com/auth/calendar.acls,3,1,0,3,1,0,1,Medium
SC-1591,Strategy I: Low Sensitivity Service Scope Combinations Generation,"service: Calendar, access_type: read_write, google_classification: sensitive; service: Calendar, access_type: read_write, google_classification: sensitive; service: Calendar, access_type: full_access, google_classification: sensitive; service: Calendar, access_type: read_write, google_classification: sensitive; Online access only",https://www.googleapis.com/auth/calendar.events.owned; https://www.googleapis.com/auth/calendar.acls; https://www.googleapis.com/auth/calendar; https://www.googleapis.com/auth/calendar.events,3,0,0,4,1,0,2,Medium
SC-1592,Strategy I: Low Sensitivity Service Scope Combinations Generation,"service: Calendar, access_type: read_write, google_classification: sensitive; service: Calendar, access_type: read, google_classification: sensitive; service: Calendar, access_type: read_write, google_classification: non_sensitive; service: Calendar, access_type: read, google_classification: sensitive; service: Calendar, access_type: read_write, google_classification: sensitive; Online access only",https://www.googleapis.com/auth/calendar.events.owned; https://www.googleapis.com/auth/calendar.calendars.readonly; https://www.googleapis.com/auth/calendar.app.created; https://www.googleapis.com/auth/calendar.events.owned.readonly; https://www.googleapis.com/auth/calendar.acls,3,0,0,5,1,0,1,Medium
SC-1593,Strategy I: Low Sensitivity Service Scope Combinations Generation,"service: Calendar, access_type: read, google_classification: sensitive; service: Calendar, access_type: read, google_classification: sensitive; Online access only",https://www.googleapis.com/auth/calendar.acls.readonly; https://www.googleapis.com/auth/calendar.events.owned.readonly,3,0,0,2,1,0,0,Low
SC-1594,Strategy I: Low Sensitivity Service Scope Combinations Generation,"service: Calendar, access_type: read, google_classification: sensitive; service: Calendar, access_type: read, google_classification: non_sensitive; service: Calendar, access_type: read, google_classification: sensitive; Online access only",https://www.googleapis.com/auth/calendar.settings.readonly; https://www.googleapis.com/auth/calendar.freebusy; https://www.googleapis.com/auth/calendar.events.owned.readonly,3,0,0,3,1,0,0,Low
SC-1595,Strategy I: Low Sensitivity Service Scope Combinations Generation,"service: Calendar, access_type: read, google_classification: sensitive; service: Calendar, access_type: read_write, google_classification: non_sensitive; service: Calendar, access_type: read, google_classification: sensitive; service: Calendar, access_type: read, google_classification: sensitive; Online access only",https://www.googleapis.com/auth/calendar.settings.readonly; https://www.googleapis.com/auth/calendar.app.created; https://www.googleapis.com/auth/calendar.acls.readonly; https://www.googleapis.com/auth/calendar.events.owned.readonly,3,0,0,4,1,0,1,Medium
SC-1596,Strategy I: Low Sensitivity Service Scope Combinations Generation,"service: Calendar, access_type: read_write, google_classification: sensitive; service: Calendar, access_type: read, google_classification: sensitive; service: Calendar, access_type: read, google_classification: sensitive; service: Calendar, access_type: read, google_classification: sensitive; service: Calendar, access_type: read_write, google_classification: sensitive; Online access only",https://www.googleapis.com/auth/calendar.events.owned; https://www.googleapis.com/auth/calendar.calendars.readonly; https://www.googleapis.com/auth/calendar.events.readonly; https://www.googleapis.com/auth/calendar.events.owned.readonly; https://www.googleapis.com/auth/calendar.calendars,3,0,0,5,1,0,1,Medium
SC-1597,Strategy I: Low Sensitivity Service Scope Combinations Generation,"service: Calendar, access_type: read, google_classification: sensitive; service: Calendar, access_type: read, google_classification: non_sensitive; service: Calendar, access_type: read, google_classification: non_sensitive; Online access only",https://www.googleapis.com/auth/calendar.events.readonly; https://www.googleapis.com/auth/calendar.events.freebusy; https://www.googleapis.com/auth/calendar.events.public.readonly,3,0,0,3,1,0,0,Low
SC-1598,Strategy I: Low Sensitivity Service Scope Combinations Generation,"service: Calendar, access_type: read_write, google_classification: sensitive; service: Calendar, access_type: full_access, google_classification: sensitive; service: Calendar, access_type: read_write, google_classification: sensitive; service: Calendar, access_type: read, google_classification: non_sensitive; Online access only",https://www.googleapis.com/auth/calendar.calendarlist; https://www.googleapis.com/auth/calendar; https://www.googleapis.com/auth/calendar.events.owned; https://www.googleapis.com/auth/calendar.events.public.readonly,3,0,0,4,1,0,2,Medium
SC-1599,Strategy I: Low Sensitivity Service Scope Combinations Generation,"service: Calendar, access_type: read_write, google_classification: sensitive; service: Calendar, access_type: read, google_classification: sensitive; service: Calendar, access_type: read, google_classification: sensitive; service: Calendar, access_type: read, google_classification: non_sensitive; service: Calendar, access_type: read, google_classification: sensitive; Online access only",https://www.googleapis.com/auth/calendar.events.owned; https://www.googleapis.com/auth/calendar.events.readonly; https://www.googleapis.com/auth/calendar.readonly; https://www.googleapis.com/auth/calendar.events.public.readonly; https://www.googleapis.com/auth/calendar.events.owned.readonly,3,0,0,5,1,0,1,Medium
SC-1600,Strategy I: Low Sensitivity Service Scope Combinations Generation,"service: Calendar, access_type: read, google_classification: sensitive; service: Calendar, access_type: read, google_classification: sensitive; service: Calendar, access_type: full_access, google_classification: sensitive; Online access only",https://www.googleapis.com/auth/calendar.events.readonly; https://www.googleapis.com/auth/calendar.calendarlist.readonly; https://www.googleapis.com/auth/calendar,3,0,0,3,1,0,2,Medium
SC-1601,Strategy I: Low Sensitivity Service Scope Combinations Generation,"service: Calendar, access_type: read, google_classification: sensitive; service: Calendar, access_type: read_write, google_classification: sensitive; service: Calendar, access_type: read, google_classification: non_sensitive; service: Calendar, access_type: read, google_classification: sensitive; Online access only",https://www.googleapis.com/auth/calendar.events.readonly; https://www.googleapis.com/auth/calendar.acls; https://www.googleapis.com/auth/calendar.events.freebusy; https://www.googleapis.com/auth/calendar.events.owned.readonly,3,0,0,4,1,0,1,Medium
SC-1602,Strategy J: Bool Switching of Medium Risk Combinations,"service: Calendar, access_type: read, google_classification: sensitive; service: Calendar, access_type: read_write, google_classification: sensitive; service: Calendar, access_type: read_write, google_classification: non_sensitive; service: Calendar, access_type: full_access, google_classification: sensitive; service: Calendar, access_type: read_write, google_classification: sensitive; Offline refresh token",https://www.googleapis.com/auth/calendar.events.readonly; https://www.googleapis.com/auth/calendar.calendarlist; https://www.googleapis.com/auth/calendar.app.created; https://www.googleapis.com/auth/calendar; https://www.googleapis.com/auth/calendar.calendars,3,1,0,5,1,0,2,High
SC-1603,Strategy I: Low Sensitivity Service Scope Combinations Generation,"service: Calendar, access_type: read_write, google_classification: sensitive; service: Calendar, access_type: read_write, google_classification: sensitive; service: Calendar, access_type: read, google_classification: non_sensitive; service: Calendar, access_type: read, google_classification: non_sensitive; Online access only",https://www.googleapis.com/auth/calendar.acls; https://www.googleapis.com/auth/calendar.calendars; https://www.googleapis.com/auth/calendar.events.public.readonly; https://www.googleapis.com/auth/calendar.freebusy,3,0,0,4,1,0,1,Medium
SC-1604,Strategy I: Low Sensitivity Service Scope Combinations Generation,"service: Calendar, access_type: read_write, google_classification: sensitive; service: Calendar, access_type: read, google_classification: sensitive; service: Calendar, access_type: read, google_classification: sensitive; service: Calendar, access_type: read, google_classification: non_sensitive; service: Calendar, access_type: read, google_classification: non_sensitive; Online access only",https://www.googleapis.com/auth/calendar.calendarlist; https://www.googleapis.com/auth/calendar.calendars.readonly; https://www.googleapis.com/auth/calendar.acls.readonly; https://www.googleapis.com/auth/calendar.freebusy; https://www.googleapis.com/auth/calendar.events.public.readonly,3,0,0,5,1,0,1,Medium
SC-1605,Strategy J: Bool Switching of Medium Risk Combinations,"service: Calendar, access_type: read, google_classification: sensitive; service: Calendar, access_type: read, google_classification: sensitive; service: Calendar, access_type: read_write, google_classification: non_sensitive; Offline refresh token",https://www.googleapis.com/auth/calendar.events.readonly; https://www.googleapis.com/auth/calendar.readonly; https://www.googleapis.com/auth/calendar.app.created,3,1,0,3,1,0,1,Medium
SC-1606,Strategy J: Bool Switching of Medium Risk Combinations,"service: Calendar, access_type: read, google_classification: sensitive; service: Calendar, access_type: read, google_classification: sensitive; service: Calendar, access_type: read_write, google_classification: sensitive; service: Calendar, access_type: read, google_classification: non_sensitive; Offline refresh token",https://www.googleapis.com/auth/calendar.settings.readonly; https://www.googleapis.com/auth/calendar.readonly; https://www.googleapis.com/auth/calendar.acls; https://www.googleapis.com/auth/calendar.freebusy,3,1,0,4,1,0,1,Medium
SC-1607,Strategy J: Bool Switching of Medium Risk Combinations,"service: Calendar, access_type: read_write, google_classification: sensitive; service: Calendar, access_type: read, google_classification: sensitive; service: Calendar, access_type: read, google_classification: non_sensitive; service: Calendar, access_type: read_write, google_classification: sensitive; service: Calendar, access_type: read_write, google_classification: sensitive; Offline refresh token",https://www.googleapis.com/auth/calendar.events.owned; https://www.googleapis.com/auth/calendar.readonly; https://www.googleapis.com/auth/calendar.events.freebusy; https://www.googleapis.com/auth/calendar.events; https://www.googleapis.com/auth/calendar.calendars,3,1,0,5,1,0,1,Medium
SC-1608,Strategy I: Low Sensitivity Service Scope Combinations Generation,"service: Calendar, access_type: read, google_classification: sensitive; service: Calendar, access_type: read, google_classification: sensitive; service: Calendar, access_type: read_write, google_classification: sensitive; Online access only",https://www.googleapis.com/auth/calendar.settings.readonly; https://www.googleapis.com/auth/calendar.calendars.readonly; https://www.googleapis.com/auth/calendar.events.owned,3,0,0,3,1,0,1,Medium
SC-1609,Strategy I: Low Sensitivity Service Scope Combinations Generation,"service: Calendar, access_type: read, google_classification: sensitive; service: Calendar, access_type: read, google_classification: sensitive; service: Calendar, access_type: read, google_classification: non_sensitive; service: Calendar, access_type: read, google_classification: sensitive; Online access only",https://www.googleapis.com/auth/calendar.settings.readonly; https://www.googleapis.com/auth/calendar.calendars.readonly; https://www.googleapis.com/auth/calendar.freebusy; https://www.googleapis.com/auth/calendar.events.owned.readonly,3,0,0,4,1,0,0,Low
SC-1610,Strategy I: Low Sensitivity Service Scope Combinations Generation,"service: Calendar, access_type: read, google_classification: sensitive; service: Calendar, access_type: read, google_classification: sensitive; service: Calendar, access_type: read_write, google_classification: non_sensitive; service: Calendar, access_type: read_write, google_classification: sensitive; service: Calendar, access_type: read, google_classification: non_sensitive; Online access only",https://www.googleapis.com/auth/calendar.settings.readonly; https://www.googleapis.com/auth/calendar.calendars.readonly; https://www.googleapis.com/auth/calendar.app.created; https://www.googleapis.com/auth/calendar.events.owned; https://www.googleapis.com/auth/calendar.freebusy,3,0,0,5,1,0,1,Medium
SC-1611,Strategy I: Low Sensitivity Service Scope Combinations Generation,"service: Calendar, access_type: read, google_classification: sensitive; service: Calendar, access_type: full_access, google_classification: sensitive; Online access only",https://www.googleapis.com/auth/calendar.events.readonly; https://www.googleapis.com/auth/calendar,3,0,0,2,1,0,2,Medium
SC-1612,Strategy I: Low Sensitivity Service Scope Combinations Generation,"service: Calendar, access_type: read, google_classification: sensitive; service: Calendar, access_type: full_access, google_classification: sensitive; service: Calendar, access_type: read, google_classification: sensitive; Online access only",https://www.googleapis.com/auth/calendar.acls.readonly; https://www.googleapis.com/auth/calendar; https://www.googleapis.com/auth/calendar.events.owned.readonly,3,0,0,3,1,0,2,Medium
SC-1613,Strategy I: Low Sensitivity Service Scope Combinations Generation,"service: Calendar, access_type: read, google_classification: sensitive; service: Calendar, access_type: read, google_classification: sensitive; service: Calendar, access_type: full_access, google_classification: sensitive; service: Calendar, access_type: read, google_classification: sensitive; Online access only",https://www.googleapis.com/auth/calendar.settings.readonly; https://www.googleapis.com/auth/calendar.acls.readonly; https://www.googleapis.com/auth/calendar; https://www.googleapis.com/auth/calendar.events.owned.readonly,3,0,0,4,1,0,2,Medium
SC-1614,Strategy J: Bool Switching of Medium Risk Combinations,"service: Calendar, access_type: read, google_classification: sensitive; service: Calendar, access_type: read, google_classification: sensitive; service: Calendar, access_type: read, google_classification: non_sensitive; service: Calendar, access_type: full_access, google_classification: sensitive; service: Calendar, access_type: read, google_classification: sensitive; Offline refresh token",https://www.googleapis.com/auth/calendar.calendars.readonly; https://www.googleapis.com/auth/calendar.readonly; https://www.googleapis.com/auth/calendar.freebusy; https://www.googleapis.com/auth/calendar; https://www.googleapis.com/auth/calendar.events.owned.readonly,3,1,0,5,1,0,2,High
SC-1615,Strategy I: Low Sensitivity Service Scope Combinations Generation,"service: Calendar, access_type: read_write, google_classification: sensitive; service: Calendar, access_type: read, google_classification: sensitive; Online access only",https://www.googleapis.com/auth/calendar.acls; https://www.googleapis.com/auth/calendar.events.readonly,3,0,0,2,1,0,1,Low
SC-1616,Strategy J: Bool Switching of Medium Risk Combinations,"service: Calendar, access_type: read_write, google_classification: sensitive; service: Calendar, access_type: read, google_classification: sensitive; service: Calendar, access_type: read_write, google_classification: sensitive; Offline refresh token",https://www.googleapis.com/auth/calendar.acls; https://www.googleapis.com/auth/calendar.calendars.readonly; https://www.googleapis.com/auth/calendar.calendarlist,3,1,0,3,1,0,1,Medium
SC-1617,Strategy I: Low Sensitivity Service Scope Combinations Generation,"service: Calendar, access_type: read_write, google_classification: sensitive; service: Calendar, access_type: read_write, google_classification: non_sensitive; service: Calendar, access_type: read, google_classification: non_sensitive; service: Calendar, access_type: read_write, google_classification: sensitive; service: Calendar, access_type: read_write, google_classification: sensitive; Online access only",https://www.googleapis.com/auth/calendar.events.owned; https://www.googleapis.com/auth/calendar.app.created; https://www.googleapis.com/auth/calendar.events.freebusy; https://www.googleapis.com/auth/calendar.events; https://www.googleapis.com/auth/calendar.acls,3,0,0,5,1,0,1,Medium
SC-1618,Strategy I: Low Sensitivity Service Scope Combinations Generation,"service: Calendar, access_type: read, google_classification: sensitive; service: Calendar, access_type: read, google_classification: sensitive; service: Calendar, access_type: read, google_classification: sensitive; Online access only",https://www.googleapis.com/auth/calendar.acls.readonly; https://www.googleapis.com/auth/calendar.events.readonly; https://www.googleapis.com/auth/calendar.settings.readonly,3,0,0,3,1,0,0,Low
SC-1619,Strategy I: Low Sensitivity Service Scope Combinations Generation,"service: Calendar, access_type: read, google_classification: sensitive; service: Calendar, access_type: read, google_classification: sensitive; service: Calendar, access_type: read_write, google_classification: sensitive; service: Calendar, access_type: read_write, google_classification: sensitive; Online access only",https://www.googleapis.com/auth/calendar.acls.readonly; https://www.googleapis.com/auth/calendar.readonly; https://www.googleapis.com/auth/calendar.calendars; https://www.googleapis.com/auth/calendar.calendarlist,3,0,0,4,1,0,1,Medium
SC-1620,Strategy I: Low Sensitivity Service Scope Combinations Generation,"service: Calendar, access_type: read, google_classification: sensitive; service: Calendar, access_type: read_write, google_classification: non_sensitive; service: Calendar, access_type: read, google_classification: non_sensitive; service: Calendar, access_type: full_access, google_classification: sensitive; service: Calendar, access_type: read, google_classification: sensitive; Online access only",https://www.googleapis.com/auth/calendar.acls.readonly; https://www.googleapis.com/auth/calendar.app.created; https://www.googleapis.com/auth/calendar.freebusy; https://www.googleapis.com/auth/calendar; https://www.googleapis.com/auth/calendar.calendarlist.readonly,3,0,0,5,1,0,2,Medium
SC-1621,Strategy I: Low Sensitivity Service Scope Combinations Generation,"service: Calendar, access_type: read_write, google_classification: non_sensitive; service: Calendar, access_type: read_write, google_classification: sensitive; service: Calendar, access_type: read, google_classification: sensitive; Online access only",https://www.googleapis.com/auth/calendar.app.created; https://www.googleapis.com/auth/calendar.events; https://www.googleapis.com/auth/calendar.readonly,3,0,0,3,1,0,1,Medium
SC-1622,Strategy J: Bool Switching of Medium Risk Combinations,"service: Calendar, access_type: read_write, google_classification: sensitive; service: Calendar, access_type: read_write, google_classification: non_sensitive; service: Calendar, access_type: read, google_classification: sensitive; service: Calendar, access_type: read_write, google_classification: sensitive; Offline refresh token",https://www.googleapis.com/auth/calendar.calendarlist; https://www.googleapis.com/auth/calendar.app.created; https://www.googleapis.com/auth/calendar.events.readonly; https://www.googleapis.com/auth/calendar.acls,3,1,0,4,1,0,1,Medium
SC-1623,Strategy J: Bool Switching of Medium Risk Combinations,"service: Calendar, access_type: read, google_classification: sensitive; service: Calendar, access_type: read_write, google_classification: sensitive; service: Calendar, access_type: read_write, google_classification: non_sensitive; service: Calendar, access_type: full_access, google_classification: sensitive; service: Calendar, access_type: read, google_classification: sensitive; Offline refresh token",https://www.googleapis.com/auth/calendar.acls.readonly; https://www.googleapis.com/auth/calendar.calendarlist; https://www.googleapis.com/auth/calendar.app.created; https://www.googleapis.com/auth/calendar; https://www.googleapis.com/auth/calendar.calendarlist.readonly,3,1,0,5,1,0,2,High
SC-1624,Strategy I: Low Sensitivity Service Scope Combinations Generation,"service: Calendar, access_type: read_write, google_classification: sensitive; service: Calendar, access_type: read, google_classification: sensitive; Online access only",https://www.googleapis.com/auth/calendar.calendarlist; https://www.googleapis.com/auth/calendar.settings.readonly,3,0,0,2,1,0,1,Low
SC-1625,Strategy J: Bool Switching of Medium Risk Combinations,"service: Calendar, access_type: read_write, google_classification: sensitive; service: Calendar, access_type: read, google_classification: sensitive; service: Calendar, access_type: read, google_classification: non_sensitive; Offline refresh token",https://www.googleapis.com/auth/calendar.calendarlist; https://www.googleapis.com/auth/calendar.settings.readonly; https://www.googleapis.com/auth/calendar.events.public.readonly,3,1,0,3,1,0,1,Medium
SC-1626,Strategy J: Bool Switching of Medium Risk Combinations,"service: Calendar, access_type: read_write, google_classification: sensitive; service: Calendar, access_type: read, google_classification: sensitive; service: Calendar, access_type: read, google_classification: non_sensitive; service: Calendar, access_type: read, google_classification: sensitive; Offline refresh token",https://www.googleapis.com/auth/calendar.calendarlist; https://www.googleapis.com/auth/calendar.events.readonly; https://www.googleapis.com/auth/calendar.events.public.readonly; https://www.googleapis.com/auth/calendar.events.owned.readonly,3,1,0,4,1,0,1,Medium
SC-1627,Strategy I: Low Sensitivity Service Scope Combinations Generation,"service: Calendar, access_type: read_write, google_classification: sensitive; service: Calendar, access_type: read, google_classification: sensitive; service: Calendar, access_type: read_write, google_classification: non_sensitive; service: Calendar, access_type: read_write, google_classification: sensitive; service: Calendar, access_type: read, google_classification: non_sensitive; Online access only",https://www.googleapis.com/auth/calendar.calendarlist; https://www.googleapis.com/auth/calendar.calendars.readonly; https://www.googleapis.com/auth/calendar.app.created; https://www.googleapis.com/auth/calendar.events.owned; https://www.googleapis.com/auth/calendar.events.freebusy,3,0,0,5,1,0,1,Medium
SC-1628,Strategy I: Low Sensitivity Service Scope Combinations Generation,"service: Calendar, access_type: read_write, google_classification: sensitive; service: Calendar, access_type: read, google_classification: sensitive; Online access only",https://www.googleapis.com/auth/calendar.events.owned; https://www.googleapis.com/auth/calendar.calendarlist.readonly,3,0,0,2,1,0,1,Low
SC-1629,Strategy I: Low Sensitivity Service Scope Combinations Generation,"service: Calendar, access_type: read_write, google_classification: sensitive; service: Calendar, access_type: read, google_classification: sensitive; service: Calendar, access_type: read_write, google_classification: non_sensitive; Online access only",https://www.googleapis.com/auth/calendar.acls; https://www.googleapis.com/auth/calendar.calendarlist.readonly; https://www.googleapis.com/auth/calendar.app.created,3,0,0,3,1,0,1,Medium
SC-1630,Strategy I: Low Sensitivity Service Scope Combinations Generation,"service: Calendar, access_type: read, google_classification: sensitive; service: Calendar, access_type: read, google_classification: sensitive; service: Calendar, access_type: read, google_classification: non_sensitive; service: Calendar, access_type: read, google_classification: sensitive; Online access only",https://www.googleapis.com/auth/calendar.acls.readonly; https://www.googleapis.com/auth/calendar.calendarlist.readonly; https://www.googleapis.com/auth/calendar.freebusy; https://www.googleapis.com/auth/calendar.events.owned.readonly,3,0,0,4,1,0,0,Low
SC-1631,Strategy I: Low Sensitivity Service Scope Combinations Generation,"service: Calendar, access_type: read, google_classification: sensitive; service: Calendar, access_type: read, google_classification: sensitive; service: Calendar, access_type: read, google_classification: non_sensitive; service: Calendar, access_type: read, google_classification: non_sensitive; service: Calendar, access_type: read, google_classification: sensitive; Online access only",https://www.googleapis.com/auth/calendar.events.readonly; https://www.googleapis.com/auth/calendar.readonly; https://www.googleapis.com/auth/calendar.events.freebusy; https://www.googleapis.com/auth/calendar.freebusy; https://www.googleapis.com/auth/calendar.calendarlist.readonly,3,0,0,5,1,0,0,Low
SC-1632,Strategy I: Low Sensitivity Service Scope Combinations Generation,"service: Calendar, access_type: read_write, google_classification: sensitive; service: Calendar, access_type: read_write, google_classification: sensitive; Online access only",https://www.googleapis.com/auth/calendar.calendarlist; https://www.googleapis.com/auth/calendar.calendars,3,0,0,2,1,0,1,Low
SC-1633,Strategy J: Bool Switching of Medium Risk Combinations,"service: Calendar, access_type: read, google_classification: sensitive; service: Calendar, access_type: read, google_classification: sensitive; service: Calendar, access_type: read_write, google_classification: sensitive; Offline refresh token",https://www.googleapis.com/auth/calendar.settings.readonly; https://www.googleapis.com/auth/calendar.calendarlist.readonly; https://www.googleapis.com/auth/calendar.calendars,3,1,0,3,1,0,1,Medium
SC-1634,Strategy I: Low Sensitivity Service Scope Combinations Generation,"service: Calendar, access_type: read, google_classification: sensitive; service: Calendar, access_type: full_access, google_classification: sensitive; service: Calendar, access_type: read_write, google_classification: sensitive; service: Calendar, access_type: read_write, google_classification: sensitive; Online access only",https://www.googleapis.com/auth/calendar.acls.readonly; https://www.googleapis.com/auth/calendar; https://www.googleapis.com/auth/calendar.calendars; https://www.googleapis.com/auth/calendar.calendarlist,3,0,0,4,1,0,2,Medium
SC-1635,Strategy I: Low Sensitivity Service Scope Combinations Generation,"service: Calendar, access_type: read_write, google_classification: sensitive; service: Calendar, access_type: read, google_classification: non_sensitive; service: Calendar, access_type: read, google_classification: non_sensitive; service: Calendar, access_type: read, google_classification: sensitive; service: Calendar, access_type: read_write, google_classification: sensitive; Online access only",https://www.googleapis.com/auth/calendar.events.owned; https://www.googleapis.com/auth/calendar.freebusy; https://www.googleapis.com/auth/calendar.events.public.readonly; https://www.googleapis.com/auth/calendar.events.owned.readonly; https://www.googleapis.com/auth/calendar.calendars,3,0,0,5,1,0,1,Medium
SC-1636,Strategy I: Low Sensitivity Service Scope Combinations Generation,"service: Calendar, access_type: read, google_classification: sensitive; service: Calendar, access_type: read, google_classification: non_sensitive; Online access only",https://www.googleapis.com/auth/calendar.calendars.readonly; https://www.googleapis.com/auth/calendar.freebusy,3,0,0,2,1,0,0,Low
SC-1637,Strategy I: Low Sensitivity Service Scope Combinations Generation,"service: Calendar, access_type: read, google_classification: sensitive; service: Calendar, access_type: read, google_classification: sensitive; service: Calendar, access_type: read, google_classification: sensitive; Online access only",https://www.googleapis.com/auth/calendar.settings.readonly; https://www.googleapis.com/auth/calendar.calendars.readonly; https://www.googleapis.com/auth/calendar.calendarlist.readonly,3,0,0,3,1,0,0,Low
SC-1638,Strategy I: Low Sensitivity Service Scope Combinations Generation,"service: Calendar, access_type: read, google_classification: sensitive; service: Calendar, access_type: read_write, google_classification: non_sensitive; service: Calendar, access_type: read_write, google_classification: sensitive; service: Calendar, access_type: read, google_classification: non_sensitive; Online access only",https://www.googleapis.com/auth/calendar.calendars.readonly; https://www.googleapis.com/auth/calendar.app.created; https://www.googleapis.com/auth/calendar.events; https://www.googleapis.com/auth/calendar.events.freebusy,3,0,0,4,1,0,1,Medium
SC-1639,Strategy J: Bool Switching of Medium Risk Combinations,"service: Calendar, access_type: read_write, google_classification: sensitive; service: Calendar, access_type: read, google_classification: sensitive; service: Calendar, access_type: read, google_classification: sensitive; service: Calendar, access_type: read, google_classification: sensitive; service: Calendar, access_type: read_write, google_classification: sensitive; Offline refresh token",https://www.googleapis.com/auth/calendar.events.owned; https://www.googleapis.com/auth/calendar.calendars.readonly; https://www.googleapis.com/auth/calendar.readonly; https://www.googleapis.com/auth/calendar.settings.readonly; https://www.googleapis.com/auth/calendar.acls,3,1,0,5,1,0,1,Medium
SC-1640,Strategy I: Low Sensitivity Service Scope Combinations Generation,"service: Calendar, access_type: read, google_classification: sensitive; service: Calendar, access_type: read_write, google_classification: sensitive; Online access only",https://www.googleapis.com/auth/calendar.settings.readonly; https://www.googleapis.com/auth/calendar.events,3,0,0,2,1,0,1,Low
SC-1641,Strategy I: Low Sensitivity Service Scope Combinations Generation,"service: Calendar, access_type: read, google_classification: sensitive; service: Calendar, access_type: read, google_classification: sensitive; service: Calendar, access_type: read_write, google_classification: sensitive; Online access only",https://www.googleapis.com/auth/calendar.settings.readonly; https://www.googleapis.com/auth/calendar.events.readonly; https://www.googleapis.com/auth/calendar.events,3,0,0,3,1,0,1,Medium
SC-1642,Strategy J: Bool Switching of Medium Risk Combinations,"service: Calendar, access_type: read_write, google_classification: sensitive; service: Calendar, access_type: read, google_classification: non_sensitive; service: Calendar, access_type: read_write, google_classification: sensitive; service: Calendar, access_type: read, google_classification: non_sensitive; Offline refresh token",https://www.googleapis.com/auth/calendar.events.owned; https://www.googleapis.com/auth/calendar.events.public.readonly; https://www.googleapis.com/auth/calendar.events; https://www.googleapis.com/auth/calendar.events.freebusy,3,1,0,4,1,0,1,Medium
SC-1643,Strategy I: Low Sensitivity Service Scope Combinations Generation,"service: Calendar, access_type: read_write, google_classification: sensitive; service: Calendar, access_type: read_write, google_classification: sensitive; service: Calendar, access_type: read_write, google_classification: sensitive; service: Calendar, access_type: read_write, google_classification: sensitive; service: Calendar, access_type: read, google_classification: sensitive; Online access only",https://www.googleapis.com/auth/calendar.events.owned; https://www.googleapis.com/auth/calendar.calendarlist; https://www.googleapis.com/auth/calendar.events; https://www.googleapis.com/auth/calendar.acls; https://www.googleapis.com/auth/calendar.calendarlist.readonly,3,0,0,5,1,0,1,Medium
SC-1644,Strategy I: Low Sensitivity Service Scope Combinations Generation,"service: Calendar, access_type: read, google_classification: sensitive; service: Calendar, access_type: read, google_classification: sensitive; service: Calendar, access_type: read, google_classification: non_sensitive; Online access only",https://www.googleapis.com/auth/calendar.events.readonly; https://www.googleapis.com/auth/calendar.settings.readonly; https://www.googleapis.com/auth/calendar.events.freebusy,3,0,0,3,1,0,0,Low
SC-1645,Strategy I: Low Sensitivity Service Scope Combinations Generation,"service: Calendar, access_type: read_write, google_classification: sensitive; service: Calendar, access_type: read_write, google_classification: non_sensitive; service: Calendar, access_type: read_write, google_classification: sensitive; service: Calendar, access_type: read, google_classification: non_sensitive; Online access only",https://www.googleapis.com/auth/calendar.events.owned; https://www.googleapis.com/auth/calendar.app.created; https://www.googleapis.com/auth/calendar.events; https://www.googleapis.com/auth/calendar.events.freebusy,3,0,0,4,1,0,1,Medium
SC-1646,Strategy I: Low Sensitivity Service Scope Combinations Generation,"service: Calendar, access_type: read_write, google_classification: non_sensitive; service: Calendar, access_type: read, google_classification: non_sensitive; service: Calendar, access_type: read_write, google_classification: sensitive; service: Calendar, access_type: read, google_classification: sensitive; service: Calendar, access_type: read, google_classification: sensitive; Online access only",https://www.googleapis.com/auth/calendar.app.created; https://www.googleapis.com/auth/calendar.events.freebusy; https://www.googleapis.com/auth/calendar.events; https://www.googleapis.com/auth/calendar.events.owned.readonly; https://www.googleapis.com/auth/calendar.calendarlist.readonly,3,0,0,5,1,0,1,Medium
SC-1647,Strategy J: Bool Switching of Medium Risk Combinations,"service: Calendar, access_type: read_write, google_classification: sensitive; service: Calendar, access_type: read, google_classification: sensitive; service: Calendar, access_type: read, google_classification: non_sensitive; Offline refresh token",https://www.googleapis.com/auth/calendar.events.owned; https://www.googleapis.com/auth/calendar.calendars.readonly; https://www.googleapis.com/auth/calendar.freebusy,3,1,0,3,1,0,1,Medium
SC-1648,Strategy I: Low Sensitivity Service Scope Combinations Generation,"service: Calendar, access_type: read_write, google_classification: sensitive; service: Calendar, access_type: read, google_classification: sensitive; service: Calendar, access_type: read_write, google_classification: sensitive; service: Calendar, access_type: read, google_classification: non_sensitive; Online access only",https://www.googleapis.com/auth/calendar.events.owned; https://www.googleapis.com/auth/calendar.calendarlist.readonly; https://www.googleapis.com/auth/calendar.events; https://www.googleapis.com/auth/calendar.events.freebusy,3,0,0,4,1,0,1,Medium
SC-1649,Strategy J: Bool Switching of Medium Risk Combinations,"service: Calendar, access_type: read_write, google_classification: sensitive; service: Calendar, access_type: read, google_classification: sensitive; service: Calendar, access_type: read_write, google_classification: non_sensitive; service: Calendar, access_type: read_write, google_classification: sensitive; service: Calendar, access_type: read_write, google_classification: sensitive; Offline refresh token",https://www.googleapis.com/auth/calendar.events.owned; https://www.googleapis.com/auth/calendar.calendars.readonly; https://www.googleapis.com/auth/calendar.app.created; https://www.googleapis.com/auth/calendar.calendarlist; https://www.googleapis.com/auth/calendar.events,3,1,0,5,1,0,1,Medium
SC-1650,Strategy J: Bool Switching of Medium Risk Combinations,"service: Calendar, access_type: read, google_classification: sensitive; service: Calendar, access_type: read_write, google_classification: sensitive; service: Calendar, access_type: read, google_classification: sensitive; Offline refresh token",https://www.googleapis.com/auth/calendar.settings.readonly; https://www.googleapis.com/auth/calendar.calendars; https://www.googleapis.com/auth/calendar.events.owned.readonly,3,1,0,3,1,0,1,Medium
SC-1651,Strategy I: Low Sensitivity Service Scope Combinations Generation,"service: Calendar, access_type: read_write, google_classification: sensitive; service: Calendar, access_type: read, google_classification: sensitive; service: Calendar, access_type: full_access, google_classification: sensitive; service: Calendar, access_type: read, google_classification: sensitive; Online access only",https://www.googleapis.com/auth/calendar.acls; https://www.googleapis.com/auth/calendar.calendarlist.readonly; https://www.googleapis.com/auth/calendar; https://www.googleapis.com/auth/calendar.events.owned.readonly,3,0,0,4,1,0,2,Medium
SC-1652,Strategy J: Bool Switching of Medium Risk Combinations,"service: Calendar, access_type: read, google_classification: sensitive; service: Calendar, access_type: read, google_classification: non_sensitive; service: Calendar, access_type: full_access, google_classification: sensitive; service: Calendar, access_type: read, google_classification: sensitive; service: Calendar, access_type: read_write, google_classification: sensitive; Offline refresh token",https://www.googleapis.com/auth/calendar.readonly; https://www.googleapis.com/auth/calendar.events.freebusy; https://www.googleapis.com/auth/calendar; https://www.googleapis.com/auth/calendar.events.owned.readonly; https://www.googleapis.com/auth/calendar.calendars,3,1,0,5,1,0,2,High
SC-1653,Strategy I: Low Sensitivity Service Scope Combinations Generation,"service: Calendar, access_type: read, google_classification: sensitive; service: Calendar, access_type: read, google_classification: non_sensitive; Online access only",https://www.googleapis.com/auth/calendar.events.readonly; https://www.googleapis.com/auth/calendar.events.public.readonly,3,0,0,2,1,0,0,Low
SC-1654,Strategy I: Low Sensitivity Service Scope Combinations Generation,"service: Calendar, access_type: read, google_classification: sensitive; service: Calendar, access_type: read, google_classification: non_sensitive; service: Calendar, access_type: read, google_classification: non_sensitive; Online access only",https://www.googleapis.com/auth/calendar.settings.readonly; https://www.googleapis.com/auth/calendar.events.public.readonly; https://www.googleapis.com/auth/calendar.freebusy,3,0,0,3,1,0,0,Low
SC-1655,Strategy I: Low Sensitivity Service Scope Combinations Generation,"service: Calendar, access_type: read_write, google_classification: sensitive; service: Calendar, access_type: read, google_classification: non_sensitive; service: Calendar, access_type: read, google_classification: non_sensitive; service: Calendar, access_type: read, google_classification: non_sensitive; Online access only",https://www.googleapis.com/auth/calendar.calendarlist; https://www.googleapis.com/auth/calendar.events.freebusy; https://www.googleapis.com/auth/calendar.events.public.readonly; https://www.googleapis.com/auth/calendar.freebusy,3,0,0,4,1,0,1,Medium
SC-1656,Strategy I: Low Sensitivity Service Scope Combinations Generation,"service: Calendar, access_type: read, google_classification: sensitive; service: Calendar, access_type: read_write, google_classification: non_sensitive; service: Calendar, access_type: read, google_classification: sensitive; service: Calendar, access_type: read, google_classification: non_sensitive; service: Calendar, access_type: read, google_classification: non_sensitive; Online access only",https://www.googleapis.com/auth/calendar.events.readonly; https://www.googleapis.com/auth/calendar.app.created; https://www.googleapis.com/auth/calendar.readonly; https://www.googleapis.com/auth/calendar.freebusy; https://www.googleapis.com/auth/calendar.events.public.readonly,3,0,0,5,1,0,1,Medium
SC-1657,Strategy J: Bool Switching of Medium Risk Combinations,"service: Calendar, access_type: read, google_classification: sensitive; service: Calendar, access_type: read, google_classification: sensitive; service: Calendar, access_type: read_write, google_classification: sensitive; Offline refresh token",https://www.googleapis.com/auth/calendar.events.readonly; https://www.googleapis.com/auth/calendar.acls.readonly; https://www.googleapis.com/auth/calendar.calendarlist,3,1,0,3,1,0,1,Medium
SC-1658,Strategy J: Bool Switching of Medium Risk Combinations,"service: Calendar, access_type: read, google_classification: sensitive; service: Calendar, access_type: read_write, google_classification: non_sensitive; service: Calendar, access_type: read_write, google_classification: sensitive; service: Calendar, access_type: read, google_classification: sensitive; Offline refresh token",https://www.googleapis.com/auth/calendar.events.readonly; https://www.googleapis.com/auth/calendar.app.created; https://www.googleapis.com/auth/calendar.events; https://www.googleapis.com/auth/calendar.events.owned.readonly,3,1,0,4,1,0,1,Medium
SC-1659,Strategy J: Bool Switching of Medium Risk Combinations,"service: Calendar, access_type: read, google_classification: sensitive; service: Calendar, access_type: read, google_classification: sensitive; service: Calendar, access_type: read, google_classification: sensitive; service: Calendar, access_type: read_write, google_classification: sensitive; service: Calendar, access_type: read, google_classification: sensitive; Offline refresh token",https://www.googleapis.com/auth/calendar.events.readonly; https://www.googleapis.com/auth/calendar.calendars.readonly; https://www.googleapis.com/auth/calendar.acls.readonly; https://www.googleapis.com/auth/calendar.events.owned; https://www.googleapis.com/auth/calendar.calendarlist.readonly,3,1,0,5,1,0,1,Medium
SC-1660,Strategy I: Low Sensitivity Service Scope Combinations Generation,"service: Calendar, access_type: read, google_classification: sensitive; service: Calendar, access_type: read, google_classification: non_sensitive; Online access only",https://www.googleapis.com/auth/calendar.settings.readonly; https://www.googleapis.com/auth/calendar.freebusy,3,0,0,2,1,0,0,Low
SC-1661,Strategy J: Bool Switching of Medium Risk Combinations,"service: Calendar, access_type: read_write, google_classification: sensitive; service: Calendar, access_type: read_write, google_classification: sensitive; service: Calendar, access_type: read, google_classification: non_sensitive; Offline refresh token",https://www.googleapis.com/auth/calendar.events.owned; https://www.googleapis.com/auth/calendar.events; https://www.googleapis.com/auth/calendar.freebusy,3,1,0,3,1,0,1,Medium
SC-1662,Strategy I: Low Sensitivity Service Scope Combinations Generation,"service: Calendar, access_type: read, google_classification: sensitive; service: Calendar, access_type: read, google_classification: sensitive; service: Calendar, access_type: read_write, google_classification: sensitive; service: Calendar, access_type: read, google_classification: non_sensitive; Online access only",https://www.googleapis.com/auth/calendar.settings.readonly; https://www.googleapis.com/auth/calendar.acls.readonly; https://www.googleapis.com/auth/calendar.events.owned; https://www.googleapis.com/auth/calendar.freebusy,3,0,0,4,1,0,1,Medium
SC-1663,Strategy I: Low Sensitivity Service Scope Combinations Generation,"service: Calendar, access_type: read, google_classification: sensitive; service: Calendar, access_type: read, google_classification: sensitive; service: Calendar, access_type: read_write, google_classification: non_sensitive; service: Calendar, access_type: read, google_classification: non_sensitive; service: Calendar, access_type: read_write, google_classification: sensitive; Online access only",https://www.googleapis.com/auth/calendar.events.readonly; https://www.googleapis.com/auth/calendar.settings.readonly; https://www.googleapis.com/auth/calendar.app.created; https://www.googleapis.com/auth/calendar.freebusy; https://www.googleapis.com/auth/calendar.acls,3,0,0,5,1,0,1,Medium
SC-1664,Strategy I: Low Sensitivity Service Scope Combinations Generation,"service: Calendar, access_type: read_write, google_classification: sensitive; service: Calendar, access_type: read, google_classification: sensitive; service: Calendar, access_type: read_write, google_classification: sensitive; Online access only",https://www.googleapis.com/auth/calendar.acls; https://www.googleapis.com/auth/calendar.readonly; https://www.googleapis.com/auth/calendar.calendars,3,0,0,3,1,0,1,Medium
SC-1665,Strategy J: Bool Switching of Medium Risk Combinations,"service: Calendar, access_type: read_write, google_classification: sensitive; service: Calendar, access_type: read, google_classification: sensitive; service: Calendar, access_type: read, google_classification: sensitive; service: Calendar, access_type: full_access, google_classification: sensitive; Offline refresh token",https://www.googleapis.com/auth/calendar.calendarlist; https://www.googleapis.com/auth/calendar.calendars.readonly; https://www.googleapis.com/auth/calendar.readonly; https://www.googleapis.com/auth/calendar,3,1,0,4,1,0,2,High
SC-1666,Strategy I: Low Sensitivity Service Scope Combinations Generation,"service: Calendar, access_type: read, google_classification: sensitive; service: Calendar, access_type: read, google_classification: sensitive; service: Calendar, access_type: read_write, google_classification: sensitive; service: Calendar, access_type: read, google_classification: non_sensitive; service: Calendar, access_type: read_write, google_classification: sensitive; Online access only",https://www.googleapis.com/auth/calendar.calendars.readonly; https://www.googleapis.com/auth/calendar.readonly; https://www.googleapis.com/auth/calendar.events; https://www.googleapis.com/auth/calendar.events.public.readonly; https://www.googleapis.com/auth/calendar.calendars,3,0,0,5,1,0,1,Medium
SC-1667,Strategy I: Low Sensitivity Service Scope Combinations Generation,"service: Calendar, access_type: read, google_classification: sensitive; service: Calendar, access_type: read, google_classification: sensitive; service: Calendar, access_type: read_write, google_classification: sensitive; Online access only",https://www.googleapis.com/auth/calendar.settings.readonly; https://www.googleapis.com/auth/calendar.readonly; https://www.googleapis.com/auth/calendar.calendarlist,3,0,0,3,1,0,1,Medium
SC-1668,Strategy I: Low Sensitivity Service Scope Combinations Generation,"service: Calendar, access_type: read, google_classification: sensitive; service: Calendar, access_type: read, google_classification: sensitive; service: Calendar, access_type: read, google_classification: sensitive; service: Calendar, access_type: read, google_classification: non_sensitive; Online access only",https://www.googleapis.com/auth/calendar.settings.readonly; https://www.googleapis.com/auth/calendar.calendarlist.readonly; https://www.googleapis.com/auth/calendar.readonly; https://www.googleapis.com/auth/calendar.events.freebusy,3,0,0,4,1,0,0,Low
SC-1669,Strategy I: Low Sensitivity Service Scope Combinations Generation,"service: Calendar, access_type: read, google_classification: sensitive; service: Calendar, access_type: read, google_classification: sensitive; service: Calendar, access_type: read_write, google_classification: sensitive; service: Calendar, access_type: full_access, google_classification: sensitive; service: Calendar, access_type: read_write, google_classification: sensitive; Online access only",https://www.googleapis.com/auth/calendar.settings.readonly; https://www.googleapis.com/auth/calendar.acls.readonly; https://www.googleapis.com/auth/calendar.calendarlist; https://www.googleapis.com/auth/calendar; https://www.googleapis.com/auth/calendar.calendars,3,0,0,5,1,0,2,Medium
SC-1670,Strategy I: Low Sensitivity Service Scope Combinations Generation,"service: Calendar, access_type: read_write, google_classification: sensitive; service: Calendar, access_type: read, google_classification: sensitive; Online access only",https://www.googleapis.com/auth/calendar.acls; https://www.googleapis.com/auth/calendar.acls.readonly,3,0,0,2,1,0,1,Low
SC-1671,Strategy I: Low Sensitivity Service Scope Combinations Generation,"service: Calendar, access_type: read, google_classification: sensitive; service: Calendar, access_type: read_write, google_classification: sensitive; Online access only",https://www.googleapis.com/auth/calendar.events.readonly; https://www.googleapis.com/auth/calendar.calendars,3,0,0,2,1,0,1,Low
SC-1672,Strategy I: Low Sensitivity Service Scope Combinations Generation,"service: Calendar, access_type: read_write, google_classification: sensitive; service: Calendar, access_type: read, google_classification: sensitive; Online access only",https://www.googleapis.com/auth/calendar.events.owned; https://www.googleapis.com/auth/calendar.events.owned.readonly,3,0,0,2,1,0,1,Low
SC-1673,Strategy I: Low Sensitivity Service Scope Combinations Generation,"service: Calendar, access_type: read, google_classification: sensitive; service: Calendar, access_type: read, google_classification: non_sensitive; Online access only",https://www.googleapis.com/auth/calendar.settings.readonly; https://www.googleapis.com/auth/calendar.events.public.readonly,3,0,0,2,1,0,0,Low
SC-1674,Strategy I: Low Sensitivity Service Scope Combinations Generation,"service: Calendar, access_type: read, google_classification: sensitive; service: Calendar, access_type: read, google_classification: non_sensitive; service: Calendar, access_type: full_access, google_classification: sensitive; Online access only",https://www.googleapis.com/auth/calendar.readonly; https://www.googleapis.com/auth/calendar.events.public.readonly; https://www.googleapis.com/auth/calendar,3,0,0,3,1,0,2,Medium
SC-1675,Strategy I: Low Sensitivity Service Scope Combinations Generation,"service: Calendar, access_type: read, google_classification: sensitive; service: Calendar, access_type: full_access, google_classification: sensitive; service: Calendar, access_type: read, google_classification: non_sensitive; service: Calendar, access_type: read, google_classification: sensitive; Online access only",https://www.googleapis.com/auth/calendar.readonly; https://www.googleapis.com/auth/calendar; https://www.googleapis.com/auth/calendar.events.freebusy; https://www.googleapis.com/auth/calendar.events.owned.readonly,3,0,0,4,1,0,2,Medium
SC-1676,Strategy J: Bool Switching of Medium Risk Combinations,"service: Calendar, access_type: read, google_classification: sensitive; service: Calendar, access_type: read, google_classification: sensitive; service: Calendar, access_type: read_write, google_classification: non_sensitive; service: Calendar, access_type: read, google_classification: non_sensitive; service: Calendar, access_type: full_access, google_classification: sensitive; Offline refresh token",https://www.googleapis.com/auth/calendar.events.readonly; https://www.googleapis.com/auth/calendar.calendars.readonly; https://www.googleapis.com/auth/calendar.app.created; https://www.googleapis.com/auth/calendar.events.freebusy; https://www.googleapis.com/auth/calendar,3,1,0,5,1,0,2,High
SC-1677,Strategy J: Bool Switching of Medium Risk Combinations,"service: Calendar, access_type: read_write, google_classification: sensitive; service: Calendar, access_type: read, google_classification: sensitive; service: Calendar, access_type: read_write, google_classification: sensitive; Offline refresh token",https://www.googleapis.com/auth/calendar.acls; https://www.googleapis.com/auth/calendar.calendars.readonly; https://www.googleapis.com/auth/calendar.events.owned,3,1,0,3,1,0,1,Medium
SC-1678,Strategy I: Low Sensitivity Service Scope Combinations Generation,"service: Calendar, access_type: read_write, google_classification: sensitive; service: Calendar, access_type: read, google_classification: sensitive; service: Calendar, access_type: read_write, google_classification: non_sensitive; service: Calendar, access_type: read, google_classification: sensitive; Online access only",https://www.googleapis.com/auth/calendar.acls; https://www.googleapis.com/auth/calendar.calendarlist.readonly; https://www.googleapis.com/auth/calendar.app.created; https://www.googleapis.com/auth/calendar.events.readonly,3,0,0,4,1,0,1,Medium
SC-1679,Strategy J: Bool Switching of Medium Risk Combinations,"service: Calendar, access_type: read_write, google_classification: sensitive; service: Calendar, access_type: read_write, google_classification: non_sensitive; service: Calendar, access_type: read, google_classification: non_sensitive; service: Calendar, access_type: read, google_classification: sensitive; service: Calendar, access_type: read_write, google_classification: sensitive; Offline refresh token",https://www.googleapis.com/auth/calendar.events.owned; https://www.googleapis.com/auth/calendar.app.created; https://www.googleapis.com/auth/calendar.freebusy; https://www.googleapis.com/auth/calendar.events.owned.readonly; https://www.googleapis.com/auth/calendar.acls,3,1,0,5,1,0,1,Medium
SC-1680,Strategy I: Low Sensitivity Service Scope Combinations Generation,"service: Calendar, access_type: read, google_classification: sensitive; service: Calendar, access_type: read, google_classification: sensitive; service: Calendar, access_type: read_write, google_classification: sensitive; Online access only",https://www.googleapis.com/auth/calendar.acls.readonly; https://www.googleapis.com/auth/calendar.readonly; https://www.googleapis.com/auth/calendar.calendarlist,3,0,0,3,1,0,1,Medium
SC-1681,Strategy I: Low Sensitivity Service Scope Combinations Generation,"service: Calendar, access_type: read, google_classification: sensitive; service: Calendar, access_type: read, google_classification: sensitive; service: Calendar, access_type: read, google_classification: sensitive; service: Calendar, access_type: read, google_classification: sensitive; Online access only",https://www.googleapis.com/auth/calendar.acls.readonly; https://www.googleapis.com/auth/calendar.calendars.readonly; https://www.googleapis.com/auth/calendar.readonly; https://www.googleapis.com/auth/calendar.events.readonly,3,0,0,4,1,0,0,Low
SC-1682,Strategy I: Low Sensitivity Service Scope Combinations Generation,"service: Calendar, access_type: read, google_classification: sensitive; service: Calendar, access_type: read, google_classification: sensitive; service: Calendar, access_type: read, google_classification: non_sensitive; service: Calendar, access_type: read_write, google_classification: sensitive; service: Calendar, access_type: full_access, google_classification: sensitive; Online access only",https://www.googleapis.com/auth/calendar.acls.readonly; https://www.googleapis.com/auth/calendar.settings.readonly; https://www.googleapis.com/auth/calendar.events.freebusy; https://www.googleapis.com/auth/calendar.events; https://www.googleapis.com/auth/calendar,3,0,0,5,1,0,2,Medium
SC-1683,Strategy I: Low Sensitivity Service Scope Combinations Generation,"service: Calendar, access_type: read, google_classification: sensitive; service: Calendar, access_type: read_write, google_classification: non_sensitive; service: Calendar, access_type: read_write, google_classification: sensitive; Online access only",https://www.googleapis.com/auth/calendar.events.readonly; https://www.googleapis.com/auth/calendar.app.created; https://www.googleapis.com/auth/calendar.acls,3,0,0,3,1,0,1,Medium
SC-1684,Strategy J: Bool Switching of Medium Risk Combinations,"service: Calendar, access_type: read_write, google_classification: sensitive; service: Calendar, access_type: read_write, google_classification: non_sensitive; service: Calendar, access_type: read, google_classification: sensitive; service: Calendar, access_type: read_write, google_classification: sensitive; Offline refresh token",https://www.googleapis.com/auth/calendar.events.owned; https://www.googleapis.com/auth/calendar.app.created; https://www.googleapis.com/auth/calendar.events.readonly; https://www.googleapis.com/auth/calendar.events,3,1,0,4,1,0,1,Medium
SC-1685,Strategy J: Bool Switching of Medium Risk Combinations,"service: Calendar, access_type: read, google_classification: sensitive; service: Calendar, access_type: read_write, google_classification: non_sensitive; service: Calendar, access_type: read, google_classification: non_sensitive; service: Calendar, access_type: read_write, google_classification: sensitive; service: Calendar, access_type: read, google_classification: non_sensitive; Offline refresh token",https://www.googleapis.com/auth/calendar.events.readonly; https://www.googleapis.com/auth/calendar.app.created; https://www.googleapis.com/auth/calendar.freebusy; https://www.googleapis.com/auth/calendar.events; https://www.googleapis.com/auth/calendar.events.public.readonly,3,1,0,5,1,0,1,Medium
SC-1686,Strategy I: Low Sensitivity Service Scope Combinations Generation,"service: Calendar, access_type: read_write, google_classification: sensitive; service: Calendar, access_type: read_write, google_classification: sensitive; Online access only",https://www.googleapis.com/auth/calendar.calendarlist; https://www.googleapis.com/auth/calendar.acls,3,0,0,2,1,0,1,Low
SC-1687,Strategy J: Bool Switching of Medium Risk Combinations,"service: Calendar, access_type: read_write, google_classification: sensitive; service: Calendar, access_type: read, google_classification: sensitive; service: Calendar, access_type: read_write, google_classification: sensitive; Offline refresh token",https://www.googleapis.com/auth/calendar.calendarlist; https://www.googleapis.com/auth/calendar.readonly; https://www.googleapis.com/auth/calendar.events,3,1,0,3,1,0,1,Medium
SC-1688,Strategy I: Low Sensitivity Service Scope Combinations Generation,"service: Calendar, access_type: read_write, google_classification: sensitive; service: Calendar, access_type: read, google_classification: sensitive; service: Calendar, access_type: read_write, google_classification: sensitive; service: Calendar, access_type: read_write, google_classification: sensitive; Online access only",https://www.googleapis.com/auth/calendar.calendarlist; https://www.googleapis.com/auth/calendar.calendars.readonly; https://www.googleapis.com/auth/calendar.acls; https://www.googleapis.com/auth/calendar.events.owned,3,0,0,4,1,0,1,Medium
SC-1689,Strategy I: Low Sensitivity Service Scope Combinations Generation,"service: Calendar, access_type: read_write, google_classification: sensitive; service: Calendar, access_type: read, google_classification: sensitive; service: Calendar, access_type: read, google_classification: sensitive; service: Calendar, access_type: read, google_classification: non_sensitive; service: Calendar, access_type: read, google_classification: non_sensitive; Online access only",https://www.googleapis.com/auth/calendar.calendarlist; https://www.googleapis.com/auth/calendar.calendars.readonly; https://www.googleapis.com/auth/calendar.events.readonly; https://www.googleapis.com/auth/calendar.events.freebusy; https://www.googleapis.com/auth/calendar.freebusy,3,0,0,5,1,0,1,Medium
SC-1690,Strategy J: Bool Switching of Medium Risk Combinations,"service: Calendar, access_type: read_write, google_classification: sensitive; service: Calendar, access_type: read, google_classification: sensitive; service: Calendar, access_type: read_write, google_classification: non_sensitive; Offline refresh token",https://www.googleapis.com/auth/calendar.events.owned; https://www.googleapis.com/auth/calendar.calendarlist.readonly; https://www.googleapis.com/auth/calendar.app.created,3,1,0,3,1,0,1,Medium
SC-1691,Strategy I: Low Sensitivity Service Scope Combinations Generation,"service: Calendar, access_type: read_write, google_classification: sensitive; service: Calendar, access_type: read, google_classification: sensitive; service: Calendar, access_type: read, google_classification: non_sensitive; service: Calendar, access_type: full_access, google_classification: sensitive; Online access only",https://www.googleapis.com/auth/calendar.calendarlist; https://www.googleapis.com/auth/calendar.calendarlist.readonly; https://www.googleapis.com/auth/calendar.events.public.readonly; https://www.googleapis.com/auth/calendar,3,0,0,4,1,0,2,Medium
SC-1692,Strategy J: Bool Switching of Medium Risk Combinations,"service: Calendar, access_type: read, google_classification: sensitive; service: Calendar, access_type: read_write, google_classification: sensitive; service: Calendar, access_type: read, google_classification: sensitive; service: Calendar, access_type: read_write, google_classification: sensitive; service: Calendar, access_type: read, google_classification: sensitive; Offline refresh token",https://www.googleapis.com/auth/calendar.acls.readonly; https://www.googleapis.com/auth/calendar.events.owned; https://www.googleapis.com/auth/calendar.events.owned.readonly; https://www.googleapis.com/auth/calendar.acls; https://www.googleapis.com/auth/calendar.calendarlist.readonly,3,1,0,5,1,0,1,Medium
SC-1693,Strategy I: Low Sensitivity Service Scope Combinations Generation,"service: Calendar, access_type: read, google_classification: sensitive; service: Calendar, access_type: read_write, google_classification: sensitive; service: Calendar, access_type: read, google_classification: sensitive; Online access only",https://www.googleapis.com/auth/calendar.calendarlist.readonly; https://www.googleapis.com/auth/calendar.calendars; https://www.googleapis.com/auth/calendar.events.owned.readonly,3,0,0,3,1,0,1,Medium
SC-1694,Strategy I: Low Sensitivity Service Scope Combinations Generation,"service: Calendar, access_type: read, google_classification: sensitive; service: Calendar, access_type: read, google_classification: non_sensitive; service: Calendar, access_type: read_write, google_classification: sensitive; service: Calendar, access_type: read, google_classification: non_sensitive; Online access only",https://www.googleapis.com/auth/calendar.calendars.readonly; https://www.googleapis.com/auth/calendar.events.freebusy; https://www.googleapis.com/auth/calendar.calendars; https://www.googleapis.com/auth/calendar.events.public.readonly,3,0,0,4,1,0,1,Medium
SC-1695,Strategy I: Low Sensitivity Service Scope Combinations Generation,"service: Calendar, access_type: read_write, google_classification: sensitive; service: Calendar, access_type: read, google_classification: sensitive; service: Calendar, access_type: read, google_classification: sensitive; service: Calendar, access_type: read, google_classification: sensitive; service: Calendar, access_type: read_write, google_classification: sensitive; Online access only",https://www.googleapis.com/auth/calendar.events.owned; https://www.googleapis.com/auth/calendar.events.readonly; https://www.googleapis.com/auth/calendar.events.owned.readonly; https://www.googleapis.com/auth/calendar.calendarlist.readonly; https://www.googleapis.com/auth/calendar.calendars,3,0,0,5,1,0,1,Medium
SC-1696,Strategy I: Low Sensitivity Service Scope Combinations Generation,"service: Calendar, access_type: read_write, google_classification: sensitive; service: Calendar, access_type: read, google_classification: sensitive; service: Calendar, access_type: full_access, google_classification: sensitive; Online access only",https://www.googleapis.com/auth/calendar.acls; https://www.googleapis.com/auth/calendar.calendars.readonly; https://www.googleapis.com/auth/calendar,3,0,0,3,1,0,2,Medium
SC-1697,Strategy I: Low Sensitivity Service Scope Combinations Generation,"service: Calendar, access_type: read, google_classification: sensitive; service: Calendar, access_type: read, google_classification: sensitive; service: Calendar, access_type: read_write, google_classification: non_sensitive; service: Calendar, access_type: full_access, google_classification: sensitive; Online access only",https://www.googleapis.com/auth/calendar.settings.readonly; https://www.googleapis.com/auth/calendar.calendars.readonly; https://www.googleapis.com/auth/calendar.app.created; https://www.googleapis.com/auth/calendar,3,0,0,4,1,0,2,Medium
SC-1698,Strategy I: Low Sensitivity Service Scope Combinations Generation,"service: Calendar, access_type: read, google_classification: sensitive; service: Calendar, access_type: read, google_classification: sensitive; service: Calendar, access_type: read, google_classification: sensitive; service: Calendar, access_type: read, google_classification: non_sensitive; service: Calendar, access_type: read_write, google_classification: sensitive; Online access only",https://www.googleapis.com/auth/calendar.settings.readonly; https://www.googleapis.com/auth/calendar.calendars.readonly; https://www.googleapis.com/auth/calendar.readonly; https://www.googleapis.com/auth/calendar.events.public.readonly; https://www.googleapis.com/auth/calendar.acls,3,0,0,5,1,0,1,Medium
SC-1699,Strategy I: Low Sensitivity Service Scope Combinations Generation,"service: Calendar, access_type: read, google_classification: sensitive; service: Calendar, access_type: read_write, google_classification: sensitive; Online access only",https://www.googleapis.com/auth/calendar.calendarlist.readonly; https://www.googleapis.com/auth/calendar.events,3,0,0,2,1,0,1,Low
SC-1700,Strategy I: Low Sensitivity Service Scope Combinations Generation,"service: Calendar, access_type: full_access, google_classification: sensitive; service: Calendar, access_type: read_write, google_classification: sensitive; service: Calendar, access_type: read, google_classification: non_sensitive; Online access only",https://www.googleapis.com/auth/calendar; https://www.googleapis.com/auth/calendar.events; https://www.googleapis.com/auth/calendar.events.freebusy,3,0,0,3,1,0,2,Medium
SC-1701,Strategy I: Low Sensitivity Service Scope Combinations Generation,"service: Calendar, access_type: read_write, google_classification: sensitive; service: Calendar, access_type: read, google_classification: sensitive; service: Calendar, access_type: read_write, google_classification: non_sensitive; service: Calendar, access_type: read_write, google_classification: sensitive; Online access only",https://www.googleapis.com/auth/calendar.acls; https://www.googleapis.com/auth/calendar.calendars.readonly; https://www.googleapis.com/auth/calendar.app.created; https://www.googleapis.com/auth/calendar.events,3,0,0,4,1,0,1,Medium
SC-1702,Strategy J: Bool Switching of Medium Risk Combinations,"service: Calendar, access_type: read_write, google_classification: sensitive; service: Calendar, access_type: read, google_classification: sensitive; service: Calendar, access_type: read, google_classification: sensitive; service: Calendar, access_type: read_write, google_classification: sensitive; service: Calendar, access_type: read, google_classification: non_sensitive; Offline refresh token",https://www.googleapis.com/auth/calendar.calendarlist; https://www.googleapis.com/auth/calendar.acls.readonly; https://www.googleapis.com/auth/calendar.settings.readonly; https://www.googleapis.com/auth/calendar.events; https://www.googleapis.com/auth/calendar.events.public.readonly,3,1,0,5,1,0,1,Medium
SC-1703,Strategy J: Bool Switching of Medium Risk Combinations,"service: Calendar, access_type: full_access, google_classification: sensitive; service: Calendar, access_type: read_write, google_classification: sensitive; service: Calendar, access_type: read, google_classification: non_sensitive; Offline refresh token",https://www.googleapis.com/auth/calendar; https://www.googleapis.com/auth/calendar.calendarlist; https://www.googleapis.com/auth/calendar.events.freebusy,3,1,0,3,1,0,2,High
SC-1704,Strategy I: Low Sensitivity Service Scope Combinations Generation,"service: Calendar, access_type: read_write, google_classification: non_sensitive; service: Calendar, access_type: read, google_classification: non_sensitive; service: Calendar, access_type: read, google_classification: non_sensitive; service: Calendar, access_type: read_write, google_classification: sensitive; Online access only",https://www.googleapis.com/auth/calendar.app.created; https://www.googleapis.com/auth/calendar.events.public.readonly; https://www.googleapis.com/auth/calendar.events.freebusy; https://www.googleapis.com/auth/calendar.calendars,3,0,0,4,1,0,1,Medium
SC-1705,Strategy J: Bool Switching of Medium Risk Combinations,"service: Calendar, access_type: read_write, google_classification: sensitive; service: Calendar, access_type: read, google_classification: sensitive; service: Calendar, access_type: read, google_classification: sensitive; service: Calendar, access_type: read, google_classification: non_sensitive; service: Calendar, access_type: full_access, google_classification: sensitive; Offline refresh token",https://www.googleapis.com/auth/calendar.events.owned; https://www.googleapis.com/auth/calendar.events.readonly; https://www.googleapis.com/auth/calendar.settings.readonly; https://www.googleapis.com/auth/calendar.events.freebusy; https://www.googleapis.com/auth/calendar,3,1,0,5,1,0,2,High
SC-1706,Strategy J: Bool Switching of Medium Risk Combinations,"service: Calendar, access_type: read_write, google_classification: sensitive; service: Calendar, access_type: read_write, google_classification: non_sensitive; service: Calendar, access_type: read_write, google_classification: sensitive; service: Calendar, access_type: read_write, google_classification: sensitive; Offline refresh token",https://www.googleapis.com/auth/calendar.events.owned; https://www.googleapis.com/auth/calendar.app.created; https://www.googleapis.com/auth/calendar.calendars; https://www.googleapis.com/auth/calendar.events,3,1,0,4,1,0,1,Medium
SC-1707,Strategy J: Bool Switching of Medium Risk Combinations,"service: Calendar, access_type: read_write, google_classification: sensitive; service: Calendar, access_type: read, google_classification: sensitive; service: Calendar, access_type: read, google_classification: sensitive; service: Calendar, access_type: read, google_classification: non_sensitive; service: Calendar, access_type: read, google_classification: non_sensitive; Offline refresh token",https://www.googleapis.com/auth/calendar.events.owned; https://www.googleapis.com/auth/calendar.events.readonly; https://www.googleapis.com/auth/calendar.readonly; https://www.googleapis.com/auth/calendar.events.freebusy; https://www.googleapis.com/auth/calendar.events.public.readonly,3,1,0,5,1,0,1,Medium
SC-1708,Strategy I: Low Sensitivity Service Scope Combinations Generation,"service: Calendar, access_type: read, google_classification: sensitive; service: Calendar, access_type: read, google_classification: sensitive; service: Calendar, access_type: read, google_classification: sensitive; Online access only",https://www.googleapis.com/auth/calendar.events.readonly; https://www.googleapis.com/auth/calendar.calendars.readonly; https://www.googleapis.com/auth/calendar.events.owned.readonly,3,0,0,3,1,0,0,Low
SC-1709,Strategy I: Low Sensitivity Service Scope Combinations Generation,"service: Calendar, access_type: read, google_classification: sensitive; service: Calendar, access_type: read_write, google_classification: sensitive; service: Calendar, access_type: read, google_classification: non_sensitive; service: Calendar, access_type: read, google_classification: sensitive; Online access only",https://www.googleapis.com/auth/calendar.readonly; https://www.googleapis.com/auth/calendar.events; https://www.googleapis.com/auth/calendar.events.freebusy; https://www.googleapis.com/auth/calendar.events.owned.readonly,3,0,0,4,1,0,1,Medium
SC-1710,Strategy J: Bool Switching of Medium Risk Combinations,"service: Calendar, access_type: read, google_classification: sensitive; service: Calendar, access_type: read, google_classification: sensitive; service: Calendar, access_type: full_access, google_classification: sensitive; service: Calendar, access_type: read, google_classification: non_sensitive; service: Calendar, access_type: read, google_classification: sensitive; Offline refresh token",https://www.googleapis.com/auth/calendar.settings.readonly; https://www.googleapis.com/auth/calendar.calendars.readonly; https://www.googleapis.com/auth/calendar; https://www.googleapis.com/auth/calendar.events.public.readonly; https://www.googleapis.com/auth/calendar.events.owned.readonly,3,1,0,5,1,0,2,High
SC-1711,Strategy J: Bool Switching of Medium Risk Combinations,"service: Calendar, access_type: full_access, google_classification: sensitive; service: Calendar, access_type: read, google_classification: sensitive; service: Calendar, access_type: read, google_classification: non_sensitive; service: Calendar, access_type: read, google_classification: non_sensitive; Offline refresh token",https://www.googleapis.com/auth/calendar; https://www.googleapis.com/auth/calendar.calendars.readonly; https://www.googleapis.com/auth/calendar.events.public.readonly; https://www.googleapis.com/auth/calendar.freebusy,3,1,0,4,1,0,2,High
SC-1712,Strategy I: Low Sensitivity Service Scope Combinations Generation,"service: Calendar, access_type: read, google_classification: sensitive; service: Calendar, access_type: read, google_classification: sensitive; service: Calendar, access_type: read, google_classification: non_sensitive; service: Calendar, access_type: read, google_classification: non_sensitive; service: Calendar, access_type: read, google_classification: sensitive; Online access only",https://www.googleapis.com/auth/calendar.calendars.readonly; https://www.googleapis.com/auth/calendar.readonly; https://www.googleapis.com/auth/calendar.freebusy; https://www.googleapis.com/auth/calendar.events.public.readonly; https://www.googleapis.com/auth/calendar.events.owned.readonly,3,0,0,5,1,0,0,Low
SC-1713,Strategy I: Low Sensitivity Service Scope Combinations Generation,"service: Calendar, access_type: read, google_classification: sensitive; service: Calendar, access_type: read_write, google_classification: sensitive; service: Calendar, access_type: read, google_classification: non_sensitive; Online access only",https://www.googleapis.com/auth/calendar.events.readonly; https://www.googleapis.com/auth/calendar.events.owned; https://www.googleapis.com/auth/calendar.events.freebusy,3,0,0,3,1,0,1,Medium
SC-1714,Strategy J: Bool Switching of Medium Risk Combinations,"service: Calendar, access_type: read, google_classification: sensitive; service: Calendar, access_type: read_write, google_classification: non_sensitive; service: Calendar, access_type: read, google_classification: sensitive; service: Calendar, access_type: read_write, google_classification: sensitive; Offline refresh token",https://www.googleapis.com/auth/calendar.events.readonly; https://www.googleapis.com/auth/calendar.app.created; https://www.googleapis.com/auth/calendar.acls.readonly; https://www.googleapis.com/auth/calendar.calendarlist,3,1,0,4,1,0,1,Medium
SC-1715,Strategy I: Low Sensitivity Service Scope Combinations Generation,"service: Calendar, access_type: read, google_classification: sensitive; service: Calendar, access_type: read, google_classification: sensitive; service: Calendar, access_type: read, google_classification: sensitive; service: Calendar, access_type: read, google_classification: sensitive; service: Calendar, access_type: read_write, google_classification: sensitive; Online access only",https://www.googleapis.com/auth/calendar.events.readonly; https://www.googleapis.com/auth/calendar.calendars.readonly; https://www.googleapis.com/auth/calendar.readonly; https://www.googleapis.com/auth/calendar.calendarlist.readonly; https://www.googleapis.com/auth/calendar.calendars,3,0,0,5,1,0,1,Medium
SC-1716,Strategy I: Low Sensitivity Service Scope Combinations Generation,"service: Calendar, access_type: read_write, google_classification: sensitive; service: Calendar, access_type: read, google_classification: non_sensitive; service: Calendar, access_type: read, google_classification: non_sensitive; Online access only",https://www.googleapis.com/auth/calendar.calendarlist; https://www.googleapis.com/auth/calendar.events.public.readonly; https://www.googleapis.com/auth/calendar.freebusy,3,0,0,3,1,0,1,Medium
SC-1717,Strategy I: Low Sensitivity Service Scope Combinations Generation,"service: Calendar, access_type: read, google_classification: sensitive; service: Calendar, access_type: read, google_classification: sensitive; service: Calendar, access_type: read, google_classification: sensitive; service: Calendar, access_type: read, google_classification: non_sensitive; Online access only",https://www.googleapis.com/auth/calendar.settings.readonly; https://www.googleapis.com/auth/calendar.calendars.readonly; https://www.googleapis.com/auth/calendar.readonly; https://www.googleapis.com/auth/calendar.freebusy,3,0,0,4,1,0,0,Low
SC-1718,Strategy I: Low Sensitivity Service Scope Combinations Generation,"service: Calendar, access_type: read, google_classification: sensitive; service: Calendar, access_type: read, google_classification: sensitive; service: Calendar, access_type: read, google_classification: non_sensitive; service: Calendar, access_type: read_write, google_classification: sensitive; service: Calendar, access_type: read_write, google_classification: sensitive; Online access only",https://www.googleapis.com/auth/calendar.events.readonly; https://www.googleapis.com/auth/calendar.readonly; https://www.googleapis.com/auth/calendar.freebusy; https://www.googleapis.com/auth/calendar.events; https://www.googleapis.com/auth/calendar.acls,3,0,0,5,1,0,1,Medium
SC-1719,Strategy I: Low Sensitivity Service Scope Combinations Generation,"service: Calendar, access_type: read_write, google_classification: sensitive; service: Calendar, access_type: read, google_classification: sensitive; service: Calendar, access_type: read_write, google_classification: sensitive; Online access only",https://www.googleapis.com/auth/calendar.events.owned; https://www.googleapis.com/auth/calendar.readonly; https://www.googleapis.com/auth/calendar.calendarlist,3,0,0,3,1,0,1,Medium
SC-1720,Strategy I: Low Sensitivity Service Scope Combinations Generation,"service: Calendar, access_type: read_write, google_classification: sensitive; service: Calendar, access_type: read, google_classification: sensitive; service: Calendar, access_type: read, google_classification: sensitive; service: Calendar, access_type: read_write, google_classification: sensitive; Online access only",https://www.googleapis.com/auth/calendar.acls; https://www.googleapis.com/auth/calendar.readonly; https://www.googleapis.com/auth/calendar.events.readonly; https://www.googleapis.com/auth/calendar.events.owned,3,0,0,4,1,0,1,Medium
SC-1721,Strategy J: Bool Switching of Medium Risk Combinations,"service: Calendar, access_type: read_write, google_classification: sensitive; service: Calendar, access_type: read, google_classification: sensitive; service: Calendar, access_type: read_write, google_classification: sensitive; service: Calendar, access_type: full_access, google_classification: sensitive; service: Calendar, access_type: read_write, google_classification: sensitive; Offline refresh token",https://www.googleapis.com/auth/calendar.events.owned; https://www.googleapis.com/auth/calendar.readonly; https://www.googleapis.com/auth/calendar.events; https://www.googleapis.com/auth/calendar; https://www.googleapis.com/auth/calendar.calendars,3,1,0,5,1,0,2,High
SC-1722,Strategy I: Low Sensitivity Service Scope Combinations Generation,"service: Calendar, access_type: read, google_classification: sensitive; service: Calendar, access_type: read_write, google_classification: sensitive; service: Calendar, access_type: read, google_classification: non_sensitive; Online access only",https://www.googleapis.com/auth/calendar.settings.readonly; https://www.googleapis.com/auth/calendar.events.owned; https://www.googleapis.com/auth/calendar.freebusy,3,0,0,3,1,0,1,Medium
SC-1723,Strategy I: Low Sensitivity Service Scope Combinations Generation,"service: Calendar, access_type: read, google_classification: sensitive; service: Calendar, access_type: read, google_classification: sensitive; service: Calendar, access_type: read, google_classification: sensitive; service: Calendar, access_type: read_write, google_classification: non_sensitive; Online access only",https://www.googleapis.com/auth/calendar.settings.readonly; https://www.googleapis.com/auth/calendar.readonly; https://www.googleapis.com/auth/calendar.acls.readonly; https://www.googleapis.com/auth/calendar.app.created,3,0,0,4,1,0,1,Medium
SC-1724,Strategy I: Low Sensitivity Service Scope Combinations Generation,"service: Calendar, access_type: read, google_classification: sensitive; service: Calendar, access_type: read_write, google_classification: sensitive; service: Calendar, access_type: read, google_classification: sensitive; service: Calendar, access_type: read, google_classification: sensitive; service: Calendar, access_type: read, google_classification: non_sensitive; Online access only",https://www.googleapis.com/auth/calendar.settings.readonly; https://www.googleapis.com/auth/calendar.calendarlist; https://www.googleapis.com/auth/calendar.acls.readonly; https://www.googleapis.com/auth/calendar.events.readonly; https://www.googleapis.com/auth/calendar.events.public.readonly,3,0,0,5,1,0,1,Medium
SC-1725,Strategy J: Bool Switching of Medium Risk Combinations,"service: Calendar, access_type: read, google_classification: sensitive; service: Calendar, access_type: read_write, google_classification: non_sensitive; service: Calendar, access_type: full_access, google_classification: sensitive; Offline refresh token",https://www.googleapis.com/auth/calendar.settings.readonly; https://www.googleapis.com/auth/calendar.app.created; https://www.googleapis.com/auth/calendar,3,1,0,3,1,0,2,High
SC-1726,Strategy I: Low Sensitivity Service Scope Combinations Generation,"service: Calendar, access_type: read_write, google_classification: sensitive; service: Calendar, access_type: read_write, google_classification: sensitive; service: Calendar, access_type: read, google_classification: non_sensitive; Online access only",https://www.googleapis.com/auth/calendar.acls; https://www.googleapis.com/auth/calendar.calendars; https://www.googleapis.com/auth/calendar.freebusy,3,0,0,3,1,0,1,Medium
SC-1727,Strategy I: Low Sensitivity Service Scope Combinations Generation,"service: Calendar, access_type: read, google_classification: sensitive; service: Calendar, access_type: read, google_classification: sensitive; service: Calendar, access_type: read_write, google_classification: sensitive; Online access only",https://www.googleapis.com/auth/calendar.acls.readonly; https://www.googleapis.com/auth/calendar.events.readonly; https://www.googleapis.com/auth/calendar.acls,3,0,0,3,1,0,1,Medium
SC-1728,Strategy I: Low Sensitivity Service Scope Combinations Generation,"service: Calendar, access_type: read_write, google_classification: non_sensitive; service: Calendar, access_type: read, google_classification: sensitive; Online access only",https://www.googleapis.com/auth/calendar.app.created; https://www.googleapis.com/auth/calendar.readonly,3,0,0,2,1,0,1,Low
SC-1729,Strategy I: Low Sensitivity Service Scope Combinations Generation,"service: Calendar, access_type: read, google_classification: sensitive; service: Calendar, access_type: read, google_classification: sensitive; service: Calendar, access_type: read_write, google_classification: non_sensitive; Online access only",https://www.googleapis.com/auth/calendar.settings.readonly; https://www.googleapis.com/auth/calendar.calendarlist.readonly; https://www.googleapis.com/auth/calendar.app.created,3,0,0,3,1,0,1,Medium
SC-1730,Strategy J: Bool Switching of Medium Risk Combinations,"service: Calendar, access_type: read_write, google_classification: sensitive; service: Calendar, access_type: read, google_classification: sensitive; service: Calendar, access_type: read, google_classification: non_sensitive; Offline refresh token",https://www.googleapis.com/auth/calendar.calendarlist; https://www.googleapis.com/auth/calendar.events.readonly; https://www.googleapis.com/auth/calendar.events.public.readonly,3,1,0,3,1,0,1,Medium
SC-1731,Strategy J: Bool Switching of Medium Risk Combinations,"service: Calendar, access_type: read, google_classification: sensitive; service: Calendar, access_type: read_write, google_classification: non_sensitive; service: Calendar, access_type: read, google_classification: non_sensitive; Offline refresh token",https://www.googleapis.com/auth/calendar.calendarlist.readonly; https://www.googleapis.com/auth/calendar.app.created; https://www.googleapis.com/auth/calendar.events.freebusy,3,1,0,3,1,0,1,Medium
SC-1732,Strategy I: Low Sensitivity Service Scope Combinations Generation,"service: Calendar, access_type: read_write, google_classification: sensitive; service: Calendar, access_type: read_write, google_classification: sensitive; service: Calendar, access_type: read, google_classification: non_sensitive; Online access only",https://www.googleapis.com/auth/calendar.calendars; https://www.googleapis.com/auth/calendar.events; https://www.googleapis.com/auth/calendar.events.freebusy,3,0,0,3,1,0,1,Medium
SC-1733,Strategy J: Bool Switching of Medium Risk Combinations,"service: Calendar, access_type: read_write, google_classification: sensitive; service: Calendar, access_type: read, google_classification: sensitive; service: Calendar, access_type: read, google_classification: sensitive; Offline refresh token",https://www.googleapis.com/auth/calendar.events.owned; https://www.googleapis.com/auth/calendar.calendars.readonly; https://www.googleapis.com/auth/calendar.events.owned.readonly,3,1,0,3,1,0,1,Medium
SC-1734,Strategy J: Bool Switching of Medium Risk Combinations,"service: Calendar, access_type: read_write, google_classification: sensitive; service: Calendar, access_type: read_write, google_classification: sensitive; service: Calendar, access_type: read, google_classification: non_sensitive; Offline refresh token",https://www.googleapis.com/auth/calendar.calendarlist; https://www.googleapis.com/auth/calendar.events; https://www.googleapis.com/auth/calendar.events.freebusy,3,1,0,3,1,0,1,Medium
SC-1735,Strategy I: Low Sensitivity Service Scope Combinations Generation,"service: Calendar, access_type: read_write, google_classification: sensitive; service: Calendar, access_type: read, google_classification: non_sensitive; service: Calendar, access_type: read, google_classification: sensitive; Online access only",https://www.googleapis.com/auth/calendar.calendars; https://www.googleapis.com/auth/calendar.events.freebusy; https://www.googleapis.com/auth/calendar.events.owned.readonly,3,0,0,3,1,0,1,Medium
SC-1736,Strategy I: Low Sensitivity Service Scope Combinations Generation,"service: Calendar, access_type: read_write, google_classification: sensitive; service: Calendar, access_type: read, google_classification: sensitive; Online access only",https://www.googleapis.com/auth/calendar.events.owned; https://www.googleapis.com/auth/calendar.settings.readonly,3,0,0,2,1,0,1,Low
SC-1737,Strategy I: Low Sensitivity Service Scope Combinations Generation,"service: Calendar, access_type: read_write, google_classification: sensitive; service: Calendar, access_type: read, google_classification: sensitive; service: Calendar, access_type: read_write, google_classification: sensitive; Online access only",https://www.googleapis.com/auth/calendar.events.owned; https://www.googleapis.com/auth/calendar.readonly; https://www.googleapis.com/auth/calendar.events,3,0,0,3,1,0,1,Medium
SC-1738,Strategy I: Low Sensitivity Service Scope Combinations Generation,"service: Calendar, access_type: read, google_classification: non_sensitive; service: Calendar, access_type: read, google_classification: sensitive; Online access only",https://www.googleapis.com/auth/calendar.freebusy; https://www.googleapis.com/auth/calendar.events.owned.readonly,3,0,0,2,1,0,0,Low
SC-1739,Strategy I: Low Sensitivity Service Scope Combinations Generation,"service: Calendar, access_type: read_write, google_classification: sensitive; service: Calendar, access_type: read_write, google_classification: sensitive; service: Calendar, access_type: read, google_classification: sensitive; Online access only",https://www.googleapis.com/auth/calendar.events.owned; https://www.googleapis.com/auth/calendar.calendars; https://www.googleapis.com/auth/calendar.events.owned.readonly,3,0,0,3,1,0,1,Medium
SC-1740,Strategy I: Low Sensitivity Service Scope Combinations Generation,"service: Calendar, access_type: read, google_classification: sensitive; service: Calendar, access_type: read, google_classification: sensitive; service: Calendar, access_type: read, google_classification: non_sensitive; Online access only",https://www.googleapis.com/auth/calendar.settings.readonly; https://www.googleapis.com/auth/calendar.calendarlist.readonly; https://www.googleapis.com/auth/calendar.events.public.readonly,3,0,0,3,1,0,0,Low
SC-1741,Strategy J: Bool Switching of Medium Risk Combinations,"service: Calendar, access_type: read, google_classification: sensitive; service: Calendar, access_type: read_write, google_classification: sensitive; service: Calendar, access_type: full_access, google_classification: sensitive; Offline refresh token",https://www.googleapis.com/auth/calendar.events.readonly; https://www.googleapis.com/auth/calendar.events.owned; https://www.googleapis.com/auth/calendar,3,1,0,3,1,0,2,High
SC-1742,Strategy I: Low Sensitivity Service Scope Combinations Generation,"service: Calendar, access_type: read_write, google_classification: sensitive; service: Calendar, access_type: read, google_classification: sensitive; service: Calendar, access_type: read, google_classification: non_sensitive; Online access only",https://www.googleapis.com/auth/calendar.calendarlist; https://www.googleapis.com/auth/calendar.calendarlist.readonly; https://www.googleapis.com/auth/calendar.freebusy,3,0,0,3,1,0,1,Medium
SC-1743,Strategy I: Low Sensitivity Service Scope Combinations Generation,"service: Calendar, access_type: read, google_classification: sensitive; service: Calendar, access_type: full_access, google_classification: sensitive; service: Calendar, access_type: read, google_classification: non_sensitive; Online access only",https://www.googleapis.com/auth/calendar.readonly; https://www.googleapis.com/auth/calendar; https://www.googleapis.com/auth/calendar.events.freebusy,3,0,0,3,1,0,2,Medium
SC-1744,Strategy I: Low Sensitivity Service Scope Combinations Generation,"service: Calendar, access_type: read, google_classification: sensitive; service: Calendar, access_type: read_write, google_classification: non_sensitive; service: Calendar, access_type: read_write, google_classification: sensitive; Online access only",https://www.googleapis.com/auth/calendar.settings.readonly; https://www.googleapis.com/auth/calendar.app.created; https://www.googleapis.com/auth/calendar.calendars,3,0,0,3,1,0,1,Medium
SC-1745,Strategy I: Low Sensitivity Service Scope Combinations Generation,"service: Calendar, access_type: read_write, google_classification: sensitive; service: Calendar, access_type: read, google_classification: sensitive; service: Calendar, access_type: read, google_classification: sensitive; Online access only",https://www.googleapis.com/auth/calendar.acls; https://www.googleapis.com/auth/calendar.calendarlist.readonly; https://www.googleapis.com/auth/calendar.acls.readonly,3,0,0,3,1,0,1,Medium
SC-1746,Strategy I: Low Sensitivity Service Scope Combinations Generation,"service: Calendar, access_type: read, google_classification: sensitive; service: Calendar, access_type: read, google_classification: sensitive; service: Calendar, access_type: read, google_classification: sensitive; Online access only",https://www.googleapis.com/auth/calendar.acls.readonly; https://www.googleapis.com/auth/calendar.calendars.readonly; https://www.googleapis.com/auth/calendar.events.owned.readonly,3,0,0,3,1,0,0,Low
SC-1747,Strategy I: Low Sensitivity Service Scope Combinations Generation,"service: Calendar, access_type: read_write, google_classification: non_sensitive; service: Calendar, access_type: full_access, google_classification: sensitive; Online access only",https://www.googleapis.com/auth/calendar.app.created; https://www.googleapis.com/auth/calendar,3,0,0,2,1,0,2,Medium
SC-1748,Strategy I: Low Sensitivity Service Scope Combinations Generation,"service: Calendar, access_type: read_write, google_classification: sensitive; service: Calendar, access_type: read, google_classification: sensitive; service: Calendar, access_type: read, google_classification: non_sensitive; Online access only",https://www.googleapis.com/auth/calendar.calendarlist; https://www.googleapis.com/auth/calendar.events.readonly; https://www.googleapis.com/auth/calendar.events.freebusy,3,0,0,3,1,0,1,Medium
SC-1749,Strategy J: Bool Switching of Medium Risk Combinations,"service: Calendar, access_type: read, google_classification: sensitive; service: Calendar, access_type: read_write, google_classification: sensitive; service: Calendar, access_type: read, google_classification: non_sensitive; Offline refresh token",https://www.googleapis.com/auth/calendar.calendarlist.readonly; https://www.googleapis.com/auth/calendar.events; https://www.googleapis.com/auth/calendar.events.public.readonly,3,1,0,3,1,0,1,Medium
SC-1750,Strategy I: Low Sensitivity Service Scope Combinations Generation,"service: Calendar, access_type: read_write, google_classification: sensitive; service: Calendar, access_type: read_write, google_classification: non_sensitive; service: Calendar, access_type: read_write, google_classification: sensitive; Online access only",https://www.googleapis.com/auth/calendar.calendarlist; https://www.googleapis.com/auth/calendar.app.created; https://www.googleapis.com/auth/calendar.calendars,3,0,0,3,1,0,1,Medium
SC-1751,Strategy I: Low Sensitivity Service Scope Combinations Generation,"service: Calendar, access_type: read, google_classification: sensitive; service: Calendar, access_type: read_write, google_classification: sensitive; service: Calendar, access_type: read, google_classification: sensitive; Online access only",https://www.googleapis.com/auth/calendar.calendars.readonly; https://www.googleapis.com/auth/calendar.events; https://www.googleapis.com/auth/calendar.calendarlist.readonly,3,0,0,3,1,0,1,Medium
SC-1752,Strategy J: Bool Switching of Medium Risk Combinations,"service: Calendar, access_type: read_write, google_classification: sensitive; service: Calendar, access_type: read, google_classification: sensitive; service: Calendar, access_type: read_write, google_classification: sensitive; Offline refresh token",https://www.googleapis.com/auth/calendar.calendarlist; https://www.googleapis.com/auth/calendar.settings.readonly; https://www.googleapis.com/auth/calendar.events,3,1,0,3,1,0,1,Medium
SC-1753,Strategy J: Bool Switching of Medium Risk Combinations,"service: Calendar, access_type: read_write, google_classification: sensitive; service: Calendar, access_type: read_write, google_classification: sensitive; service: Calendar, access_type: read, google_classification: non_sensitive; Offline refresh token",https://www.googleapis.com/auth/calendar.events.owned; https://www.googleapis.com/auth/calendar.events; https://www.googleapis.com/auth/calendar.events.freebusy,3,1,0,3,1,0,1,Medium
SC-1754,Strategy I: Low Sensitivity Service Scope Combinations Generation,"service: Calendar, access_type: read_write, google_classification: sensitive; service: Calendar, access_type: read, google_classification: sensitive; service: Calendar, access_type: read_write, google_classification: sensitive; Online access only",https://www.googleapis.com/auth/calendar.events.owned; https://www.googleapis.com/auth/calendar.calendarlist.readonly; https://www.googleapis.com/auth/calendar.calendars,3,0,0,3,1,0,1,Medium
SC-1755,Strategy J: Bool Switching of Medium Risk Combinations,"service: Calendar, access_type: read, google_classification: sensitive; service: Calendar, access_type: read_write, google_classification: sensitive; service: Calendar, access_type: read, google_classification: sensitive; Offline refresh token",https://www.googleapis.com/auth/calendar.calendars.readonly; https://www.googleapis.com/auth/calendar.calendars; https://www.googleapis.com/auth/calendar.events.owned.readonly,3,1,0,3,1,0,1,Medium
SC-1756,Strategy I: Low Sensitivity Service Scope Combinations Generation,"service: Calendar, access_type: read_write, google_classification: sensitive; service: Calendar, access_type: read, google_classification: sensitive; service: Calendar, access_type: read, google_classification: non_sensitive; Online access only",https://www.googleapis.com/auth/calendar.calendarlist; https://www.googleapis.com/auth/calendar.calendarlist.readonly; https://www.googleapis.com/auth/calendar.events.public.readonly,3,0,0,3,1,0,1,Medium
SC-1757,Strategy I: Low Sensitivity Service Scope Combinations Generation,"service: Calendar, access_type: read_write, google_classification: sensitive; service: Calendar, access_type: read_write, google_classification: sensitive; service: Calendar, access_type: read, google_classification: non_sensitive; Online access only",https://www.googleapis.com/auth/calendar.acls; https://www.googleapis.com/auth/calendar.calendarlist; https://www.googleapis.com/auth/calendar.freebusy,3,0,0,3,1,0,1,Medium
SC-1758,Strategy I: Low Sensitivity Service Scope Combinations Generation,"service: Calendar, access_type: read, google_classification: sensitive; service: Calendar, access_type: read, google_classification: sensitive; service: Calendar, access_type: read, google_classification: non_sensitive; Online access only",https://www.googleapis.com/auth/calendar.events.readonly; https://www.googleapis.com/auth/calendar.readonly; https://www.googleapis.com/auth/calendar.freebusy,3,0,0,3,1,0,0,Low
SC-1759,Strategy I: Low Sensitivity Service Scope Combinations Generation,"service: Calendar, access_type: read, google_classification: sensitive; service: Calendar, access_type: read, google_classification: non_sensitive; service: Calendar, access_type: read_write, google_classification: sensitive; Online access only",https://www.googleapis.com/auth/calendar.settings.readonly; https://www.googleapis.com/auth/calendar.events.freebusy; https://www.googleapis.com/auth/calendar.events.owned,3,0,0,3,1,0,1,Medium
SC-1760,Strategy I: Low Sensitivity Service Scope Combinations Generation,"service: Classroom, access_type: full_access, google_classification: sensitive; Online access only",https://www.googleapis.com/auth/classroom.courses,3,0,0,1,1,0,2,Medium
SC-1761,Strategy J: Bool Switching of Medium Risk Combinations,"service: Classroom, access_type: full_access, google_classification: sensitive; service: Classroom, access_type: read_write, google_classification: sensitive; Offline refresh token",https://www.googleapis.com/auth/classroom.courses; https://www.googleapis.com/auth/classroom.coursework.students,3,1,0,2,1,0,2,Medium
SC-1762,Strategy I: Low Sensitivity Service Scope Combinations Generation,"service: Classroom, access_type: read_write, google_classification: sensitive; service: Classroom, access_type: full_access, google_classification: sensitive; service: Classroom, access_type: read, google_classification: sensitive; Online access only",https://www.googleapis.com/auth/classroom.coursework.students; https://www.googleapis.com/auth/classroom.courses; https://www.googleapis.com/auth/classroom.courses.readonly,3,0,0,3,1,0,2,Medium
SC-1763,Strategy I: Low Sensitivity Service Scope Combinations Generation,"service: Classroom, access_type: read_write, google_classification: sensitive; service: Classroom, access_type: full_access, google_classification: sensitive; service: Classroom, access_type: read_write, google_classification: sensitive; service: Classroom, access_type: read, google_classification: sensitive; Online access only",https://www.googleapis.com/auth/classroom.rosters; https://www.googleapis.com/auth/classroom.courses; https://www.googleapis.com/auth/classroom.coursework.students; https://www.googleapis.com/auth/classroom.profile.emails,3,0,1,4,1,0,2,High
SC-1764,Strategy I: Low Sensitivity Service Scope Combinations Generation,"service: Classroom, access_type: read_write, google_classification: sensitive; service: Classroom, access_type: full_access, google_classification: sensitive; service: Classroom, access_type: read, google_classification: sensitive; service: Classroom, access_type: read_write, google_classification: sensitive; service: Classroom, access_type: read, google_classification: sensitive; Online access only",https://www.googleapis.com/auth/classroom.rosters; https://www.googleapis.com/auth/classroom.courses; https://www.googleapis.com/auth/classroom.courses.readonly; https://www.googleapis.com/auth/classroom.coursework.students; https://www.googleapis.com/auth/classroom.profile.emails,3,0,1,5,1,0,2,High
SC-1765,Strategy I: Low Sensitivity Service Scope Combinations Generation,"service: Classroom, access_type: read, google_classification: sensitive; Online access only",https://www.googleapis.com/auth/classroom.courses.readonly,3,0,0,1,1,0,0,Low
SC-1766,Strategy I: Low Sensitivity Service Scope Combinations Generation,"service: Classroom, access_type: read_write, google_classification: sensitive; service: Classroom, access_type: read, google_classification: sensitive; Online access only",https://www.googleapis.com/auth/classroom.coursework.students; https://www.googleapis.com/auth/classroom.courses.readonly,3,0,0,2,1,0,1,Low
SC-1767,Strategy I: Low Sensitivity Service Scope Combinations Generation,"service: Classroom, access_type: read_write, google_classification: sensitive; service: Classroom, access_type: read, google_classification: sensitive; service: Classroom, access_type: read, google_classification: sensitive; Online access only",https://www.googleapis.com/auth/classroom.rosters; https://www.googleapis.com/auth/classroom.courses.readonly; https://www.googleapis.com/auth/classroom.profile.emails,3,0,1,3,1,0,1,Medium
SC-1768,Strategy I: Low Sensitivity Service Scope Combinations Generation,"service: Classroom, access_type: read_write, google_classification: sensitive; service: Classroom, access_type: full_access, google_classification: sensitive; service: Classroom, access_type: read, google_classification: sensitive; service: Classroom, access_type: read, google_classification: sensitive; Online access only",https://www.googleapis.com/auth/classroom.coursework.students; https://www.googleapis.com/auth/classroom.courses; https://www.googleapis.com/auth/classroom.courses.readonly; https://www.googleapis.com/auth/classroom.profile.emails,3,0,1,4,1,0,2,High
SC-1769,Strategy J: Bool Switching of Medium Risk Combinations,"service: Classroom, access_type: read_write, google_classification: sensitive; Offline refresh token",https://www.googleapis.com/auth/classroom.rosters,3,1,1,1,1,0,1,Medium
SC-1770,Strategy J: Bool Switching of Medium Risk Combinations,"service: Classroom, access_type: read_write, google_classification: sensitive; service: Classroom, access_type: read_write, google_classification: sensitive; Offline refresh token",https://www.googleapis.com/auth/classroom.rosters; https://www.googleapis.com/auth/classroom.coursework.students,3,1,1,2,1,0,1,Medium
SC-1771,Strategy I: Low Sensitivity Service Scope Combinations Generation,"service: Classroom, access_type: read_write, google_classification: sensitive; service: Classroom, access_type: full_access, google_classification: sensitive; service: Classroom, access_type: read, google_classification: sensitive; service: Classroom, access_type: read, google_classification: sensitive; Online access only",https://www.googleapis.com/auth/classroom.rosters; https://www.googleapis.com/auth/classroom.courses; https://www.googleapis.com/auth/classroom.courses.readonly; https://www.googleapis.com/auth/classroom.profile.emails,3,0,1,4,1,0,2,High
SC-1772,Strategy I: Low Sensitivity Service Scope Combinations Generation,"service: Classroom, access_type: read_write, google_classification: sensitive; service: Classroom, access_type: read, google_classification: sensitive; service: Classroom, access_type: full_access, google_classification: sensitive; service: Classroom, access_type: read_write, google_classification: sensitive; Online access only",https://www.googleapis.com/auth/classroom.rosters; https://www.googleapis.com/auth/classroom.courses.readonly; https://www.googleapis.com/auth/classroom.courses; https://www.googleapis.com/auth/classroom.coursework.students,3,0,1,4,1,0,2,High
SC-1773,Strategy I: Low Sensitivity Service Scope Combinations Generation,"service: Classroom, access_type: read, google_classification: sensitive; Online access only",https://www.googleapis.com/auth/classroom.profile.emails,3,0,1,1,1,0,0,Low
SC-1774,Strategy I: Low Sensitivity Service Scope Combinations Generation,"service: Classroom, access_type: full_access, google_classification: sensitive; service: Classroom, access_type: read, google_classification: sensitive; Online access only",https://www.googleapis.com/auth/classroom.courses; https://www.googleapis.com/auth/classroom.profile.emails,3,0,1,2,1,0,2,Medium
SC-1775,Strategy I: Low Sensitivity Service Scope Combinations Generation,"service: Classroom, access_type: read_write, google_classification: sensitive; service: Classroom, access_type: full_access, google_classification: sensitive; service: Classroom, access_type: read, google_classification: sensitive; Online access only",https://www.googleapis.com/auth/classroom.rosters; https://www.googleapis.com/auth/classroom.courses; https://www.googleapis.com/auth/classroom.profile.emails,3,0,1,3,1,0,2,Medium
SC-1776,Strategy I: Low Sensitivity Service Scope Combinations Generation,"service: Classroom, access_type: read, google_classification: sensitive; service: Classroom, access_type: full_access, google_classification: sensitive; service: Classroom, access_type: read_write, google_classification: sensitive; service: Classroom, access_type: read, google_classification: sensitive; Online access only",https://www.googleapis.com/auth/classroom.courses.readonly; https://www.googleapis.com/auth/classroom.courses; https://www.googleapis.com/auth/classroom.coursework.students; https://www.googleapis.com/auth/classroom.profile.emails,3,0,1,4,1,0,2,High
SC-1777,Strategy I: Low Sensitivity Service Scope Combinations Generation,"service: Classroom, access_type: read_write, google_classification: sensitive; Online access only",https://www.googleapis.com/auth/classroom.coursework.students,3,0,0,1,1,0,1,Low
SC-1778,Strategy I: Low Sensitivity Service Scope Combinations Generation,"service: Classroom, access_type: read, google_classification: sensitive; service: Classroom, access_type: read_write, google_classification: sensitive; Online access only",https://www.googleapis.com/auth/classroom.courses.readonly; https://www.googleapis.com/auth/classroom.coursework.students,3,0,0,2,1,0,1,Low
SC-1779,Strategy I: Low Sensitivity Service Scope Combinations Generation,"service: Classroom, access_type: read, google_classification: sensitive; service: Classroom, access_type: full_access, google_classification: sensitive; service: Classroom, access_type: read_write, google_classification: sensitive; Online access only",https://www.googleapis.com/auth/classroom.courses.readonly; https://www.googleapis.com/auth/classroom.courses; https://www.googleapis.com/auth/classroom.coursework.students,3,0,0,3,1,0,2,Medium
SC-1780,Strategy I: Low Sensitivity Service Scope Combinations Generation,"service: Classroom, access_type: read_write, google_classification: sensitive; service: Classroom, access_type: read, google_classification: sensitive; Online access only",https://www.googleapis.com/auth/classroom.rosters; https://www.googleapis.com/auth/classroom.courses.readonly,3,0,1,2,1,0,1,Medium
SC-1781,Strategy I: Low Sensitivity Service Scope Combinations Generation,"service: Classroom, access_type: full_access, google_classification: sensitive; service: Classroom, access_type: read, google_classification: sensitive; service: Classroom, access_type: read, google_classification: sensitive; Online access only",https://www.googleapis.com/auth/classroom.courses; https://www.googleapis.com/auth/classroom.courses.readonly; https://www.googleapis.com/auth/classroom.profile.emails,3,0,1,3,1,0,2,Medium
SC-1782,Strategy I: Low Sensitivity Service Scope Combinations Generation,"service: Classroom, access_type: read_write, google_classification: sensitive; service: Classroom, access_type: full_access, google_classification: sensitive; Online access only",https://www.googleapis.com/auth/classroom.rosters; https://www.googleapis.com/auth/classroom.courses,3,0,1,2,1,0,2,Medium
SC-1783,Strategy I: Low Sensitivity Service Scope Combinations Generation,"service: Classroom, access_type: read_write, google_classification: sensitive; service: Classroom, access_type: read, google_classification: sensitive; service: Classroom, access_type: read_write, google_classification: sensitive; Online access only",https://www.googleapis.com/auth/classroom.rosters; https://www.googleapis.com/auth/classroom.courses.readonly; https://www.googleapis.com/auth/classroom.coursework.students,3,0,1,3,1,0,1,Medium
SC-1784,Strategy I: Low Sensitivity Service Scope Combinations Generation,"service: Classroom, access_type: read_write, google_classification: sensitive; service: Classroom, access_type: read, google_classification: sensitive; Online access only",https://www.googleapis.com/auth/classroom.coursework.students; https://www.googleapis.com/auth/classroom.profile.emails,3,0,1,2,1,0,1,Medium
SC-1785,Strategy I: Low Sensitivity Service Scope Combinations Generation,"service: Classroom, access_type: read_write, google_classification: sensitive; service: Classroom, access_type: full_access, google_classification: sensitive; service: Classroom, access_type: read_write, google_classification: sensitive; Online access only",https://www.googleapis.com/auth/classroom.rosters; https://www.googleapis.com/auth/classroom.courses; https://www.googleapis.com/auth/classroom.coursework.students,3,0,1,3,1,0,2,Medium
SC-1786,Strategy J: Bool Switching of Medium Risk Combinations,"service: Classroom, access_type: full_access, google_classification: sensitive; service: Classroom, access_type: read_write, google_classification: sensitive; service: Classroom, access_type: read, google_classification: sensitive; Offline refresh token",https://www.googleapis.com/auth/classroom.courses; https://www.googleapis.com/auth/classroom.coursework.students; https://www.googleapis.com/auth/classroom.profile.emails,3,1,1,3,1,0,2,High
SC-1787,Strategy I: Low Sensitivity Service Scope Combinations Generation,"service: Classroom, access_type: full_access, google_classification: sensitive; service: Classroom, access_type: read, google_classification: sensitive; Online access only",https://www.googleapis.com/auth/classroom.courses; https://www.googleapis.com/auth/classroom.courses.readonly,3,0,0,2,1,0,2,Medium
SC-1788,Strategy J: Bool Switching of Medium Risk Combinations,"service: Classroom, access_type: read_write, google_classification: sensitive; service: Classroom, access_type: read_write, google_classification: sensitive; service: Classroom, access_type: read, google_classification: sensitive; Offline refresh token",https://www.googleapis.com/auth/classroom.rosters; https://www.googleapis.com/auth/classroom.coursework.students; https://www.googleapis.com/auth/classroom.courses.readonly,3,1,1,3,1,0,1,High
SC-1789,Strategy I: Low Sensitivity Service Scope Combinations Generation,"service: Classroom, access_type: read_write, google_classification: sensitive; service: Classroom, access_type: full_access, google_classification: sensitive; service: Classroom, access_type: read, google_classification: sensitive; Online access only",https://www.googleapis.com/auth/classroom.rosters; https://www.googleapis.com/auth/classroom.courses; https://www.googleapis.com/auth/classroom.courses.readonly,3,0,1,3,1,0,2,Medium
SC-1790,Strategy I: Low Sensitivity Service Scope Combinations Generation,"service: Classroom, access_type: read_write, google_classification: sensitive; service: Classroom, access_type: read_write, google_classification: sensitive; service: Classroom, access_type: read, google_classification: sensitive; service: Classroom, access_type: read, google_classification: sensitive; Online access only",https://www.googleapis.com/auth/classroom.rosters; https://www.googleapis.com/auth/classroom.coursework.students; https://www.googleapis.com/auth/classroom.courses.readonly; https://www.googleapis.com/auth/classroom.profile.emails,3,0,1,4,1,0,1,Medium
SC-1791,Strategy J: Bool Switching of Medium Risk Combinations,"service: Classroom, access_type: read_write, google_classification: sensitive; service: Classroom, access_type: read, google_classification: sensitive; Offline refresh token",https://www.googleapis.com/auth/classroom.rosters; https://www.googleapis.com/auth/classroom.profile.emails,3,1,1,2,1,0,1,Medium
SC-1792,Strategy I: Low Sensitivity Service Scope Combinations Generation,"service: Classroom, access_type: read_write, google_classification: sensitive; service: Classroom, access_type: read_write, google_classification: sensitive; service: Classroom, access_type: read, google_classification: sensitive; Online access only",https://www.googleapis.com/auth/classroom.rosters; https://www.googleapis.com/auth/classroom.coursework.students; https://www.googleapis.com/auth/classroom.profile.emails,3,0,1,3,1,0,1,Medium
SC-1793,Strategy I: Low Sensitivity Service Scope Combinations Generation,"service: Classroom, access_type: read, google_classification: sensitive; service: Classroom, access_type: read, google_classification: sensitive; Online access only",https://www.googleapis.com/auth/classroom.courses.readonly; https://www.googleapis.com/auth/classroom.profile.emails,3,0,1,2,1,0,0,Low
SC-1794,Strategy J: Bool Switching of Medium Risk Combinations,"service: Classroom, access_type: read_write, google_classification: sensitive; service: Classroom, access_type: read, google_classification: sensitive; service: Classroom, access_type: read, google_classification: sensitive; Offline refresh token",https://www.googleapis.com/auth/classroom.coursework.students; https://www.googleapis.com/auth/classroom.courses.readonly; https://www.googleapis.com/auth/classroom.profile.emails,3,1,1,3,1,0,1,High
SC-1795,Strategy I: Low Sensitivity Service Scope Combinations Generation,"service: Classroom, access_type: read_write, google_classification: sensitive; service: Classroom, access_type: read, google_classification: sensitive; service: Classroom, access_type: read_write, google_classification: sensitive; service: Classroom, access_type: read, google_classification: sensitive; Online access only",https://www.googleapis.com/auth/classroom.rosters; https://www.googleapis.com/auth/classroom.courses.readonly; https://www.googleapis.com/auth/classroom.coursework.students; https://www.googleapis.com/auth/classroom.profile.emails,3,0,1,4,1,0,1,Medium
SC-1796,Strategy I: Low Sensitivity Service Scope Combinations Generation,"service: Classroom, access_type: read_write, google_classification: sensitive; service: Classroom, access_type: read_write, google_classification: sensitive; service: Classroom, access_type: full_access, google_classification: sensitive; service: Classroom, access_type: read, google_classification: sensitive; Online access only",https://www.googleapis.com/auth/classroom.coursework.students; https://www.googleapis.com/auth/classroom.rosters; https://www.googleapis.com/auth/classroom.courses; https://www.googleapis.com/auth/classroom.courses.readonly,3,0,1,4,1,0,2,High
SC-1797,Strategy I: Low Sensitivity Service Scope Combinations Generation,"service: Classroom, access_type: read_write, google_classification: sensitive; service: Classroom, access_type: read_write, google_classification: sensitive; service: Classroom, access_type: read, google_classification: sensitive; service: Classroom, access_type: full_access, google_classification: sensitive; Online access only",https://www.googleapis.com/auth/classroom.rosters; https://www.googleapis.com/auth/classroom.coursework.students; https://www.googleapis.com/auth/classroom.courses.readonly; https://www.googleapis.com/auth/classroom.courses,3,0,1,4,1,0,2,High
SC-1798,Strategy I: Low Sensitivity Service Scope Combinations Generation,"service: Classroom, access_type: read, google_classification: sensitive; service: Classroom, access_type: read_write, google_classification: sensitive; service: Classroom, access_type: read, google_classification: sensitive; Online access only",https://www.googleapis.com/auth/classroom.courses.readonly; https://www.googleapis.com/auth/classroom.coursework.students; https://www.googleapis.com/auth/classroom.profile.emails,3,0,1,3,1,0,1,Medium
SC-1799,Strategy I: Low Sensitivity Service Scope Combinations Generation,"service: Forms, access_type: read_write, google_classification: sensitive; Online access only",https://www.googleapis.com/auth/forms,3,0,0,1,1,0,1,Low
SC-1800,Strategy I: Low Sensitivity Service Scope Combinations Generation,"service: Forms, access_type: read_write, google_classification: sensitive; service: Forms, access_type: read, google_classification: sensitive; Online access only",https://www.googleapis.com/auth/forms; https://www.googleapis.com/auth/forms.responses.readonly,3,0,0,2,1,0,1,Low
SC-1801,Strategy I: Low Sensitivity Service Scope Combinations Generation,"service: Forms, access_type: read_write, google_classification: sensitive; service: Forms, access_type: read_write, google_classification: sensitive; service: Forms, access_type: full_access, google_classification: sensitive; Online access only",https://www.googleapis.com/auth/forms; https://www.googleapis.com/auth/forms.currentonly; https://www.googleapis.com/auth/forms.body,3,0,0,3,1,0,2,Medium
SC-1802,Strategy I: Low Sensitivity Service Scope Combinations Generation,"service: Forms, access_type: read_write, google_classification: sensitive; service: Forms, access_type: read, google_classification: sensitive; service: Forms, access_type: read_write, google_classification: sensitive; service: Forms, access_type: full_access, google_classification: sensitive; Online access only",https://www.googleapis.com/auth/forms; https://www.googleapis.com/auth/forms.body.readonly; https://www.googleapis.com/auth/forms.currentonly; https://www.googleapis.com/auth/forms.body,3,0,0,4,1,0,2,Medium
SC-1803,Strategy I: Low Sensitivity Service Scope Combinations Generation,"service: Forms, access_type: read, google_classification: sensitive; service: Forms, access_type: read, google_classification: sensitive; service: Forms, access_type: read_write, google_classification: sensitive; service: Forms, access_type: full_access, google_classification: sensitive; service: Forms, access_type: read_write, google_classification: sensitive; Online access only",https://www.googleapis.com/auth/forms.responses.readonly; https://www.googleapis.com/auth/forms.body.readonly; https://www.googleapis.com/auth/forms.currentonly; https://www.googleapis.com/auth/forms.body; https://www.googleapis.com/auth/forms,3,0,0,5,1,0,2,Medium
SC-1804,Strategy I: Low Sensitivity Service Scope Combinations Generation,"service: Forms, access_type: full_access, google_classification: sensitive; Online access only",https://www.googleapis.com/auth/forms.body,3,0,0,1,1,0,2,Medium
SC-1805,Strategy I: Low Sensitivity Service Scope Combinations Generation,"service: Forms, access_type: read, google_classification: sensitive; service: Forms, access_type: full_access, google_classification: sensitive; Online access only",https://www.googleapis.com/auth/forms.body.readonly; https://www.googleapis.com/auth/forms.body,3,0,0,2,1,0,2,Medium
SC-1806,Strategy I: Low Sensitivity Service Scope Combinations Generation,"service: Forms, access_type: read_write, google_classification: sensitive; service: Forms, access_type: read, google_classification: sensitive; service: Forms, access_type: full_access, google_classification: sensitive; Online access only",https://www.googleapis.com/auth/forms; https://www.googleapis.com/auth/forms.responses.readonly; https://www.googleapis.com/auth/forms.body,3,0,0,3,1,0,2,Medium
SC-1807,Strategy I: Low Sensitivity Service Scope Combinations Generation,"service: Forms, access_type: read_write, google_classification: sensitive; service: Forms, access_type: read, google_classification: sensitive; service: Forms, access_type: read, google_classification: sensitive; service: Forms, access_type: full_access, google_classification: sensitive; Online access only",https://www.googleapis.com/auth/forms; https://www.googleapis.com/auth/forms.body.readonly; https://www.googleapis.com/auth/forms.responses.readonly; https://www.googleapis.com/auth/forms.body,3,0,0,4,1,0,2,Medium
SC-1808,Strategy I: Low Sensitivity Service Scope Combinations Generation,"service: Forms, access_type: read, google_classification: sensitive; Online access only",https://www.googleapis.com/auth/forms.body.readonly,3,0,0,1,1,0,0,Low
SC-1809,Strategy I: Low Sensitivity Service Scope Combinations Generation,"service: Forms, access_type: read, google_classification: sensitive; service: Forms, access_type: read_write, google_classification: sensitive; Online access only",https://www.googleapis.com/auth/forms.body.readonly; https://www.googleapis.com/auth/forms.currentonly,3,0,0,2,1,0,1,Low
SC-1810,Strategy J: Bool Switching of Medium Risk Combinations,"service: Forms, access_type: read, google_classification: sensitive; service: Forms, access_type: read, google_classification: sensitive; service: Forms, access_type: full_access, google_classification: sensitive; Offline refresh token",https://www.googleapis.com/auth/forms.body.readonly; https://www.googleapis.com/auth/forms.responses.readonly; https://www.googleapis.com/auth/forms.body,3,1,0,3,1,0,2,High
SC-1811,Strategy I: Low Sensitivity Service Scope Combinations Generation,"service: Forms, access_type: read, google_classification: sensitive; Online access only",https://www.googleapis.com/auth/forms.responses.readonly,3,0,0,1,1,0,0,Low
SC-1812,Strategy I: Low Sensitivity Service Scope Combinations Generation,"service: Forms, access_type: read, google_classification: sensitive; service: Forms, access_type: read_write, google_classification: sensitive; service: Forms, access_type: read, google_classification: sensitive; Online access only",https://www.googleapis.com/auth/forms.body.readonly; https://www.googleapis.com/auth/forms.currentonly; https://www.googleapis.com/auth/forms.responses.readonly,3,0,0,3,1,0,1,Medium
SC-1813,Strategy I: Low Sensitivity Service Scope Combinations Generation,"service: Forms, access_type: read, google_classification: sensitive; service: Forms, access_type: read_write, google_classification: sensitive; service: Forms, access_type: read, google_classification: sensitive; service: Forms, access_type: full_access, google_classification: sensitive; Online access only",https://www.googleapis.com/auth/forms.body.readonly; https://www.googleapis.com/auth/forms.currentonly; https://www.googleapis.com/auth/forms.responses.readonly; https://www.googleapis.com/auth/forms.body,3,0,0,4,1,0,2,Medium
SC-1814,Strategy I: Low Sensitivity Service Scope Combinations Generation,"service: Forms, access_type: read_write, google_classification: sensitive; Online access only",https://www.googleapis.com/auth/forms.currentonly,3,0,0,1,1,0,1,Low
SC-1815,Strategy I: Low Sensitivity Service Scope Combinations Generation,"service: Forms, access_type: read_write, google_classification: sensitive; service: Forms, access_type: read_write, google_classification: sensitive; service: Forms, access_type: read, google_classification: sensitive; Online access only",https://www.googleapis.com/auth/forms; https://www.googleapis.com/auth/forms.currentonly; https://www.googleapis.com/auth/forms.responses.readonly,3,0,0,3,1,0,1,Medium
SC-1816,Strategy I: Low Sensitivity Service Scope Combinations Generation,"service: Forms, access_type: read_write, google_classification: sensitive; service: Forms, access_type: full_access, google_classification: sensitive; Online access only",https://www.googleapis.com/auth/forms; https://www.googleapis.com/auth/forms.body,3,0,0,2,1,0,2,Medium
SC-1817,Strategy I: Low Sensitivity Service Scope Combinations Generation,"service: Forms, access_type: read_write, google_classification: sensitive; service: Forms, access_type: full_access, google_classification: sensitive; Online access only",https://www.googleapis.com/auth/forms.currentonly; https://www.googleapis.com/auth/forms.body,3,0,0,2,1,0,2,Medium
SC-1818,Strategy I: Low Sensitivity Service Scope Combinations Generation,"service: Forms, access_type: read_write, google_classification: sensitive; service: Forms, access_type: read, google_classification: sensitive; Online access only",https://www.googleapis.com/auth/forms; https://www.googleapis.com/auth/forms.body.readonly,3,0,0,2,1,0,1,Low
SC-1819,Strategy I: Low Sensitivity Service Scope Combinations Generation,"service: Forms, access_type: read_write, google_classification: sensitive; service: Forms, access_type: read, google_classification: sensitive; service: Forms, access_type: read, google_classification: sensitive; Online access only",https://www.googleapis.com/auth/forms; https://www.googleapis.com/auth/forms.body.readonly; https://www.googleapis.com/auth/forms.responses.readonly,3,0,0,3,1,0,1,Medium
SC-1820,Strategy J: Bool Switching of Medium Risk Combinations,"service: Forms, access_type: read, google_classification: sensitive; service: Forms, access_type: read_write, google_classification: sensitive; service: Forms, access_type: full_access, google_classification: sensitive; Offline refresh token",https://www.googleapis.com/auth/forms.body.readonly; https://www.googleapis.com/auth/forms.currentonly; https://www.googleapis.com/auth/forms.body,3,1,0,3,1,0,2,High
SC-1821,Strategy I: Low Sensitivity Service Scope Combinations Generation,"service: Forms, access_type: read_write, google_classification: sensitive; service: Forms, access_type: read, google_classification: sensitive; service: Forms, access_type: full_access, google_classification: sensitive; Online access only",https://www.googleapis.com/auth/forms; https://www.googleapis.com/auth/forms.body.readonly; https://www.googleapis.com/auth/forms.body,3,0,0,3,1,0,2,Medium
SC-1822,Strategy I: Low Sensitivity Service Scope Combinations Generation,"service: Forms, access_type: read_write, google_classification: sensitive; service: Forms, access_type: read_write, google_classification: sensitive; service: Forms, access_type: read, google_classification: sensitive; service: Forms, access_type: full_access, google_classification: sensitive; Online access only",https://www.googleapis.com/auth/forms; https://www.googleapis.com/auth/forms.currentonly; https://www.googleapis.com/auth/forms.responses.readonly; https://www.googleapis.com/auth/forms.body,3,0,0,4,1,0,2,Medium
SC-1823,Strategy J: Bool Switching of Medium Risk Combinations,"service: Forms, access_type: read, google_classification: sensitive; service: Forms, access_type: read, google_classification: sensitive; service: Forms, access_type: read_write, google_classification: sensitive; service: Forms, access_type: full_access, google_classification: sensitive; Offline refresh token",https://www.googleapis.com/auth/forms.body.readonly; https://www.googleapis.com/auth/forms.responses.readonly; https://www.googleapis.com/auth/forms.currentonly; https://www.googleapis.com/auth/forms.body,3,1,0,4,1,0,2,High
SC-1824,Strategy I: Low Sensitivity Service Scope Combinations Generation,"service: Forms, access_type: read_write, google_classification: sensitive; service: Forms, access_type: read, google_classification: sensitive; service: Forms, access_type: read_write, google_classification: sensitive; service: Forms, access_type: read, google_classification: sensitive; Online access only",https://www.googleapis.com/auth/forms; https://www.googleapis.com/auth/forms.body.readonly; https://www.googleapis.com/auth/forms.currentonly; https://www.googleapis.com/auth/forms.responses.readonly,3,0,0,4,1,0,1,Medium
SC-1825,Strategy I: Low Sensitivity Service Scope Combinations Generation,"service: Forms, access_type: read, google_classification: sensitive; service: Forms, access_type: full_access, google_classification: sensitive; Online access only",https://www.googleapis.com/auth/forms.responses.readonly; https://www.googleapis.com/auth/forms.body,3,0,0,2,1,0,2,Medium
SC-1826,Strategy I: Low Sensitivity Service Scope Combinations Generation,"service: Forms, access_type: read_write, google_classification: sensitive; service: Forms, access_type: read_write, google_classification: sensitive; Online access only",https://www.googleapis.com/auth/forms; https://www.googleapis.com/auth/forms.currentonly,3,0,0,2,1,0,1,Low
SC-1827,Strategy I: Low Sensitivity Service Scope Combinations Generation,"service: Forms, access_type: read, google_classification: sensitive; service: Forms, access_type: read, google_classification: sensitive; Online access only",https://www.googleapis.com/auth/forms.body.readonly; https://www.googleapis.com/auth/forms.responses.readonly,3,0,0,2,1,0,0,Low
SC-1828,Strategy I: Low Sensitivity Service Scope Combinations Generation,"service: Forms, access_type: read_write, google_classification: sensitive; service: Forms, access_type: read, google_classification: sensitive; Online access only",https://www.googleapis.com/auth/forms.currentonly; https://www.googleapis.com/auth/forms.responses.readonly,3,0,0,2,1,0,1,Low
SC-1829,Strategy I: Low Sensitivity Service Scope Combinations Generation,"service: Forms, access_type: read_write, google_classification: sensitive; service: Forms, access_type: read, google_classification: sensitive; service: Forms, access_type: read_write, google_classification: sensitive; Online access only",https://www.googleapis.com/auth/forms; https://www.googleapis.com/auth/forms.body.readonly; https://www.googleapis.com/auth/forms.currentonly,3,0,0,3,1,0,1,Medium
SC-1830,Strategy I: Low Sensitivity Service Scope Combinations Generation,"service: Forms, access_type: read_write, google_classification: sensitive; service: Forms, access_type: read_write, google_classification: sensitive; service: Forms, access_type: read, google_classification: sensitive; service: Forms, access_type: read, google_classification: sensitive; Online access only",https://www.googleapis.com/auth/forms.currentonly; https://www.googleapis.com/auth/forms; https://www.googleapis.com/auth/forms.body.readonly; https://www.googleapis.com/auth/forms.responses.readonly,3,0,0,4,1,0,1,Medium
SC-1831,Strategy I: Low Sensitivity Service Scope Combinations Generation,"service: Forms, access_type: read, google_classification: sensitive; service: Forms, access_type: full_access, google_classification: sensitive; service: Forms, access_type: read_write, google_classification: sensitive; service: Forms, access_type: read, google_classification: sensitive; Online access only",https://www.googleapis.com/auth/forms.body.readonly; https://www.googleapis.com/auth/forms.body; https://www.googleapis.com/auth/forms.currentonly; https://www.googleapis.com/auth/forms.responses.readonly,3,0,0,4,1,0,2,Medium
SC-1832,Strategy J: Bool Switching of Medium Risk Combinations,"service: Forms, access_type: read_write, google_classification: sensitive; service: Forms, access_type: read, google_classification: sensitive; service: Forms, access_type: full_access, google_classification: sensitive; Offline refresh token",https://www.googleapis.com/auth/forms.currentonly; https://www.googleapis.com/auth/forms.responses.readonly; https://www.googleapis.com/auth/forms.body,3,1,0,3,1,0,2,High
SC-1833,Strategy I: Low Sensitivity Service Scope Combinations Generation,"service: Slides, access_type: full_access, google_classification: sensitive; Online access only",https://www.googleapis.com/auth/presentations,3,0,0,1,1,0,2,Medium
SC-1834,Strategy I: Low Sensitivity Service Scope Combinations Generation,"service: Slides, access_type: read, google_classification: sensitive; service: Slides, access_type: full_access, google_classification: sensitive; Online access only",https://www.googleapis.com/auth/presentations.readonly; https://www.googleapis.com/auth/presentations,3,0,0,2,1,0,2,Medium
SC-1835,Strategy I: Low Sensitivity Service Scope Combinations Generation,"service: Slides, access_type: read, google_classification: sensitive; Online access only",https://www.googleapis.com/auth/presentations.readonly,3,0,0,1,1,0,0,Low
SC-1836,Strategy I: Low Sensitivity Service Scope Combinations Generation,"service: YouTube, access_type: full_access, google_classification: sensitive; Online access only",https://www.googleapis.com/auth/youtube,3,0,0,1,1,0,2,Medium
SC-1837,Strategy I: Low Sensitivity Service Scope Combinations Generation,"service: YouTube, access_type: full_access, google_classification: sensitive; service: YouTube, access_type: write, google_classification: sensitive; Online access only",https://www.googleapis.com/auth/youtube; https://www.googleapis.com/auth/youtube.upload,3,0,0,2,1,0,2,Medium
SC-1838,Strategy I: Low Sensitivity Service Scope Combinations Generation,"service: YouTube, access_type: full_access, google_classification: sensitive; service: YouTube, access_type: full_access, google_classification: sensitive; service: YouTube, access_type: write, google_classification: sensitive; Online access only",https://www.googleapis.com/auth/youtube.force-ssl; https://www.googleapis.com/auth/youtube; https://www.googleapis.com/auth/youtube.upload,3,0,0,3,1,0,2,Medium
SC-1839,Strategy I: Low Sensitivity Service Scope Combinations Generation,"service: YouTube, access_type: full_access, google_classification: sensitive; service: YouTube, access_type: write, google_classification: sensitive; service: YouTube, access_type: full_access, google_classification: sensitive; service: YouTube, access_type: read, google_classification: sensitive; Online access only",https://www.googleapis.com/auth/youtube; https://www.googleapis.com/auth/youtube.upload; https://www.googleapis.com/auth/youtubepartner; https://www.googleapis.com/auth/youtube.readonly,3,0,0,4,1,0,2,Medium
SC-1840,Strategy I: Low Sensitivity Service Scope Combinations Generation,"service: YouTube, access_type: read, google_classification: sensitive; service: YouTube, access_type: full_access, google_classification: sensitive; service: YouTube, access_type: full_access, google_classification: sensitive; service: YouTube, access_type: write, google_classification: sensitive; service: YouTube, access_type: full_access, google_classification: sensitive; Online access only",https://www.googleapis.com/auth/youtube.readonly; https://www.googleapis.com/auth/youtube.force-ssl; https://www.googleapis.com/auth/youtube; https://www.googleapis.com/auth/youtube.upload; https://www.googleapis.com/auth/youtubepartner,3,0,0,5,1,0,2,Medium
SC-1841,Strategy I: Low Sensitivity Service Scope Combinations Generation,"service: YouTube, access_type: read, google_classification: sensitive; Online access only",https://www.googleapis.com/auth/youtube.readonly,3,0,0,1,1,0,0,Low
SC-1842,Strategy J: Bool Switching of Medium Risk Combinations,"service: YouTube, access_type: full_access, google_classification: sensitive; service: YouTube, access_type: read, google_classification: sensitive; Offline refresh token",https://www.googleapis.com/auth/youtube; https://www.googleapis.com/auth/youtube.readonly,3,1,0,2,1,0,2,Medium
SC-1843,Strategy J: Bool Switching of Medium Risk Combinations,"service: YouTube, access_type: full_access, google_classification: sensitive; service: YouTube, access_type: full_access, google_classification: sensitive; service: YouTube, access_type: read, google_classification: sensitive; Offline refresh token",https://www.googleapis.com/auth/youtube.force-ssl; https://www.googleapis.com/auth/youtubepartner; https://www.googleapis.com/auth/youtube.readonly,3,1,0,3,1,0,2,High
SC-1844,Strategy I: Low Sensitivity Service Scope Combinations Generation,"service: YouTube, access_type: full_access, google_classification: sensitive; service: YouTube, access_type: write, google_classification: sensitive; service: YouTube, access_type: full_access, google_classification: sensitive; service: YouTube, access_type: read, google_classification: sensitive; Online access only",https://www.googleapis.com/auth/youtube.force-ssl; https://www.googleapis.com/auth/youtube.upload; https://www.googleapis.com/auth/youtubepartner; https://www.googleapis.com/auth/youtube.readonly,3,0,0,4,1,0,2,Medium
SC-1845,Strategy I: Low Sensitivity Service Scope Combinations Generation,"service: YouTube, access_type: write, google_classification: sensitive; Online access only",https://www.googleapis.com/auth/youtube.upload,3,0,0,1,1,0,1,Low
SC-1846,Strategy J: Bool Switching of Medium Risk Combinations,"service: YouTube, access_type: full_access, google_classification: sensitive; service: YouTube, access_type: write, google_classification: sensitive; Offline refresh token",https://www.googleapis.com/auth/youtube.force-ssl; https://www.googleapis.com/auth/youtube.upload,3,1,0,2,1,0,2,Medium
SC-1847,Strategy J: Bool Switching of Medium Risk Combinations,"service: YouTube, access_type: full_access, google_classification: sensitive; service: YouTube, access_type: write, google_classification: sensitive; service: YouTube, access_type: read, google_classification: sensitive; Offline refresh token",https://www.googleapis.com/auth/youtube; https://www.googleapis.com/auth/youtube.upload; https://www.googleapis.com/auth/youtube.readonly,3,1,0,3,1,0,2,High
SC-1848,Strategy I: Low Sensitivity Service Scope Combinations Generation,"service: YouTube, access_type: full_access, google_classification: sensitive; service: YouTube, access_type: full_access, google_classification: sensitive; service: YouTube, access_type: write, google_classification: sensitive; service: YouTube, access_type: read, google_classification: sensitive; Online access only",https://www.googleapis.com/auth/youtube.force-ssl; https://www.googleapis.com/auth/youtube; https://www.googleapis.com/auth/youtube.upload; https://www.googleapis.com/auth/youtube.readonly,3,0,0,4,1,0,2,Medium
SC-1849,Strategy I: Low Sensitivity Service Scope Combinations Generation,"service: YouTube, access_type: full_access, google_classification: sensitive; Online access only",https://www.googleapis.com/auth/youtube.force-ssl,3,0,0,1,1,0,2,Medium
SC-1850,Strategy I: Low Sensitivity Service Scope Combinations Generation,"service: YouTube, access_type: full_access, google_classification: sensitive; service: YouTube, access_type: read, google_classification: sensitive; Online access only",https://www.googleapis.com/auth/youtube.force-ssl; https://www.googleapis.com/auth/youtube.readonly,3,0,0,2,1,0,2,Medium
SC-1851,Strategy I: Low Sensitivity Service Scope Combinations Generation,"service: YouTube, access_type: full_access, google_classification: sensitive; service: YouTube, access_type: write, google_classification: sensitive; service: YouTube, access_type: read, google_classification: sensitive; Online access only",https://www.googleapis.com/auth/youtube.force-ssl; https://www.googleapis.com/auth/youtube.upload; https://www.googleapis.com/auth/youtube.readonly,3,0,0,3,1,0,2,Medium
SC-1852,Strategy I: Low Sensitivity Service Scope Combinations Generation,"service: YouTube, access_type: write, google_classification: sensitive; service: YouTube, access_type: full_access, google_classification: sensitive; service: YouTube, access_type: full_access, google_classification: sensitive; service: YouTube, access_type: full_access, google_classification: sensitive; Online access only",https://www.googleapis.com/auth/youtube.upload; https://www.googleapis.com/auth/youtube.force-ssl; https://www.googleapis.com/auth/youtube; https://www.googleapis.com/auth/youtubepartner,3,0,0,4,1,0,2,Medium
SC-1853,Strategy J: Bool Switching of Medium Risk Combinations,"service: YouTube, access_type: read, google_classification: sensitive; service: YouTube, access_type: full_access, google_classification: sensitive; service: YouTube, access_type: write, google_classification: sensitive; service: YouTube, access_type: full_access, google_classification: sensitive; service: YouTube, access_type: full_access, google_classification: sensitive; Offline refresh token",https://www.googleapis.com/auth/youtube.readonly; https://www.googleapis.com/auth/youtube.force-ssl; https://www.googleapis.com/auth/youtube.upload; https://www.googleapis.com/auth/youtube; https://www.googleapis.com/auth/youtubepartner,3,1,0,5,1,0,2,High
SC-1854,Strategy I: Low Sensitivity Service Scope Combinations Generation,"service: YouTube, access_type: full_access, google_classification: sensitive; Online access only",https://www.googleapis.com/auth/youtubepartner,3,0,0,1,1,0,2,Medium
SC-1855,Strategy I: Low Sensitivity Service Scope Combinations Generation,"service: YouTube, access_type: full_access, google_classification: sensitive; service: YouTube, access_type: read, google_classification: sensitive; Online access only",https://www.googleapis.com/auth/youtubepartner; https://www.googleapis.com/auth/youtube.readonly,3,0,0,2,1,0,2,Medium
SC-1856,Strategy I: Low Sensitivity Service Scope Combinations Generation,"service: YouTube, access_type: write, google_classification: sensitive; service: YouTube, access_type: full_access, google_classification: sensitive; service: YouTube, access_type: read, google_classification: sensitive; Online access only",https://www.googleapis.com/auth/youtube.upload; https://www.googleapis.com/auth/youtubepartner; https://www.googleapis.com/auth/youtube.readonly,3,0,0,3,1,0,2,Medium
SC-1857,Strategy J: Bool Switching of Medium Risk Combinations,"service: YouTube, access_type: full_access, google_classification: sensitive; service: YouTube, access_type: full_access, google_classification: sensitive; service: YouTube, access_type: read, google_classification: sensitive; Offline refresh token",https://www.googleapis.com/auth/youtube; https://www.googleapis.com/auth/youtubepartner; https://www.googleapis.com/auth/youtube.readonly,3,1,0,3,1,0,2,High
SC-1858,Strategy I: Low Sensitivity Service Scope Combinations Generation,"service: YouTube, access_type: full_access, google_classification: sensitive; service: YouTube, access_type: write, google_classification: sensitive; service: YouTube, access_type: full_access, google_classification: sensitive; Online access only",https://www.googleapis.com/auth/youtube; https://www.googleapis.com/auth/youtube.upload; https://www.googleapis.com/auth/youtubepartner,3,0,0,3,1,0,2,Medium
SC-1859,Strategy I: Low Sensitivity Service Scope Combinations Generation,"service: YouTube, access_type: full_access, google_classification: sensitive; service: YouTube, access_type: full_access, google_classification: sensitive; Online access only",https://www.googleapis.com/auth/youtube.force-ssl; https://www.googleapis.com/auth/youtubepartner,3,0,0,2,1,0,2,Medium
SC-1860,Strategy I: Low Sensitivity Service Scope Combinations Generation,"service: YouTube, access_type: full_access, google_classification: sensitive; service: YouTube, access_type: full_access, google_classification: sensitive; Online access only",https://www.googleapis.com/auth/youtube; https://www.googleapis.com/auth/youtubepartner,3,0,0,2,1,0,2,Medium
SC-1861,Strategy I: Low Sensitivity Service Scope Combinations Generation,"service: YouTube, access_type: full_access, google_classification: sensitive; service: YouTube, access_type: full_access, google_classification: sensitive; service: YouTube, access_type: read, google_classification: sensitive; Online access only",https://www.googleapis.com/auth/youtube.force-ssl; https://www.googleapis.com/auth/youtube; https://www.googleapis.com/auth/youtube.readonly,3,0,0,3,1,0,2,Medium
SC-1862,Strategy J: Bool Switching of Medium Risk Combinations,"service: YouTube, access_type: full_access, google_classification: sensitive; service: YouTube, access_type: full_access, google_classification: sensitive; service: YouTube, access_type: write, google_classification: sensitive; service: YouTube, access_type: full_access, google_classification: sensitive; Offline refresh token",https://www.googleapis.com/auth/youtube; https://www.googleapis.com/auth/youtube.force-ssl; https://www.googleapis.com/auth/youtube.upload; https://www.googleapis.com/auth/youtubepartner,3,1,0,4,1,0,2,High
SC-1863,Strategy J: Bool Switching of Medium Risk Combinations,"service: YouTube, access_type: full_access, google_classification: sensitive; service: YouTube, access_type: full_access, google_classification: sensitive; Offline refresh token",https://www.googleapis.com/auth/youtube.force-ssl; https://www.googleapis.com/auth/youtube,3,1,0,2,1,0,2,Medium
SC-1864,Strategy I: Low Sensitivity Service Scope Combinations Generation,"service: YouTube, access_type: full_access, google_classification: sensitive; service: YouTube, access_type: full_access, google_classification: sensitive; service: YouTube, access_type: full_access, google_classification: sensitive; service: YouTube, access_type: read, google_classification: sensitive; Online access only",https://www.googleapis.com/auth/youtube.force-ssl; https://www.googleapis.com/auth/youtube; https://www.googleapis.com/auth/youtubepartner; https://www.googleapis.com/auth/youtube.readonly,3,0,0,4,1,0,2,Medium
SC-1865,Strategy I: Low Sensitivity Service Scope Combinations Generation,"service: YouTube, access_type: write, google_classification: sensitive; service: YouTube, access_type: full_access, google_classification: sensitive; Online access only",https://www.googleapis.com/auth/youtube.upload; https://www.googleapis.com/auth/youtubepartner,3,0,0,2,1,0,2,Medium
SC-1866,Strategy I: Low Sensitivity Service Scope Combinations Generation,"service: YouTube, access_type: write, google_classification: sensitive; service: YouTube, access_type: read, google_classification: sensitive; Online access only",https://www.googleapis.com/auth/youtube.upload; https://www.googleapis.com/auth/youtube.readonly,3,0,0,2,1,0,1,Low
SC-1867,Strategy J: Bool Switching of Medium Risk Combinations,"service: YouTube, access_type: read, google_classification: sensitive; service: YouTube, access_type: full_access, google_classification: sensitive; service: YouTube, access_type: full_access, google_classification: sensitive; service: YouTube, access_type: write, google_classification: sensitive; service: YouTube, access_type: full_access, google_classification: sensitive; Offline refresh token",https://www.googleapis.com/auth/youtube.readonly; https://www.googleapis.com/auth/youtube; https://www.googleapis.com/auth/youtube.force-ssl; https://www.googleapis.com/auth/youtube.upload; https://www.googleapis.com/auth/youtubepartner,3,1,0,5,1,0,2,High
SC-1868,Strategy I: Low Sensitivity Service Scope Combinations Generation,"service: YouTube, access_type: write, google_classification: sensitive; service: YouTube, access_type: full_access, google_classification: sensitive; service: YouTube, access_type: full_access, google_classification: sensitive; service: YouTube, access_type: read, google_classification: sensitive; Online access only",https://www.googleapis.com/auth/youtube.upload; https://www.googleapis.com/auth/youtube.force-ssl; https://www.googleapis.com/auth/youtube; https://www.googleapis.com/auth/youtube.readonly,3,0,0,4,1,0,2,Medium
SC-1869,Strategy I: Low Sensitivity Service Scope Combinations Generation,"service: YouTube, access_type: full_access, google_classification: sensitive; service: YouTube, access_type: full_access, google_classification: sensitive; service: YouTube, access_type: write, google_classification: sensitive; service: YouTube, access_type: read, google_classification: sensitive; Online access only",https://www.googleapis.com/auth/youtube; https://www.googleapis.com/auth/youtube.force-ssl; https://www.googleapis.com/auth/youtube.upload; https://www.googleapis.com/auth/youtube.readonly,3,0,0,4,1,0,2,Medium
SC-1870,Strategy I: Low Sensitivity Service Scope Combinations Generation,"service: YouTube, access_type: write, google_classification: sensitive; service: YouTube, access_type: full_access, google_classification: sensitive; service: YouTube, access_type: full_access, google_classification: sensitive; Online access only",https://www.googleapis.com/auth/youtube.upload; https://www.googleapis.com/auth/youtube.force-ssl; https://www.googleapis.com/auth/youtube,3,0,0,3,1,0,2,Medium
SC-1871,Strategy I: Low Sensitivity Service Scope Combinations Generation,"service: YouTube, access_type: full_access, google_classification: sensitive; service: YouTube, access_type: full_access, google_classification: sensitive; service: YouTube, access_type: full_access, google_classification: sensitive; Online access only",https://www.googleapis.com/auth/youtube.force-ssl; https://www.googleapis.com/auth/youtube; https://www.googleapis.com/auth/youtubepartner,3,0,0,3,1,0,2,Medium
SC-1872,Strategy I: Low Sensitivity Service Scope Combinations Generation,"service: YouTube, access_type: full_access, google_classification: sensitive; service: YouTube, access_type: full_access, google_classification: sensitive; service: YouTube, access_type: write, google_classification: sensitive; Online access only",https://www.googleapis.com/auth/youtube; https://www.googleapis.com/auth/youtube.force-ssl; https://www.googleapis.com/auth/youtube.upload,3,0,0,3,1,0,2,Medium
SC-1873,Strategy J: Bool Switching of Medium Risk Combinations,"service: YouTube, access_type: full_access, google_classification: sensitive; service: YouTube, access_type: full_access, google_classification: sensitive; service: YouTube, access_type: write, google_classification: sensitive; service: YouTube, access_type: full_access, google_classification: sensitive; Offline refresh token",https://www.googleapis.com/auth/youtube.force-ssl; https://www.googleapis.com/auth/youtube; https://www.googleapis.com/auth/youtube.upload; https://www.googleapis.com/auth/youtubepartner,3,1,0,4,1,0,2,High
SC-1874,Strategy J: Bool Switching of Medium Risk Combinations,"service: YouTube, access_type: full_access, google_classification: sensitive; service: YouTube, access_type: write, google_classification: sensitive; service: YouTube, access_type: full_access, google_classification: sensitive; Offline refresh token",https://www.googleapis.com/auth/youtube.force-ssl; https://www.googleapis.com/auth/youtube.upload; https://www.googleapis.com/auth/youtubepartner,3,1,0,3,1,0,2,High
SC-1875,Strategy J: Bool Switching of Medium Risk Combinations,"service: Firebase, access_type: full_access, google_classification: sensitive; Offline refresh token",https://www.googleapis.com/auth/firebase,3,1,0,1,1,0,2,Medium
SC-1876,Strategy J: Bool Switching of Medium Risk Combinations,"service: Firebase, access_type: write, google_classification: sensitive; service: Firebase, access_type: full_access, google_classification: sensitive; Offline refresh token",https://www.googleapis.com/auth/firebase.messaging; https://www.googleapis.com/auth/firebase,3,1,0,2,1,0,2,Medium
SC-1877,Strategy I: Low Sensitivity Service Scope Combinations Generation,"service: Firebase, access_type: read, google_classification: sensitive; Online access only",https://www.googleapis.com/auth/firebase.readonly,3,0,0,1,1,0,0,Low
SC-1878,Strategy I: Low Sensitivity Service Scope Combinations Generation,"service: Firebase, access_type: read, google_classification: sensitive; service: Firebase, access_type: write, google_classification: sensitive; Online access only",https://www.googleapis.com/auth/firebase.readonly; https://www.googleapis.com/auth/firebase.messaging,3,0,0,2,1,0,1,Low
SC-1879,Strategy I: Low Sensitivity Service Scope Combinations Generation,"service: Firebase, access_type: full_access, google_classification: sensitive; service: Firebase, access_type: read, google_classification: sensitive; service: Firebase, access_type: write, google_classification: sensitive; Online access only",https://www.googleapis.com/auth/firebase; https://www.googleapis.com/auth/firebase.readonly; https://www.googleapis.com/auth/firebase.messaging,3,0,0,3,1,0,2,Medium
SC-1880,Strategy I: Low Sensitivity Service Scope Combinations Generation,"service: Firebase, access_type: write, google_classification: sensitive; Online access only",https://www.googleapis.com/auth/firebase.messaging,3,0,0,1,1,0,1,Low
SC-1881,Strategy I: Low Sensitivity Service Scope Combinations Generation,"service: Firebase, access_type: full_access, google_classification: sensitive; service: Firebase, access_type: write, google_classification: sensitive; Online access only",https://www.googleapis.com/auth/firebase; https://www.googleapis.com/auth/firebase.messaging,3,0,0,2,1,0,2,Medium
SC-1882,Strategy I: Low Sensitivity Service Scope Combinations Generation,"service: Firebase, access_type: read, google_classification: sensitive; service: Firebase, access_type: full_access, google_classification: sensitive; Online access only",https://www.googleapis.com/auth/firebase.readonly; https://www.googleapis.com/auth/firebase,3,0,0,2,1,0,2,Medium
SC-1883,Strategy I: Low Sensitivity Service Scope Combinations Generation,"service: Apps Script, access_type: write, google_classification: sensitive; Online access only",https://www.googleapis.com/auth/script.projects,3,0,0,1,1,0,1,Low
SC-1884,Strategy I: Low Sensitivity Service Scope Combinations Generation,"service: Apps Script, access_type: write, google_classification: sensitive; service: Apps Script, access_type: read, google_classification: sensitive; Online access only",https://www.googleapis.com/auth/script.projects; https://www.googleapis.com/auth/script.projects.readonly,3,0,0,2,1,0,1,Low
SC-1885,Strategy I: Low Sensitivity Service Scope Combinations Generation,"service: Apps Script, access_type: write, google_classification: sensitive; service: Apps Script, access_type: read, google_classification: sensitive; service: Apps Script, access_type: write, google_classification: sensitive; Online access only",https://www.googleapis.com/auth/script.projects; https://www.googleapis.com/auth/script.projects.readonly; https://www.googleapis.com/auth/script.deployments,3,0,0,3,1,0,1,Medium
SC-1886,Strategy I: Low Sensitivity Service Scope Combinations Generation,"service: Apps Script, access_type: read, google_classification: sensitive; Online access only",https://www.googleapis.com/auth/script.projects.readonly,3,0,0,1,1,0,0,Low
SC-1887,Strategy J: Bool Switching of Medium Risk Combinations,"service: Apps Script, access_type: write, google_classification: sensitive; service: Apps Script, access_type: read, google_classification: sensitive; service: Apps Script, access_type: write, google_classification: sensitive; Offline refresh token",https://www.googleapis.com/auth/script.deployments; https://www.googleapis.com/auth/script.projects.readonly; https://www.googleapis.com/auth/script.projects,3,1,0,3,1,0,1,Medium
SC-1888,Strategy I: Low Sensitivity Service Scope Combinations Generation,"service: Apps Script, access_type: write, google_classification: sensitive; Online access only",https://www.googleapis.com/auth/script.deployments,3,0,0,1,1,0,1,Low
SC-1889,Strategy I: Low Sensitivity Service Scope Combinations Generation,"service: Apps Script, access_type: write, google_classification: sensitive; service: Apps Script, access_type: read, google_classification: sensitive; Online access only",https://www.googleapis.com/auth/script.deployments; https://www.googleapis.com/auth/script.projects.readonly,3,0,0,2,1,0,1,Low
SC-1890,Strategy I: Low Sensitivity Service Scope Combinations Generation,"service: Apps Script, access_type: write, google_classification: sensitive; service: Apps Script, access_type: write, google_classification: sensitive; service: Apps Script, access_type: read, google_classification: sensitive; Online access only",https://www.googleapis.com/auth/script.deployments; https://www.googleapis.com/auth/script.projects; https://www.googleapis.com/auth/script.projects.readonly,3,0,0,3,1,0,1,Medium
SC-1891,Strategy I: Low Sensitivity Service Scope Combinations Generation,"service: Apps Script, access_type: write, google_classification: sensitive; service: Apps Script, access_type: write, google_classification: sensitive; Online access only",https://www.googleapis.com/auth/script.deployments; https://www.googleapis.com/auth/script.projects,3,0,0,2,1,0,1,Low
SC-1892,Strategy I: Low Sensitivity Service Scope Combinations Generation,"service: Apps Script, access_type: write, google_classification: sensitive; service: Apps Script, access_type: write, google_classification: sensitive; Online access only",https://www.googleapis.com/auth/script.projects; https://www.googleapis.com/auth/script.deployments,3,0,0,2,1,0,1,Low
SC-1893,Strategy J: Bool Switching of Medium Risk Combinations,"service: Groups, access_type: full_access, google_classification: sensitive; Offline refresh token",https://www.googleapis.com/auth/groups,3,1,0,1,1,0,2,Medium
